uid,domainID,siteID,namedLocation,decimalLatitude,decimalLongitude,coordinateUncertainty,geodeticDatum,elevation,elevationUncertainty,aquaticSiteType,collectDate,eventID,boutNumber,sampleID,sampleCode,sampleCondition,geneticSampleID,geneticSampleCode,geneticSampleCond,samplingProtocolVersion,samplingImpractical,biophysicalCriteria,habitatType,samplerType,sampleNumber,substratumSizeClass,benthicArea,ponarDepth,snagLength,snagDiameter,dnaSnagLength,dnaSnagDiameter,remarks,recordedBy,collectedBy,dataQF
"4361b807-0c3c-4142-9915-980735f287ee","D08","MAYF","MAYF.AOS.reach",32.960365,-87.407688,1000.0,"WGS84",76.7,1000.0,"stream","2021-03-15T14:05Z","MAYF.20210315",1,"MAYF.20210315.CORE.1","A00000232557",,,,,"NEON.DOC.003046vE",,"OK - no known exceptions","run","core",1,"sand",0.006,,,,,,,"0000-0003-1224-3096","0000-0003-1224-3096",
"a657bc9c-c077-458b-99f9-f864f5d3a335","D08","MAYF","MAYF.AOS.reach",32.960365,-87.407688,1000.0,"WGS84",76.7,1000.0,"stream","2021-03-15T14:05Z","MAYF.20210315",1,"MAYF.20210315.SNAG.3","A00000232551",,"MAYF.20210315.SNAG.3.ARC","A00000232558",,"NEON.DOC.003046vE",,"OK - no known exceptions","riffle","snag",3,"sand",0.054,,48.00,3.60,40.20,3.40,,"0000-0003-1224-3096","0000-0003-1224-3096",
"9fa09e62-9e18-4d6c-b23e-e944a1a925f5","D08","MAYF","MAYF.AOS.reach",32.960365,-87.407688,1000.0,"WGS84",76.7,1000.0,"stream","2021-03-15T14:05Z","MAYF.20210315",1,"MAYF.20210315.CORE.3","A00000232553",,,,,"NEON.DOC.003046vE",,"OK - no known exceptions","run","core",3,"sand",0.006,,,,,,,"0000-0003-1224-3096","0000-0003-1224-3096",
"9b8d1c5c-d1e4-484d-9ee9-a2e33c86752d","D08","MAYF","MAYF.AOS.reach",32.960365,-87.407688,1000.0,"WGS84",76.7,1000.0,"stream","2021-03-15T14:05Z","MAYF.20210315",1,"MAYF.20210315.CORE.2","A00000232550",,,,,"NEON.DOC.003046vE",,"OK - no known exceptions","run","core",2,"sand",0.006,,,,,,,"0000-0003-1224-3096","0000-0003-1224-3096",
"eb968f11-79ce-4e2f-b46a-3c866ff975a6","D08","MAYF","MAYF.AOS.reach",32.960365,-87.407688,1000.0,"WGS84",76.7,1000.0,"stream","2021-03-15T14:05Z","MAYF.20210315",1,"MAYF.20210315.SNAG.1","A00000232547",,"MAYF.20210315.SNAG.1.ARC","A00000232546",,"NEON.DOC.003046vE",,"OK - no known exceptions","riffle","snag",1,"sand",0.037,,51.00,2.30,55.00,4.00,,"0000-0003-1224-3096","0000-0003-1224-3096",
"87697b7f-9b31-4021-b5d3-6da31a5e0844","D08","MAYF","MAYF.AOS.reach",32.960365,-87.407688,1000.0,"WGS84",76.7,1000.0,"stream","2021-03-15T14:05Z","MAYF.20210315",1,"MAYF.20210315.SNAG.2","A00000232549",,"MAYF.20210315.SNAG.2.ARC","A00000232548",,"NEON.DOC.003046vE",,"OK - no known exceptions","riffle","snag",2,"sand",0.051,,48.00,3.40,55.60,3.20,"Riparian 3.","0000-0003-1224-3096","0000-0003-1224-3096",
"c4ee070c-7b89-4163-93c8-b3c2f57f233a","D08","MAYF","MAYF.AOS.reach",32.960365,-87.407688,1000.0,"WGS84",76.7,1000.0,"stream","2021-03-15T14:05Z","MAYF.20210315",1,"MAYF.20210315.SNAG.4","A00000232559",,,,,"NEON.DOC.003046vE",,"OK - no known exceptions","riffle","snag",4,"sand",0.058,,46.00,4.00,,,,"0000-0003-1224-3096","0000-0003-1224-3096",
"d129af0c-70c3-407e-8109-f54d9b2068ca","D08","MAYF","MAYF.AOS.reach",32.960365,-87.407688,1000.0,"WGS84",76.7,1000.0,"stream","2021-03-15T14:05Z","MAYF.20210315",1,"MAYF.20210315.SNAG.5","A00000232554",,,,,"NEON.DOC.003046vE",,"OK - no known exceptions","riffle","snag",5,"sand",0.049,,48.40,3.20,,,,"0000-0003-1224-3096","0000-0003-1224-3096",
