uid,domainID,siteID,namedLocation,collectDate,sortDate,qcSortDate,sampleID,sampleCode,mixedInvertVialID,mixedInvertVialCode,chironomidVialID,chironomidVialCode,oligochaeteVialID,oligochaeteVialCode,largeInvertVialID,largeInvertVialCode,testProtocolVersion,primaryMatrix,preRinseVolume,postRinseVolume,subsamplePercent,qcSortingEfficacy,qcIterationCount,qcPercentSimilarity,laboratoryName,sortedBy,qcSortedBy,benchRemarks,dataQF,qcEnumerationDifference,qcTaxonomicDifference
"19272b95-7ff7-40b3-8d7e-d5e0055a83bd","D08","MAYF","MAYF.AOS.reach","2021-03-15T14:05Z","2021-04-16","2021-04-16","MAYF.20210315.CORE.2","A00000232550","MAYF.20210315.CORE.2",,"BA21NEOMST01007C",,,,"BA21NEOMST01007LR",,"RHITHRON_Macroinvertebrate_Identification_Revision1","fine organic",,,100.0,100.0,1,,"Rhithron Associates, Inc.","XlCRh6Ap9QNgux7KJv6yrw==","jrNz6zwqS3Q=",,,,
"3c406259-f525-4f26-9c74-307e918bc3c1","D08","MAYF","MAYF.AOS.reach","2021-03-15T14:05Z","2021-04-16","2021-04-16","MAYF.20210315.SNAG.5","A00000232554","MAYF.20210315.SNAG.5",,"BA21NEOMST01001C",,,,"BA21NEOMST01001LR",,"RHITHRON_Macroinvertebrate_Identification_Revision1","fine organic",,,100.0,98.7,1,,"Rhithron Associates, Inc.","egCH3wedmfhvZrvQbyFP8Q==","jrNz6zwqS3Q=",,,,
"8f667e06-86e2-4192-a4cc-184f828b0a36","D08","MAYF","MAYF.AOS.reach","2021-03-15T14:05Z","2021-04-15","2021-04-20","MAYF.20210315.SNAG.1","A00000232547","MAYF.20210315.SNAG.1",,"BA21NEOMST01005C",,,,"BA21NEOMST01005LR",,"RHITHRON_Macroinvertebrate_Identification_Revision1","fine organic",,,100.0,100.0,1,,"Rhithron Associates, Inc.","jrNz6zwqS3Q=","kcNHfEa00olgOMivYV39aQ==",,,,
"0a08432f-f106-444a-9e85-4e03af7a4c9d","D08","MAYF","MAYF.AOS.reach","2021-03-15T14:05Z","2021-04-16","2021-04-16","MAYF.20210315.SNAG.2","A00000232549","MAYF.20210315.SNAG.2",,"BA21NEOMST01004C",,,,"BA21NEOMST01004LR",,"RHITHRON_Macroinvertebrate_Identification_Revision1","fine organic",,,100.0,82.2,4,,"Rhithron Associates, Inc.","3hsarqkn53DnTHf+v6UBHA==","jrNz6zwqS3Q=",,,0.9,2.6
"f373f169-54e6-41b8-915f-7574f4409583","D08","MAYF","MAYF.AOS.reach","2021-03-15T14:05Z","2021-04-16","2021-04-20","MAYF.20210315.CORE.1","A00000232557","MAYF.20210315.CORE.1",,"BA21NEOMST01008C",,,,"BA21NEOMST01008LR",,"RHITHRON_Macroinvertebrate_Identification_Revision1","other (specified in remarks)",,,100.0,100.0,4,,"Rhithron Associates, Inc.","jrNz6zwqS3Q=","kcNHfEa00olgOMivYV39aQ==","fine inorganic",,,
"77c04428-5186-43f1-aac2-43e7a76b4c6d","D08","MAYF","MAYF.AOS.reach","2021-03-15T14:05Z","2021-04-15","2021-04-15","MAYF.20210315.SNAG.4","A00000232559","MAYF.20210315.SNAG.4",,"BA21NEOMST01002C",,,,"BA21NEOMST01002LR",,"RHITHRON_Macroinvertebrate_Identification_Revision1","fine organic",,,100.0,100.0,1,,"Rhithron Associates, Inc.","WO1ROMpMI5UERdFobeLniw==","jrNz6zwqS3Q=",,,,
"d5846062-03d1-491d-8eef-8e740a06fe72","D08","MAYF","MAYF.AOS.reach","2021-03-15T14:05Z","2021-04-15","2021-04-15","MAYF.20210315.SNAG.3","A00000232551","MAYF.20210315.SNAG.3",,"BA21NEOMST01003C",,,,"BA21NEOMST01003LR",,"RHITHRON_Macroinvertebrate_Identification_Revision1","fine organic",,,100.0,100.0,1,,"Rhithron Associates, Inc.","LOdFES9HN1w=","jrNz6zwqS3Q=",,,,
"182fc443-ada5-4063-ac61-4ec5c2f4c654","D08","MAYF","MAYF.AOS.reach","2021-03-15T14:05Z","2021-04-16","2021-04-16","MAYF.20210315.CORE.3","A00000232553","MAYF.20210315.CORE.3",,"BA21NEOMST01006C",,,,"BA21NEOMST01006LR",,"RHITHRON_Macroinvertebrate_Identification_Revision1","other (specified in remarks)",,,100.0,100.0,1,,"Rhithron Associates, Inc.","kcNHfEa00olgOMivYV39aQ==","jrNz6zwqS3Q=","fine inorganic",,,
