uid,domainID,siteID,namedLocation,startDate,collectDate,sampleID,sampleCode,slideID,slideCode,scientificName,morphospeciesID,referenceCount,referenceID,referenceCode,archiveLabSampleMedium,laboratoryName,dataQF
"d9a283ec-c966-4c8d-8d72-5c0595455897","D08","MAYF","MAYF.AOS.reach","2019-11-14T14:56Z","2019-11-14T14:56Z","MAYF.20191114.SNAG.4","A00000145489",,,"Anisocentropus sp.",,1,"V376",,,"Rhithron Associates, Inc.",
"783804bb-0dcf-47b7-b26f-d02004a2a43e","D08","MAYF","MAYF.AOS.reach","2019-11-14T14:56Z","2019-11-14T14:56Z","MAYF.20191114.SNAG.2","A00000145486",,,"Stilocladius sp.",,1,"C185",,,"Rhithron Associates, Inc.",
"fd086125-f0cd-4f2f-8e92-c418deb688cf","D08","MAYF","MAYF.AOS.reach","2019-11-14T14:56Z","2019-11-14T14:56Z","MAYF.20191114.SNAG.1","A00000145470",,,"Xestochironomus sp.",,1,"C184",,,"Rhithron Associates, Inc.",
"a3670126-6773-4e63-9d39-9ae98b64aef8","D08","MAYF","MAYF.AOS.reach","2019-11-14T14:56Z","2019-11-14T14:56Z","MAYF.20191114.SNAG.3","A00000145471",,,"Unniella multivirga",,1,"C186",,,"Rhithron Associates, Inc.",
"1af8595f-7a6a-4451-be59-decf18f72499","D08","MAYF","MAYF.AOS.reach","2019-11-14T14:56Z","2019-11-14T14:56Z","MAYF.20191114.SNAG.4","A00000145489",,,"Perlinella sp.",,1,"V377",,,"Rhithron Associates, Inc.",
