uid,domainID,siteID,namedLocation,collectDate,sortDate,qcSortDate,sampleID,sampleCode,mixedInvertVialID,mixedInvertVialCode,chironomidVialID,chironomidVialCode,oligochaeteVialID,oligochaeteVialCode,largeInvertVialID,largeInvertVialCode,testProtocolVersion,primaryMatrix,preRinseVolume,postRinseVolume,subsamplePercent,qcSortingEfficacy,qcIterationCount,qcPercentSimilarity,laboratoryName,sortedBy,qcSortedBy,benchRemarks,dataQF,qcEnumerationDifference,qcTaxonomicDifference
"f359d707-f8c7-4edb-9666-0f9d87e598de","D08","MAYF","MAYF.AOS.reach","2019-11-14T14:56Z","2020-06-10","2020-06-12","MAYF.20191114.SNAG.3","A00000145471","MAYF.20191114.SNAG.3",,,,,,,,"RHITHRON_Macroinvertebrate_Identification_Revision1","fine organic",,,100.0,94.1,4,,"Rhithron Associates, Inc.","LOdFES9HN1w=","WO1ROMpMI5UERdFobeLniw==",,,,
"98ddbbda-22b4-42fb-8b1f-02bd8beb77b5","D08","MAYF","MAYF.AOS.reach","2019-11-14T14:56Z","2020-06-10","2020-06-12","MAYF.20191114.CORE.2","A00000145472","MAYF.20191114.CORE.2",,,,,,,,"RHITHRON_Macroinvertebrate_Identification_Revision1","fine organic",,,100.0,100.0,1,,"Rhithron Associates, Inc.","yZFSmq1jJzE=","WO1ROMpMI5UERdFobeLniw==",,,,
"8fe9c53a-7fd4-4865-b368-38f7c1923665","D08","MAYF","MAYF.AOS.reach","2019-11-14T14:56Z","2020-06-09","2020-06-12","MAYF.20191114.CORE.1","A00000145488","MAYF.20191114.CORE.1",,,,,,,,"RHITHRON_Macroinvertebrate_Identification_Revision1","other (specified in remarks)",,,100.0,100.0,1,,"Rhithron Associates, Inc.","kcNHfEa00olgOMivYV39aQ==","WO1ROMpMI5UERdFobeLniw==","fine inorganic",,,
"3150a2e6-14e9-4625-8909-93b4d8f96506","D08","MAYF","MAYF.AOS.reach","2019-11-14T14:56Z","2020-06-11","2020-06-12","MAYF.20191114.SNAG.2","A00000145486","MAYF.20191114.SNAG.2",,,,,,,,"RHITHRON_Macroinvertebrate_Identification_Revision1","other (specified in remarks)",,,100.0,94.7,1,,"Rhithron Associates, Inc.","FtcfAjYRHgtys5Ba7LiLag==","WO1ROMpMI5UERdFobeLniw==","fine inorganic",,,
"32486bf0-6eed-4a6f-9ae6-d8a95a327d27","D08","MAYF","MAYF.AOS.reach","2019-11-14T14:56Z","2020-06-10","2020-06-15","MAYF.20191114.SNAG.4","A00000145489","MAYF.20191114.SNAG.4",,,,,,,,"RHITHRON_Macroinvertebrate_Identification_Revision1","fine organic",,,100.0,98.7,1,,"Rhithron Associates, Inc.","jrNz6zwqS3Q=","kcNHfEa00olgOMivYV39aQ==",,,,
"44f22efc-0a50-4c97-ac57-cf3a3cef26d7","D08","MAYF","MAYF.AOS.reach","2019-11-14T14:56Z","2020-06-10","2020-06-15","MAYF.20191114.SNAG.5","A00000145474","MAYF.20191114.SNAG.5",,,,,,,,"RHITHRON_Macroinvertebrate_Identification_Revision1","coarse organic",,,100.0,100.0,1,,"Rhithron Associates, Inc.","egCH3wedmfhvZrvQbyFP8Q==","kcNHfEa00olgOMivYV39aQ==",,,,
"503c1846-40e1-4657-aa1b-44e81dd7bcbf","D08","MAYF","MAYF.AOS.reach","2019-11-14T14:56Z","2020-06-10","2020-06-12","MAYF.20191114.CORE.3","A00000145473","MAYF.20191114.CORE.3",,,,,,,,"RHITHRON_Macroinvertebrate_Identification_Revision1","coarse organic",,,100.0,100.0,1,,"Rhithron Associates, Inc.","XlCRh6Ap9QNgux7KJv6yrw==","WO1ROMpMI5UERdFobeLniw==",,,,
"5c04be93-0ca6-4949-ad1f-2eb77dcb83a9","D08","MAYF","MAYF.AOS.reach","2019-11-14T14:56Z","2020-06-10","2020-06-12","MAYF.20191114.SNAG.1","A00000145470","MAYF.20191114.SNAG.1",,,,,,,,"RHITHRON_Macroinvertebrate_Identification_Revision1","fine organic",,,100.0,100.0,1,,"Rhithron Associates, Inc.","WO1ROMpMI5UERdFobeLniw==","kcNHfEa00olgOMivYV39aQ==",,,,
