uid,domainID,siteID,namedLocation,decimalLatitude,decimalLongitude,coordinateUncertainty,geodeticDatum,elevation,elevationUncertainty,aquaticSiteType,collectDate,eventID,boutNumber,sampleID,sampleCode,sampleCondition,geneticSampleID,geneticSampleCode,geneticSampleCond,samplingProtocolVersion,samplingImpractical,biophysicalCriteria,habitatType,samplerType,sampleNumber,substratumSizeClass,benthicArea,ponarDepth,snagLength,snagDiameter,dnaSnagLength,dnaSnagDiameter,remarks,recordedBy,collectedBy,dataQF
"f8e932e3-abd1-4582-b37c-c057142c79ee","D08","MAYF","MAYF.AOS.reach",32.960365,-87.407688,1000.0,"WGS84",76.7,1000.0,"stream","2019-11-14T14:56Z","MAYF.20191114",3,"MAYF.20191114.CORE.2","A00000145472",,,,,"NEON.DOC.003046vC",,,"run","core",2,"sand",0.006,,,,,,,"0000-0002-4194-7642","0000-0003-1561-0904",
"4fce498c-35c3-4a51-89c0-da527233d469","D08","MAYF","MAYF.AOS.reach",32.960365,-87.407688,1000.0,"WGS84",76.7,1000.0,"stream","2019-11-14T14:56Z","MAYF.20191114",3,"MAYF.20191114.SNAG.3","A00000145471",,"MAYF.20191114.SNAG.3.DNA","A00000145487",,"NEON.DOC.003046vC",,,"run","snag",3,"sand",0.191,,87.00,7.00,49.00,3.50,,"0000-0002-4194-7642","0000-0003-1561-0904",
"ead850ea-fea2-481a-b219-c3d9ea0cbafc","D08","MAYF","MAYF.AOS.reach",32.960365,-87.407688,1000.0,"WGS84",76.7,1000.0,"stream","2019-11-14T14:56Z","MAYF.20191114",3,"MAYF.20191114.SNAG.2","A00000145486",,"MAYF.20191114.SNAG.2.DNA","A00000145485",,"NEON.DOC.003046vC",,,"riffle","snag",2,"sand",0.154,,98.00,5.00,63.00,7.00,,"0000-0002-4194-7642","0000-0003-1561-0904",
"3e791fc6-7770-49de-886c-87a6d03d603e","D08","MAYF","MAYF.AOS.reach",32.960365,-87.407688,1000.0,"WGS84",76.7,1000.0,"stream","2019-11-14T14:56Z","MAYF.20191114",3,"MAYF.20191114.CORE.3","A00000145473",,,,,"NEON.DOC.003046vC",,,"run","core",3,"sand",0.006,,,,,,,"0000-0002-4194-7642","0000-0003-1561-0904",
"db838bb0-8495-40a9-8dce-8c57e2e3bdc8","D08","MAYF","MAYF.AOS.reach",32.960365,-87.407688,1000.0,"WGS84",76.7,1000.0,"stream","2019-11-14T14:56Z","MAYF.20191114",3,"MAYF.20191114.SNAG.1","A00000145470",,"MAYF.20191114.SNAG.1.DNA","A00000145469",,"NEON.DOC.003046vC",,,"riffle","snag",1,"sand",0.060,,48.00,4.00,103.00,3.00,,"0000-0002-4194-7642","0000-0003-1561-0904",
"6b2d261f-eb68-4d70-ba17-c6eacf9d2129","D08","MAYF","MAYF.AOS.reach",32.960365,-87.407688,1000.0,"WGS84",76.7,1000.0,"stream","2019-11-14T14:56Z","MAYF.20191114",3,"MAYF.20191114.SNAG.4","A00000145489",,,,,"NEON.DOC.003046vC",,,"riffle","snag",4,"sand",0.071,,75.00,3.00,,,,"0000-0002-4194-7642","0000-0003-1561-0904",
"fb7d236e-ff67-46bb-92b3-8011e20ad051","D08","MAYF","MAYF.AOS.reach",32.960365,-87.407688,1000.0,"WGS84",76.7,1000.0,"stream","2019-11-14T14:56Z","MAYF.20191114",3,"MAYF.20191114.SNAG.5","A00000145474",,,,,"NEON.DOC.003046vC",,,"riffle","snag",5,"sand",0.102,,81.00,4.00,,,,"0000-0002-4194-7642","0000-0003-1561-0904",
"a4dc78ca-fe54-473d-a85a-ab0b52e4dd58","D08","MAYF","MAYF.AOS.reach",32.960365,-87.407688,1000.0,"WGS84",76.7,1000.0,"stream","2019-11-14T14:56Z","MAYF.20191114",3,"MAYF.20191114.CORE.1","A00000145488",,,,,"NEON.DOC.003046vC",,,"run","core",1,"sand",0.006,,,,,,,"0000-0002-4194-7642","0000-0003-1561-0904",
