uid,domainID,siteID,namedLocation,collectDate,sortDate,qcSortDate,sampleID,sampleCode,mixedInvertVialID,mixedInvertVialCode,chironomidVialID,chironomidVialCode,oligochaeteVialID,oligochaeteVialCode,largeInvertVialID,largeInvertVialCode,testProtocolVersion,primaryMatrix,preRinseVolume,postRinseVolume,subsamplePercent,qcSortingEfficacy,qcIterationCount,qcPercentSimilarity,laboratoryName,sortedBy,qcSortedBy,benchRemarks,dataQF,qcEnumerationDifference,qcTaxonomicDifference
"c06746ad-fc0f-4929-a28a-3be15577aebf","D08","MAYF","MAYF.AOS.reach","2017-07-18T14:51Z","2018-01-08","2018-01-09","MAYF.20170718.SNAG.5",,"MAYF.20170718.SNAG.5",,,,,,,,"ECOANALYSTS_Macroinvertebrate_Identification_Revision4","fine organic",,,100.0,100.0,1,,"EcoAnalysts Inc.","CBtXit/4I2Wo31ut9nAUtQ==","uHoo3kTsBG4=",,,,
"4b7800f5-d2ff-4a8e-9cda-a1082a9ea124","D08","MAYF","MAYF.AOS.reach","2017-07-18T14:51Z","2018-01-05","2018-01-08","MAYF.20170718.SNAG.2",,"MAYF.20170718.SNAG.2",,,,,,,,"ECOANALYSTS_Macroinvertebrate_Identification_Revision4","fine organic",,,100.0,96.9,1,,"EcoAnalysts Inc.","CBtXit/4I2Wo31ut9nAUtQ==","uHoo3kTsBG4=",,,1.5,7.4
"37c0dc31-ead2-46d5-8ac0-214a5ad1afdb","D08","MAYF","MAYF.AOS.reach","2017-07-18T14:51Z","2018-01-04","2018-01-08","MAYF.20170718.SNAG.1",,"MAYF.20170718.SNAG.1",,,,,,,,"ECOANALYSTS_Macroinvertebrate_Identification_Revision4","fine organic",,,100.0,98.3,1,,"EcoAnalysts Inc.","CBtXit/4I2Wo31ut9nAUtQ==","uHoo3kTsBG4=",,,,
"f1c66402-0e18-442e-9bd3-b80e3951e3bd","D08","MAYF","MAYF.AOS.reach","2017-07-18T14:51Z","2018-01-08","2018-01-09","MAYF.20170718.SNAG.4",,"MAYF.20170718.SNAG.4",,,,,,,,"ECOANALYSTS_Macroinvertebrate_Identification_Revision4","fine organic",,,100.0,100.0,1,,"EcoAnalysts Inc.","pOEkMiK23Js6oQ5QN8ELrQ==","BiR1PG3qYHnG+SNIMM2WVA==",,,,
"6fe8e4a7-4b98-4386-a835-d6a4e3a85fea","D08","MAYF","MAYF.AOS.reach","2017-07-18T14:51Z","2018-01-08","2018-01-09","MAYF.20170718.SNAG.3",,"MAYF.20170718.SNAG.3",,,,,,,,"ECOANALYSTS_Macroinvertebrate_Identification_Revision4","fine organic",,,100.0,97.1,1,,"EcoAnalysts Inc.","CBtXit/4I2Wo31ut9nAUtQ==","BiR1PG3qYHnG+SNIMM2WVA==",,,,
"e4a05174-c4ba-4ca9-801e-9cd598db813f","D08","MAYF","MAYF.AOS.reach","2017-07-20T14:37Z","2018-01-08","2018-01-09","MAYF.20170720.CORE.2",,"MAYF.20170720.CORE.2",,,,,,,,"ECOANALYSTS_Macroinvertebrate_Identification_Revision4","other (specified in remarks)",,,100.0,100.0,1,,"EcoAnalysts Inc.","pOEkMiK23Js6oQ5QN8ELrQ==","BiR1PG3qYHnG+SNIMM2WVA==","Primary Matrix is Inorganic",,,
"a43cbd47-8aee-425d-b52f-bd57261ce0bc","D08","MAYF","MAYF.AOS.reach","2017-07-20T14:37Z","2018-04-19","2018-04-24","MAYF.20170720.CORE.2",,"MAYF.20170720.CORE.2",,,,,,,,"ECOANALYSTS_Macroinvertebrate_Identification_Revision4","fine organic",0.02,0.02,100.0,100.0,2,,"EcoAnalysts Inc.","gEqrl/7gTgHVxG4vhU3kcg==","CBtXit/4I2Wo31ut9nAUtQ==",,,,
"c0d21be7-fea6-44eb-a02d-cb43b9fd52f7","D08","MAYF","MAYF.AOS.reach","2017-07-20T14:37Z","2018-04-19","2018-04-24","MAYF.20170720.CORE.1",,"MAYF.20170720.CORE.1",,,,,,,,"ECOANALYSTS_Macroinvertebrate_Identification_Revision4","other (specified in remarks)",0.02,0.01,100.0,100.0,2,,"EcoAnalysts Inc.","1vcFwuCrweea3e6drzmsAw==","CBtXit/4I2Wo31ut9nAUtQ==","Primary matrix is inorganic",,0.0,16.7
"46a9bfaa-9052-4e4b-9196-cfefa7011dac","D08","MAYF","MAYF.AOS.reach","2017-07-20T14:37Z","2018-04-19","2018-04-24","MAYF.20170720.CORE.3",,"MAYF.20170720.CORE.3",,,,,,,,"ECOANALYSTS_Macroinvertebrate_Identification_Revision4","fine organic",0.01,0.01,100.0,100.0,1,,"EcoAnalysts Inc.","7fjBP78Guy6YsiMxuAF1NQ==","CBtXit/4I2Wo31ut9nAUtQ==","E=0.005 sand",,,
"ce417566-6bd0-4493-b02c-291811a0e94c","D08","MAYF","MAYF.AOS.reach","2017-07-20T14:37Z","2018-01-08","2018-01-09","MAYF.20170720.CORE.1",,"MAYF.20170720.CORE.1",,,,,,,,"ECOANALYSTS_Macroinvertebrate_Identification_Revision4","other (specified in remarks)",,,100.0,100.0,1,,"EcoAnalysts Inc.","CBtXit/4I2Wo31ut9nAUtQ==","BiR1PG3qYHnG+SNIMM2WVA==","Primary Matrix is Inorganic",,0.0,16.7
"5f123185-7c7b-42ec-a506-39661ff590c2","D08","MAYF","MAYF.AOS.reach","2017-07-20T14:37Z","2018-01-08","2018-01-09","MAYF.20170720.CORE.3",,"MAYF.20170720.CORE.3",,,,,,,,"ECOANALYSTS_Macroinvertebrate_Identification_Revision4","fine organic",,,100.0,100.0,1,,"EcoAnalysts Inc.","CBtXit/4I2Wo31ut9nAUtQ==","uHoo3kTsBG4=",,,,
