uid,domainID,siteID,namedLocation,startDate,collectDate,sampleID,sampleCode,slideID,slideCode,scientificName,morphospeciesID,referenceCount,referenceID,referenceCode,archiveLabSampleMedium,laboratoryName,dataQF
"6ed393dd-4c1f-4f8b-ace1-3ac06fef42f8","D08","MAYF","MAYF.AOS.reach","2017-07-18T14:51Z","2017-07-18T14:51Z","MAYF.20170718.SNAG.4",,,,"Collembola sp.",,1,"MAYF.20170718.SNAG.4.COLLEMBOLA SP.",,,"EcoAnalysts Inc.",
"bc32add6-404e-4341-bcde-24024f0d568b","D08","MAYF","MAYF.AOS.reach","2017-07-18T14:51Z","2017-07-18T14:51Z","MAYF.20170718.SNAG.2",,,,"Nematoda sp.",,1,"MAYF.20170718.SNAG.2.NEMATODA SP.",,,"EcoAnalysts Inc.",
"12f13250-5081-4a26-b011-f46f3317cfd7","D08","MAYF","MAYF.AOS.reach","2017-07-18T14:51Z","2017-07-18T14:51Z","MAYF.20170718.SNAG.1",,,,"Forcipomyiinae sp.",,1,"MAYF.20170718.SNAG.1.FORCIPOMYIINAE SP.",,,"EcoAnalysts Inc.",
"d62bcd3f-24a4-48c4-ae21-afa8711b2a22","D08","MAYF","MAYF.AOS.reach","2017-07-18T14:51Z","2017-07-18T14:51Z","MAYF.20170718.SNAG.1",,,,"Ancyronyx variegata",,2,"MAYF.20170718.SNAG.1.ANCYRONYX VARIEGATUS",,,"EcoAnalysts Inc.",
"b0848bb3-e0d5-4523-bfac-23d2eb1e02e5","D08","MAYF","MAYF.AOS.reach","2017-07-18T14:51Z","2017-07-18T14:51Z","MAYF.20170718.SNAG.3",,,,"Forcipomyia sp.",,1,"MAYF.20170718.SNAG.3.FORCIPOMYIA SP.",,,"EcoAnalysts Inc.",
"b9b0e10a-f710-47fc-b945-54cc81c02895","D08","MAYF","MAYF.AOS.reach","2017-07-18T14:51Z","2017-07-18T14:51Z","MAYF.20170718.SNAG.1",,,,"Stenelmis sp.",,1,"MAYF.20170718.SNAG.1.STENELMIS SP.",,,"EcoAnalysts Inc.",
"4d05b49a-8b79-422b-872d-68f8d95ee134","D08","MAYF","MAYF.AOS.reach","2017-07-18T14:51Z","2017-07-18T14:51Z","MAYF.20170718.SNAG.2",,,,"Stenelmis sp.",,1,"MAYF.20170718.SNAG.2.STENELMIS SP.",,,"EcoAnalysts Inc.",
"38c4f9ba-6a5d-4fc8-a187-5330eea80577","D08","MAYF","MAYF.AOS.reach","2017-07-18T14:51Z","2017-07-18T14:51Z","MAYF.20170718.SNAG.2",,,,"Nilotanypus sp.",,1,"MAYF.20170718.SNAG.2.NILOTANYPUS SP.",,,"EcoAnalysts Inc.",
"3cd94971-d2b6-4bf1-8607-9ddef3f053f3","D08","MAYF","MAYF.AOS.reach","2017-07-18T14:51Z","2017-07-18T14:51Z","MAYF.20170718.SNAG.1",,,,"Caenis sp.",,1,"MAYF.20170718.SNAG.1.CAENIS SP.",,,"EcoAnalysts Inc.",
"5a0ca2b2-3cf7-44c5-b421-4fd6dee38d36","D08","MAYF","MAYF.AOS.reach","2017-07-18T14:51Z","2017-07-18T14:51Z","MAYF.20170718.SNAG.5",,,,"Nyctiophylax sp.",,1,"MAYF.20170718.SNAG.5.NYCTIOPHYLAX SP.",,,"EcoAnalysts Inc.",
"75db8525-710d-4ea5-a1cd-4fa2b945979e","D08","MAYF","MAYF.AOS.reach","2017-07-18T14:51Z","2017-07-18T14:51Z","MAYF.20170718.SNAG.4",,,,"Diptera sp.",,1,"MAYF.20170718.SNAG.4.DIPTERA SP.",,,"EcoAnalysts Inc.",
"52ee52f1-4242-4bdd-9dc2-d083f61c8dc1","D08","MAYF","MAYF.AOS.reach","2017-07-18T14:51Z","2017-07-18T14:51Z","MAYF.20170718.SNAG.2",,,,"Heptageniidae sp.",,1,"MAYF.20170718.SNAG.2.HEPTAGENIIDAE SP.",,,"EcoAnalysts Inc.",
"bed14d73-ec12-4c96-b505-5cad9d5b8c1b","D08","MAYF","MAYF.AOS.reach","2017-07-18T14:51Z","2017-07-18T14:51Z","MAYF.20170718.SNAG.2",,,,"Atractides sp.",,2,"MAYF.20170718.SNAG.2.ATRACTIDES SP.",,,"EcoAnalysts Inc.",
"700db7d9-1fa6-4d4b-a337-dffe334851fc","D08","MAYF","MAYF.AOS.reach","2017-07-18T14:51Z","2017-07-18T14:51Z","MAYF.20170718.SNAG.4",,,,"Lebertia sp.",,1,"MAYF.20170718.SNAG.4.LEBERTIA SP.",,,"EcoAnalysts Inc.",
"97854fc8-d698-47e0-958f-f858f6ed75ab","D08","MAYF","MAYF.AOS.reach","2017-07-18T14:51Z","2017-07-18T14:51Z","MAYF.20170718.SNAG.2",,,,"Aturidae sp.",,2,"MAYF.20170718.SNAG.2.ATURIDAE SP.",,,"EcoAnalysts Inc.",
"3e53e5db-2fb9-443c-8e7f-53a594f16c88","D08","MAYF","MAYF.AOS.reach","2017-07-18T14:51Z","2017-07-18T14:51Z","MAYF.20170718.SNAG.1",,,,"Sperchonopsis sp.",,1,"MAYF.20170718.SNAG.1.SPERCHONOPSIS SP.",,,"EcoAnalysts Inc.",
"767a68bf-2e79-4e44-aaa4-5fde98250b98","D08","MAYF","MAYF.AOS.reach","2017-07-18T14:51Z","2017-07-18T14:51Z","MAYF.20170718.SNAG.4",,,,"Ceratopogonidae sp.",,4,"MAYF.20170718.SNAG.4.CERATOPOGONIDAE SP.",,,"EcoAnalysts Inc.",
"8189943c-761b-438f-97d9-2dbf8d87be6e","D08","MAYF","MAYF.AOS.reach","2017-07-18T14:51Z","2017-07-18T14:51Z","MAYF.20170718.SNAG.4",,,,"Dasyhelea sp.",,2,"MAYF.20170718.SNAG.4.DASYHELEA SP.",,,"EcoAnalysts Inc.",
"2ceb3be2-9b48-48db-ba2e-a43cc3c58c27","D08","MAYF","MAYF.AOS.reach","2017-07-18T14:51Z","2017-07-18T14:51Z","MAYF.20170718.SNAG.2",,,,"Hydropsyche sp.",,1,"MAYF.20170718.SNAG.2.HYDROPSYCHE SP.",,,"EcoAnalysts Inc.",
"86c11ea3-7cbf-49a7-940a-496918e7504e","D08","MAYF","MAYF.AOS.reach","2017-07-18T14:51Z","2017-07-18T14:51Z","MAYF.20170718.SNAG.1",,,,"Bezzia/Palpomyia sp.",,3,"MAYF.20170718.SNAG.1.BEZZIA/PALPOMYIA SP.",,,"EcoAnalysts Inc.",
"90ee382d-2ff2-485e-8916-7e56090bca2d","D08","MAYF","MAYF.AOS.reach","2017-07-18T14:51Z","2017-07-18T14:51Z","MAYF.20170718.SNAG.4",,,,"Pristina jenkinae",,1,"MAYF.20170718.SNAG.4.PRISTINA JENKINAE",,,"EcoAnalysts Inc.",
"3dbc5d48-bda1-4a4d-b3ff-755d53f56174","D08","MAYF","MAYF.AOS.reach","2017-07-18T14:51Z","2017-07-18T14:51Z","MAYF.20170718.SNAG.1",,,,"Leuctra sp.",,2,"MAYF.20170718.SNAG.1.LEUCTRA SP.",,,"EcoAnalysts Inc.",
"3818ef81-6453-4a6b-910c-77ff31fad098","D08","MAYF","MAYF.AOS.reach","2017-07-18T14:51Z","2017-07-18T14:51Z","MAYF.20170718.SNAG.2",,,,"Mayatrichia sp.",,2,"MAYF.20170718.SNAG.2.MAYATRICHIA SP.",,,"EcoAnalysts Inc.",
"57b59957-6cd6-49f1-89d8-70b382564ba4","D08","MAYF","MAYF.AOS.reach","2017-07-18T14:51Z","2017-07-18T14:51Z","MAYF.20170718.SNAG.4",,,,"Metriocnemus sp.",,1,"MAYF.20170718.SNAG.4.METRIOCNEMUS SP.",,,"EcoAnalysts Inc.",
"5401f4a7-155d-4afe-9a22-ccf0bf2ca0a8","D08","MAYF","MAYF.AOS.reach","2017-07-18T14:51Z","2017-07-18T14:51Z","MAYF.20170718.SNAG.2",,,,"Torrenticolidae sp.",,5,"MAYF.20170718.SNAG.2.TORRENTICOLIDAE SP.",,,"EcoAnalysts Inc.",
"d85ed85a-7cd8-48d7-96af-7f33debfe989","D08","MAYF","MAYF.AOS.reach","2017-07-18T14:51Z","2017-07-18T14:51Z","MAYF.20170718.SNAG.2",,,,"Leuctridae sp.",,1,"MAYF.20170718.SNAG.2.LEUCTRIDAE SP.",,,"EcoAnalysts Inc.",
"f070bdf8-f1c6-440b-839e-14f7ef8c61f7","D08","MAYF","MAYF.AOS.reach","2017-07-18T14:51Z","2017-07-18T14:51Z","MAYF.20170718.SNAG.1",,,,"Hygrobates sp.",,1,"MAYF.20170718.SNAG.1.HYGROBATES SP.",,,"EcoAnalysts Inc.",
"3330f209-be2d-4add-b4d9-e813432c1a5a","D08","MAYF","MAYF.AOS.reach","2017-07-18T14:51Z","2017-07-18T14:51Z","MAYF.20170718.SNAG.3",,,,"Neostempellina sp.",,1,"MAYF.20170718.SNAG.3.NEOSTEMPELLINA SP.",,,"EcoAnalysts Inc.",
"390f86db-6b55-46b9-90eb-7ecaa987ccc0","D08","MAYF","MAYF.AOS.reach","2017-07-18T14:51Z","2017-07-18T14:51Z","MAYF.20170718.SNAG.1",,,,"Neoplasta sp.",,1,"MAYF.20170718.SNAG.1.NEOPLASTA SP.",,,"EcoAnalysts Inc.",
"ad71f797-a689-4110-83b6-dc3cc85e9a9e","D08","MAYF","MAYF.AOS.reach","2017-07-18T14:51Z","2017-07-18T14:51Z","MAYF.20170718.SNAG.2",,,,"Maccaffertium modestum",,2,"MAYF.20170718.SNAG.2.MACCAFFERTIUM MODESTUM",,,"EcoAnalysts Inc.",
"90f4ff4b-e028-4817-9015-8fa607dde845","D08","MAYF","MAYF.AOS.reach","2017-07-18T14:51Z","2017-07-18T14:51Z","MAYF.20170718.SNAG.1",,,,"Acari sp.",,1,"MAYF.20170718.SNAG.1.ACARI SP.",,,"EcoAnalysts Inc.",
"21ae9259-3473-4939-b8db-637c0acc112a","D08","MAYF","MAYF.AOS.reach","2017-07-18T14:51Z","2017-07-18T14:51Z","MAYF.20170718.SNAG.4",,,,"Anchytarsus bicolor",,1,"MAYF.20170718.SNAG.4.ANCHYTARSUS BICOLOR",,,"EcoAnalysts Inc.",
"7bbe8d85-ccd2-4484-9e66-72fc48943b0e","D08","MAYF","MAYF.AOS.reach","2017-07-18T14:51Z","2017-07-18T14:51Z","MAYF.20170718.SNAG.3",,,,"Diplectrona sp.",,2,"MAYF.20170718.SNAG.3.DIPLECTRONA SP.",,,"EcoAnalysts Inc.",
"c955052d-d250-433c-b665-4fdb951089cc","D08","MAYF","MAYF.AOS.reach","2017-07-18T14:51Z","2017-07-18T14:51Z","MAYF.20170718.SNAG.3",,,,"Clathrosperchon sp.",,1,"MAYF.20170718.SNAG.3.CLATHROSPERCHON SP.",,,"EcoAnalysts Inc.",
"1268622d-a2a9-4192-bdb8-34edb655ac4b","D08","MAYF","MAYF.AOS.reach","2017-07-18T14:51Z","2017-07-18T14:51Z","MAYF.20170718.SNAG.1",,,,"Sperchontidae sp.",,1,"MAYF.20170718.SNAG.1.SPERCHONTIDAE SP.",,,"EcoAnalysts Inc.",
"7a041948-225e-46e1-a1ae-792b1eefdfd4","D08","MAYF","MAYF.AOS.reach","2017-07-18T14:51Z","2017-07-18T14:51Z","MAYF.20170718.SNAG.2",,,,"Oecetis sp.",,2,"MAYF.20170718.SNAG.2.OECETIS SP.",,,"EcoAnalysts Inc.",
"e444524f-fb64-4597-8980-c36676aaee03","D08","MAYF","MAYF.AOS.reach","2017-07-18T14:51Z","2017-07-18T14:51Z","MAYF.20170718.SNAG.2",,,,"Maccaffertium sp.",,2,"MAYF.20170718.SNAG.2.MACCAFFERTIUM SP.",,,"EcoAnalysts Inc.",
"c901ec96-cea6-4f40-927a-157d430652f2","D08","MAYF","MAYF.AOS.reach","2017-07-18T14:51Z","2017-07-18T14:51Z","MAYF.20170718.SNAG.1",,,,"Torrenticola sp.",,3,"MAYF.20170718.SNAG.1.TORRENTICOLA SP.",,,"EcoAnalysts Inc.",
"644fe4c7-9859-4f88-b60d-7071d0f95f80","D08","MAYF","MAYF.AOS.reach","2017-07-18T14:51Z","2017-07-18T14:51Z","MAYF.20170718.SNAG.2",,,,"Ceratopogoninae sp.",,1,"MAYF.20170718.SNAG.2.CERATOPOGONINAE SP.",,,"EcoAnalysts Inc.",
"812ec7c0-c022-4ffd-b833-dde23413ec52","D08","MAYF","MAYF.AOS.reach","2017-07-18T14:51Z","2017-07-18T14:51Z","MAYF.20170718.SNAG.4",,,,"Oribatida sp.",,2,"MAYF.20170718.SNAG.4.ORIBATEI SP.",,,"EcoAnalysts Inc.",
"1ddc9a2f-65ac-4ebd-9d13-ba6e81037a0f","D08","MAYF","MAYF.AOS.reach","2017-07-18T14:51Z","2017-07-18T14:51Z","MAYF.20170718.SNAG.1",,,,"Hydroptilidae sp.",,1,"MAYF.20170718.SNAG.1.HYDROPTILIDAE SP.",,,"EcoAnalysts Inc.",
"185f9230-3e7c-4a7e-914f-5a492398188a","D08","MAYF","MAYF.AOS.reach","2017-07-20T14:37Z","2017-07-20T14:37Z","MAYF.20170720.CORE.3",,,,"Gammaridae sp.",,1,"MAYF.20170720.CORE.3.GAMMARIDAE SP.",,,"EcoAnalysts Inc.",
"f013684a-c4f7-4314-a86c-626f746acf01","D08","MAYF","MAYF.AOS.reach","2017-07-20T14:37Z","2017-07-20T14:37Z","MAYF.20170720.CORE.2",,,,"Pisidiidae sp.",,1,"MAYF.20170720.CORE.2.SPHAERIIDAE SP.",,,"EcoAnalysts Inc.",
"da0c60ea-a70f-4e57-bd05-d4b5d34b7f9c","D08","MAYF","MAYF.AOS.reach","2017-07-20T14:37Z","2017-07-20T14:37Z","MAYF.20170720.CORE.2",,,,"Dero sp.",,1,"MAYF.20170720.CORE.2.DERO SP.",,,"EcoAnalysts Inc.",
"f1459b06-b955-4315-bd88-7e949b4a26e4","D08","MAYF","MAYF.AOS.reach","2017-07-20T14:37Z","2017-07-20T14:37Z","MAYF.20170720.CORE.3",,,,"Tabanidae sp.",,1,"MAYF.20170720.CORE.3.TABANIDAE SP.",,,"EcoAnalysts Inc.",
"f4e1adf3-44dc-4cfe-b967-ed0aca5c6581","D08","MAYF","MAYF.AOS.reach","2017-07-20T14:37Z","2017-07-20T14:37Z","MAYF.20170720.CORE.2",,,,"Ephemeroptera sp.",,1,"MAYF.20170720.CORE.2.EPHEMEROPTERA SP.",,,"EcoAnalysts Inc.",
"d583a874-3cab-42c8-a0e7-4fc26677ac77","D08","MAYF","MAYF.AOS.reach","2017-07-20T14:37Z","2017-07-20T14:37Z","MAYF.20170720.CORE.3",,,,"Pagastiella sp.",,1,"MAYF.20170720.CORE.3.PAGASTIELLA SP.",,,"EcoAnalysts Inc.",
"3bb14cb9-b0f8-4a3a-8a53-b9860df8eb67","D08","MAYF","MAYF.AOS.reach","2017-07-20T14:37Z","2017-07-20T14:37Z","MAYF.20170720.CORE.3",,,,"Phaenopsectra sp.",,1,"MAYF.20170720.CORE.3.PHAENOPSECTRA SP.",,,"EcoAnalysts Inc.",
"45df4654-7bd7-4150-9dff-98fd9f9ca07b","D08","MAYF","MAYF.AOS.reach","2017-07-20T14:37Z","2017-07-20T14:37Z","MAYF.20170720.CORE.2",,,,"Dixella sp.",,1,"MAYF.20170720.CORE.2.DIXELLA SP.",,,"EcoAnalysts Inc.",
