uid,domainID,siteID,namedLocation,decimalLatitude,decimalLongitude,coordinateUncertainty,geodeticDatum,elevation,elevationUncertainty,aquaticSiteType,collectDate,eventID,boutNumber,sampleID,sampleCode,sampleCondition,geneticSampleID,geneticSampleCode,geneticSampleCond,samplingProtocolVersion,samplingImpractical,biophysicalCriteria,habitatType,samplerType,sampleNumber,substratumSizeClass,benthicArea,ponarDepth,snagLength,snagDiameter,dnaSnagLength,dnaSnagDiameter,remarks,recordedBy,collectedBy,dataQF
"4513be51-1b60-40d0-9cf5-3a69d5808fc0","D08","MAYF","MAYF.AOS.reach",32.960365,-87.407688,1000.0,"WGS84",76.7,1000.0,"stream","2017-07-18T14:51Z","MAYF.20170718",2,"MAYF.20170718.SNAG.3",,,"MAYF.20170718.SNAG.3.DNA",,,"NEON.DOC.003046vA",,,"riffle","snag",3,"sand",1.409,,69.00,65.00,,,,"jgalloway@battelleecology.org","mlabelle@battelleecology.org",
"fa3eba5c-8012-4a34-9c26-91fca18a6821","D08","MAYF","MAYF.AOS.reach",32.960365,-87.407688,1000.0,"WGS84",76.7,1000.0,"stream","2017-07-18T14:51Z","MAYF.20170718",2,"MAYF.20170718.SNAG.1",,,,,,"NEON.DOC.003046vA",,,"run","snag",1,"sand",0.066,,47.00,4.50,,,,"jgalloway@battelleecology.org","mlabelle@battelleecology.org",
"465776ec-1071-4dd9-a4b6-d1a10e9baa8b","D08","MAYF","MAYF.AOS.reach",32.960365,-87.407688,1000.0,"WGS84",76.7,1000.0,"stream","2017-07-18T14:51Z","MAYF.20170718",2,"MAYF.20170718.SNAG.5",,,,,,"NEON.DOC.003046vA",,,"riffle","snag",5,"sand",0.128,,68.00,6.00,,,,"jgalloway@battelleecology.org","mlabelle@battelleecology.org",
"430ccb27-b07a-44f8-8327-638eb939ef1c","D08","MAYF","MAYF.AOS.reach",32.960365,-87.407688,1000.0,"WGS84",76.7,1000.0,"stream","2017-07-18T14:51Z","MAYF.20170718",2,"MAYF.20170718.SNAG.4",,,"MAYF.20170718.SNAG.4.DNA",,,"NEON.DOC.003046vA",,,"riffle","snag",4,"sand",0.101,,64.00,5.00,,,,"jgalloway@battelleecology.org","mlabelle@battelleecology.org",
"31321ff7-6e96-48e4-b237-c061d6916ad7","D08","MAYF","MAYF.AOS.reach",32.960365,-87.407688,1000.0,"WGS84",76.7,1000.0,"stream","2017-07-18T14:51Z","MAYF.20170718",2,"MAYF.20170718.SNAG.2",,,,,,"NEON.DOC.003046vA",,,"riffle","snag",2,"sand",0.276,,88.00,10.00,,,,"jgalloway@battelleecology.org","mlabelle@battelleecology.org",
"85c2d04b-23b6-425a-9b1e-c064c527ccf9","D08","MAYF","MAYF.AOS.reach",32.960365,-87.407688,1000.0,"WGS84",76.7,1000.0,"stream","2017-07-20T14:37Z","MAYF.20170718",2,"MAYF.20170720.CORE.3",,,,,,"NEON.DOC.003046vA",,,"run","core",3,"sand",0.006,,,,,,"bout2 samples not collected on the same day","jgalloway@battelleecology.org","mlabelle@battelleecology.org",
"f26cd30f-5a23-48cf-a990-d550cb88ee33","D08","MAYF","MAYF.AOS.reach",32.960365,-87.407688,1000.0,"WGS84",76.7,1000.0,"stream","2017-07-20T14:37Z","MAYF.20170718",2,"MAYF.20170720.CORE.1",,,,,,"NEON.DOC.003046vA",,,"run","core",1,"sand",0.006,,,,,,"bout2 samples not collected on the same day","jgalloway@battelleecology.org","mlabelle@battelleecology.org",
"f35be4ad-d45f-4be1-aee5-eedb09d01fda","D08","MAYF","MAYF.AOS.reach",32.960365,-87.407688,1000.0,"WGS84",76.7,1000.0,"stream","2017-07-20T14:37Z","MAYF.20170718",2,"MAYF.20170720.CORE.2",,,,,,"NEON.DOC.003046vA",,,"run","core",2,"sand",0.006,,,,,,"bout2 samples not collected on the same day","jgalloway@battelleecology.org","mlabelle@battelleecology.org",
