uid,domainID,siteID,namedLocation,decimalLatitude,decimalLongitude,coordinateUncertainty,geodeticDatum,elevation,elevationUncertainty,aquaticSiteType,collectDate,eventID,boutNumber,sampleID,sampleCode,sampleCondition,geneticSampleID,geneticSampleCode,geneticSampleCond,samplingProtocolVersion,samplingImpractical,biophysicalCriteria,habitatType,samplerType,sampleNumber,substratumSizeClass,benthicArea,ponarDepth,snagLength,snagDiameter,dnaSnagLength,dnaSnagDiameter,remarks,recordedBy,collectedBy,dataQF
"0f460c5e-a71f-4c3c-98b8-82be6be8271d","D18","OKSR","OKSR.AOS.reach",68.669753,-149.143018,1000.0,"WGS84",766.0,1000.0,"stream","2018-08-15T18:41Z","OKSR.20180815",3,"OKSR.20180815.KICKNET.3","A00000027896",,"OKSR.20180815.KICKNET.3.DNA","A00000027939",,"NEON.DOC.003046vC",,,"run","modifiedKicknet",3,"cobble",0.250,,,,,,,"Tsurgener@battelleecology.org","Jcelmer@battelleecology.org",
"617485e4-b51b-4289-882d-aae14969965a","D18","OKSR","OKSR.AOS.reach",68.669753,-149.143018,1000.0,"WGS84",766.0,1000.0,"stream","2018-08-15T18:41Z","OKSR.20180815",3,"OKSR.20180815.SURBER.8","A00000028843",,,,,"NEON.DOC.003046vC",,,"riffle","surber",8,"cobble",0.093,,,,,,,"Tsurgener@battelleecology.org","Jcelmer@battelleecology.org",
"76da994d-0e92-41b0-ba6c-d1df586a9b1d","D18","OKSR","OKSR.AOS.reach",68.669753,-149.143018,1000.0,"WGS84",766.0,1000.0,"stream","2018-08-15T18:41Z","OKSR.20180815",3,"OKSR.20180815.KICKNET.2","A00000027860",,"OKSR.20180815.KICKNET.2.DNA","A00000027921",,"NEON.DOC.003046vC",,,"run","modifiedKicknet",2,"cobble",0.250,,,,,,,"Tsurgener@battelleecology.org","Jcelmer@battelleecology.org",
"75dbf799-0362-4de2-83ab-f3f069346ca5","D18","OKSR","OKSR.AOS.reach",68.669753,-149.143018,1000.0,"WGS84",766.0,1000.0,"stream","2018-08-15T18:41Z","OKSR.20180815",3,"OKSR.20180815.SURBER.6","A00000028841",,,,,"NEON.DOC.003046vC",,,"riffle","surber",6,"cobble",0.093,,,,,,,"Tsurgener@battelleecology.org","Jcelmer@battelleecology.org",
"a3b0f30b-5bf6-4bd1-8730-a725bbb2c502","D18","OKSR","OKSR.AOS.reach",68.669753,-149.143018,1000.0,"WGS84",766.0,1000.0,"stream","2018-08-15T18:41Z","OKSR.20180815",3,"OKSR.20180815.SURBER.1","A00000028852",,,,,"NEON.DOC.003046vC",,,"riffle","surber",1,"cobble",0.093,,,,,,,"Tsurgener@battelleecology.org","Jcelmer@battelleecology.org",
"75f406e3-f8b5-4e0b-a859-62d7e73d4257","D18","OKSR","OKSR.AOS.reach",68.669753,-149.143018,1000.0,"WGS84",766.0,1000.0,"stream","2018-08-15T18:41Z","OKSR.20180815",3,"OKSR.20180815.KICKNET.5","A00000028828",,"OKSR.20180815.KICKNET.5.DNA","A00000028855",,"NEON.DOC.003046vC",,,"run","modifiedKicknet",5,"cobble",0.250,,,,,,,"Tsurgener@battelleecology.org","Jcelmer@battelleecology.org",
"e5c1e911-02ba-40cd-9c42-9c324d89789f","D18","OKSR","OKSR.AOS.reach",68.669753,-149.143018,1000.0,"WGS84",766.0,1000.0,"stream","2018-08-15T18:41Z","OKSR.20180815",3,"OKSR.20180815.KICKNET.4","A00000027879",,,,,"NEON.DOC.003046vC",,,"run","modifiedKicknet",4,"cobble",0.250,,,,,,,"Tsurgener@battelleecology.org","Jcelmer@battelleecology.org",
"94c585ec-54f3-4c6a-a760-f556cf67aea6","D18","OKSR","OKSR.AOS.reach",68.669753,-149.143018,1000.0,"WGS84",766.0,1000.0,"stream","2018-08-15T18:41Z","OKSR.20180815",3,"OKSR.20180815.KICKNET.7","A00000028814",,,,,"NEON.DOC.003046vC",,,"run","modifiedKicknet",7,"cobble",0.250,,,,,,,"Tsurgener@battelleecology.org","Jcelmer@battelleecology.org",
