uid,domainID,siteID,namedLocation,collectDate,sortDate,qcSortDate,sampleID,sampleCode,mixedInvertVialID,mixedInvertVialCode,chironomidVialID,chironomidVialCode,oligochaeteVialID,oligochaeteVialCode,largeInvertVialID,largeInvertVialCode,testProtocolVersion,primaryMatrix,preRinseVolume,postRinseVolume,subsamplePercent,qcSortingEfficacy,qcIterationCount,qcPercentSimilarity,laboratoryName,sortedBy,qcSortedBy,benchRemarks,dataQF,qcEnumerationDifference,qcTaxonomicDifference
"908e56d6-8b68-4bad-bab1-84ba4febf1bd","D18","OKSR","OKSR.AOS.reach","2018-08-15T18:41Z","2018-10-26","2018-10-30","OKSR.20180815.KICKNET.7","A00000028814","OKSR.20180815.KICKNET.7",,,,,,,,"ECOANALYSTS_Macroinvertebrate_Identification_Revision4","fine organic",0.02,0.02,87.5,99.4,2,,"EcoAnalysts Inc.","7fjBP78Guy6YsiMxuAF1NQ==","BiR1PG3qYHnG+SNIMM2WVA==",,,0.5,2.4
"3210ae1c-2f4d-437b-a9a1-05e2cf18db9a","D18","OKSR","OKSR.AOS.reach","2018-08-15T18:41Z","2018-10-28","2018-10-29","OKSR.20180815.SURBER.8","A00000028843","OKSR.20180815.SURBER.8",,,,,,,,"ECOANALYSTS_Macroinvertebrate_Identification_Revision4","coarse organic",0.15,0.04,62.5,90.0,1,,"EcoAnalysts Inc.","FDBFIfBktdl+XmYpYZQBzg==","nvO9dEMKYf3II1WEm9Fr0w==",".110L washed out at setup.",,,
"acbd2084-4c3a-4ff6-bc23-3c7a7ff1d0ab","D18","OKSR","OKSR.AOS.reach","2018-08-15T18:41Z","2018-10-28","2018-10-30","OKSR.20180815.SURBER.6","A00000028841","OKSR.20180815.SURBER.6",,,,,,,,"ECOANALYSTS_Macroinvertebrate_Identification_Revision4","fine organic",0.04,0.04,100.0,94.2,1,,"EcoAnalysts Inc.","7fjBP78Guy6YsiMxuAF1NQ==","BiR1PG3qYHnG+SNIMM2WVA==",,,,
"cccb2bb3-a8ec-4f14-800c-af072de69a2f","D18","OKSR","OKSR.AOS.reach","2018-08-15T18:41Z","2018-10-26","2018-10-30","OKSR.20180815.SURBER.1","A00000028852","OKSR.20180815.SURBER.1",,,,,,,,"ECOANALYSTS_Macroinvertebrate_Identification_Revision4","fine organic",0.50,0.25,100.0,98.6,2,,"EcoAnalysts Inc.","7fjBP78Guy6YsiMxuAF1NQ==","BiR1PG3qYHnG+SNIMM2WVA==","E=.25 inorganic elutriated",,,
"612f9f5f-b618-4434-a41d-b327f696a1a3","D18","OKSR","OKSR.AOS.reach","2018-08-15T18:41Z","2018-10-27","2018-10-30","OKSR.20180815.KICKNET.2","A00000027860","OKSR.20180815.KICKNET.2",,,,,,,,"ECOANALYSTS_Macroinvertebrate_Identification_Revision4","fine organic",0.04,0.04,25.0,98.1,1,,"EcoAnalysts Inc.","7fjBP78Guy6YsiMxuAF1NQ==","BiR1PG3qYHnG+SNIMM2WVA==",,,,
"4189d911-3214-47e0-824d-842548242402","D18","OKSR","OKSR.AOS.reach","2018-08-15T18:41Z","2018-10-26","2018-10-29","OKSR.20180815.KICKNET.5","A00000028828","OKSR.20180815.KICKNET.5",,,,,,,,"ECOANALYSTS_Macroinvertebrate_Identification_Revision4","other (specified in remarks)",0.25,0.08,43.8,90.9,1,,"EcoAnalysts Inc.","FDBFIfBktdl+XmYpYZQBzg==","nvO9dEMKYf3II1WEm9Fr0w==","Primary Matrix is Inorganic .175L washed out at setup. .5hr break.",,,
"48626574-12e3-4cd7-8c97-22d3f01c9c3a","D18","OKSR","OKSR.AOS.reach","2018-08-15T18:41Z","2018-10-18","2018-10-30","OKSR.20180815.KICKNET.3","A00000027896","OKSR.20180815.KICKNET.3",,,,,,,,"ECOANALYSTS_Macroinvertebrate_Identification_Revision4","coarse organic",0.28,0.05,100.0,95.7,1,,"EcoAnalysts Inc.","nvO9dEMKYf3II1WEm9Fr0w==","BiR1PG3qYHnG+SNIMM2WVA==",,,,
"f2bcf113-37fd-487e-b115-7e0617753e9b","D18","OKSR","OKSR.AOS.reach","2018-08-15T18:41Z","2018-10-27","2018-11-01","OKSR.20180815.KICKNET.4","A00000027879","OKSR.20180815.KICKNET.4",,,,,,,,"ECOANALYSTS_Macroinvertebrate_Identification_Revision4","fine organic",0.05,0.05,43.8,100.0,2,,"EcoAnalysts Inc.","7fjBP78Guy6YsiMxuAF1NQ==","BiR1PG3qYHnG+SNIMM2WVA==",,,,
