uid,domainID,siteID,namedLocation,startDate,collectDate,sampleID,sampleCode,slideID,slideCode,scientificName,morphospeciesID,referenceCount,referenceID,referenceCode,archiveLabSampleMedium,laboratoryName,dataQF
"6be9b28b-c1c0-4407-8daf-a3622a6fdd53","D18","OKSR","OKSR.AOS.reach","2018-08-15T18:41Z","2018-08-15T18:41Z","OKSR.20180815.SURBER.8","A00000028843",,,"Orthocladiinae sp.",,1,"OKSR.20180815.SURBER.8.ORTHOCLADIINAE SP.",,,"EcoAnalysts Inc.",
"d628dc1e-8d8a-4306-a60c-a59e1be8a16b","D18","OKSR","OKSR.AOS.reach","2018-08-15T18:41Z","2018-08-15T18:41Z","OKSR.20180815.KICKNET.7","A00000028814",,,"Helodon sp.",,2,"OKSR.20180815.KICKNET.7.HELODON SP.",,,"EcoAnalysts Inc.",
"1a211e40-19d4-4d88-8707-67be423b20c6","D18","OKSR","OKSR.AOS.reach","2018-08-15T18:41Z","2018-08-15T18:41Z","OKSR.20180815.KICKNET.3","A00000027896",,,"Baetis sp.",,3,"OKSR.20180815.KICKNET.3.BAETIS SP.",,,"EcoAnalysts Inc.",
"13196349-3dfb-4e14-a9cd-a94162e73c94","D18","OKSR","OKSR.AOS.reach","2018-08-15T18:41Z","2018-08-15T18:41Z","OKSR.20180815.KICKNET.2","A00000027860",,,"Orthocladiinae sp.",,1,"OKSR.20180815.KICKNET.2.ORTHOCLADIINAE SP.",,,"EcoAnalysts Inc.",
"b5170a2f-bb92-4085-824b-119574b3826b","D18","OKSR","OKSR.AOS.reach","2018-08-15T18:41Z","2018-08-15T18:41Z","OKSR.20180815.KICKNET.7","A00000028814",,,"Arctodrilus wulikensis",,1,"OKSR.20180815.KICKNET.7.ARCTODRILUS WULIKENSIS",,,"EcoAnalysts Inc.",
"dfdc3504-83c1-4d0c-b70b-5687b1ae75af","D18","OKSR","OKSR.AOS.reach","2018-08-15T18:41Z","2018-08-15T18:41Z","OKSR.20180815.SURBER.1","A00000028852",,,"Nemoura sp.",,1,"OKSR.20180815.SURBER.1.NEMOURA SP.",,,"EcoAnalysts Inc.",
"be16dee1-db40-4fbe-a38c-c58e3b42941f","D18","OKSR","OKSR.AOS.reach","2018-08-15T18:41Z","2018-08-15T18:41Z","OKSR.20180815.KICKNET.4","A00000027879",,,"Ephemerella tibialis",,1,"OKSR.20180815.KICKNET.4.EPHEMERELLA TIBIALIS",,,"EcoAnalysts Inc.",
"a20a03b2-bfe1-449c-a01a-ea7234b80bbc","D18","OKSR","OKSR.AOS.reach","2018-08-15T18:41Z","2018-08-15T18:41Z","OKSR.20180815.KICKNET.3","A00000027896",,,"Helodon/Prosimulium sp.",,1,"OKSR.20180815.KICKNET.3.HELODON/PROSIMULIUM SP.",,,"EcoAnalysts Inc.",
"9e692f9f-9bbc-489e-bb53-581a99b058a4","D18","OKSR","OKSR.AOS.reach","2018-08-15T18:41Z","2018-08-15T18:41Z","OKSR.20180815.KICKNET.3","A00000027896",,,"Acentrella sp.",,2,"OKSR.20180815.KICKNET.3.ACENTRELLA SP.",,,"EcoAnalysts Inc.",
"cbf91d02-35d2-442c-beb0-6974a41cdf6f","D18","OKSR","OKSR.AOS.reach","2018-08-15T18:41Z","2018-08-15T18:41Z","OKSR.20180815.SURBER.8","A00000028843",,,"Ephemerellidae sp.",,1,"OKSR.20180815.SURBER.8.EPHEMERELLIDAE SP.",,,"EcoAnalysts Inc.",
