uid,domainID,siteID,namedLocation,collectDate,sortDate,qcSortDate,sampleID,sampleCode,mixedInvertVialID,mixedInvertVialCode,chironomidVialID,chironomidVialCode,oligochaeteVialID,oligochaeteVialCode,largeInvertVialID,largeInvertVialCode,testProtocolVersion,primaryMatrix,preRinseVolume,postRinseVolume,subsamplePercent,qcSortingEfficacy,qcIterationCount,qcPercentSimilarity,laboratoryName,sortedBy,qcSortedBy,benchRemarks,dataQF,qcEnumerationDifference,qcTaxonomicDifference
"cafeb8c0-c646-4d22-adc9-0faf4042ecce","D18","OKSR","OKSR.AOS.reach","2019-05-29T20:45Z","2019-07-19","2019-07-19","OKSR.20190529.KICKNET.5","A00000028787","OKSR.20190529.KICKNET.5",,,,,,,,"RHITHRON_Macroinvertebrate_Identification_Revision1","fine organic",,,70.0,93.4,1,,"Rhithron Associates, Inc.","kcNHfEa00olgOMivYV39aQ==","jrNz6zwqS3Q=",,,,
"c6bf04f2-80a4-4dd0-a0b9-c3fe3543b2f9","D18","OKSR","OKSR.AOS.reach","2019-05-29T20:45Z","2019-07-17","2019-07-18","OKSR.20190529.SURBER.2","A00000028771","OKSR.20190529.SURBER.2",,,,,,,,"RHITHRON_Macroinvertebrate_Identification_Revision1","other (specified in remarks)",,,100.0,100.0,1,,"Rhithron Associates, Inc.","LOdFES9HN1w=","jrNz6zwqS3Q=","fine inorganic",,,
"d406a56e-30cc-4e71-ab89-110f45a6e76c","D18","OKSR","OKSR.AOS.reach","2019-05-29T20:45Z","2019-07-19","2019-07-19","OKSR.20190529.KICKNET.1","A00000027913","OKSR.20190529.KICKNET.1",,,,,,,,"RHITHRON_Macroinvertebrate_Identification_Revision1","coarse organic",,,100.0,98.7,1,,"Rhithron Associates, Inc.","egCH3wedmfhvZrvQbyFP8Q==","jrNz6zwqS3Q=",,,,
"1f416793-92c1-48b6-aeb6-c765efc7a8b5","D18","OKSR","OKSR.AOS.reach","2019-05-29T20:45Z","2019-07-17","2019-07-17","OKSR.20190529.KICKNET.3","A00000027914","OKSR.20190529.KICKNET.3",,,,,,,,"RHITHRON_Macroinvertebrate_Identification_Revision1","fine organic",,,100.0,100.0,1,,"Rhithron Associates, Inc.","jrNz6zwqS3Q=","3hsarqkn53DnTHf+v6UBHA==",,,0.0,0.0
"78f483f0-e7e6-4ab3-a3c2-64a404d373a4","D18","OKSR","OKSR.AOS.reach","2019-05-29T20:45Z","2019-07-17","2019-07-17","OKSR.20190529.SURBER.1","A00000028773","OKSR.20190529.SURBER.1",,,,,,,,"RHITHRON_Macroinvertebrate_Identification_Revision1","fine organic",,,100.0,97.1,1,,"Rhithron Associates, Inc.","i1QflWRBxnudUqP2XRbJ5HtRIHlS+GcS","3hsarqkn53DnTHf+v6UBHA==",,,,
"d8e0ce13-92ae-4e0c-a0c7-1f646c18ff58","D18","OKSR","OKSR.AOS.reach","2019-05-29T20:45Z","2019-07-17","2019-07-18","OKSR.20190529.SURBER.3","A00000028818","OKSR.20190529.SURBER.3",,,,,,,,"RHITHRON_Macroinvertebrate_Identification_Revision1","fine organic",,,100.0,92.6,1,,"Rhithron Associates, Inc.","3hsarqkn53DnTHf+v6UBHA==","LOdFES9HN1w=",,,,
"a9962af1-4bdd-4255-82b0-d9080966d225","D18","OKSR","OKSR.AOS.reach","2019-05-29T20:45Z","2019-07-17","2019-07-17","OKSR.20190529.KICKNET.4","A00000064598","OKSR.20190529.KICKNET.4",,,,,,,,"RHITHRON_Macroinvertebrate_Identification_Revision1","fine organic",,,100.0,96.5,1,,"Rhithron Associates, Inc.","FtcfAjYRHgtys5Ba7LiLag==","3hsarqkn53DnTHf+v6UBHA==",,,,
"c2a3faa8-1b12-4f07-9660-a9a6cf69509d","D18","OKSR","OKSR.AOS.reach","2019-05-29T20:45Z","2019-07-17","2019-07-17","OKSR.20190529.KICKNET.2","A00000027906","OKSR.20190529.KICKNET.2",,,,,,,,"RHITHRON_Macroinvertebrate_Identification_Revision1","fine organic",,,100.0,93.7,1,,"Rhithron Associates, Inc.","LOdFES9HN1w=","WO1ROMpMI5UERdFobeLniw==",,,,
