uid,domainID,siteID,namedLocation,startDate,collectDate,sampleID,sampleCode,slideID,slideCode,scientificName,morphospeciesID,referenceCount,referenceID,referenceCode,archiveLabSampleMedium,laboratoryName,dataQF
"61ef6090-b30c-4926-9268-d7eba5f31cc3","D18","OKSR","OKSR.AOS.reach","2019-05-29T20:45Z","2019-05-29T20:45Z","OKSR.20190529.KICKNET.5","A00000028787",,,"Hydrosmittia sp.",,1,"C112",,,"Rhithron Associates, Inc.",
"5b594333-e707-4975-81dd-0f832b36280a","D18","OKSR","OKSR.AOS.reach","2019-05-29T20:45Z","2019-05-29T20:45Z","OKSR.20190529.SURBER.3","A00000028818",,,"Nemoura sp.",,1,"V159",,,"Rhithron Associates, Inc.",
"76f3809a-b3ee-456a-8f2a-0dc5ae54a2e8","D18","OKSR","OKSR.AOS.reach","2019-05-29T20:45Z","2019-05-29T20:45Z","OKSR.20190529.KICKNET.1","A00000027913",,,"Synorthocladius sp.",,1,"C109",,,"Rhithron Associates, Inc.",
"ade68fe3-d811-47c9-87d4-525904f873dc","D18","OKSR","OKSR.AOS.reach","2019-05-29T20:45Z","2019-05-29T20:45Z","OKSR.20190529.KICKNET.1","A00000027913",,,"Paraphaenocladius sp.",,1,"C110",,,"Rhithron Associates, Inc.",
"574b726a-1cfc-4eca-b939-2eb1eda8337c","D18","OKSR","OKSR.AOS.reach","2019-05-29T20:45Z","2019-05-29T20:45Z","OKSR.20190529.SURBER.2","A00000028771",,,"Rhynchelmis sp.",,1,"O33",,,"Rhithron Associates, Inc.",
"a2ba206c-dde3-4487-907c-e43bfd64a7de","D18","OKSR","OKSR.AOS.reach","2019-05-29T20:45Z","2019-05-29T20:45Z","OKSR.20190529.KICKNET.5","A00000028787",,,"Valvata mergella",,1,"V157",,,"Rhithron Associates, Inc.",
"448ae4ac-607e-4139-852e-05a5bb1a23c1","D18","OKSR","OKSR.AOS.reach","2019-05-29T20:45Z","2019-05-29T20:45Z","OKSR.20190529.KICKNET.5","A00000028787",,,"Rhyacophila mongolica",,1,"V161",,,"Rhithron Associates, Inc.",
"2e9bccd0-3e29-423b-9d33-7b9f01dcf2d2","D18","OKSR","OKSR.AOS.reach","2019-05-29T20:45Z","2019-05-29T20:45Z","OKSR.20190529.KICKNET.5","A00000028787",,,"Brachycentrus americanus",,1,"V160",,,"Rhithron Associates, Inc.",
"9d002acc-80ac-4eef-8ecb-a49362ad7662","D18","OKSR","OKSR.AOS.reach","2019-05-29T20:45Z","2019-05-29T20:45Z","OKSR.20190529.KICKNET.5","A00000028787",,,"Neozavrelia sp.",,1,"C111",,,"Rhithron Associates, Inc.",
"b08bb834-824e-4ffd-aca6-30be3fa296c1","D18","OKSR","OKSR.AOS.reach","2019-05-29T20:45Z","2019-05-29T20:45Z","OKSR.20190529.SURBER.3","A00000028818",,,"Feltria sp.",,1,"V158",,,"Rhithron Associates, Inc.",
"6b2f6f97-4fc2-4689-898e-309e92b9b602","D18","OKSR","OKSR.AOS.reach","2019-05-29T20:45Z","2019-05-29T20:45Z","OKSR.20190529.KICKNET.2","A00000027906",,,"Lasiodiamesa sp.",,1,"C113",,,"Rhithron Associates, Inc.",
"349c54b8-a3ba-4a4e-bf74-73dc7e1d8685","D18","OKSR","OKSR.AOS.reach","2019-05-29T20:45Z","2019-05-29T20:45Z","OKSR.20190529.KICKNET.1","A00000027913",,,"Krenosmittia sp.",,1,"C108",,,"Rhithron Associates, Inc.",
