uid,domainID,siteID,namedLocation,decimalLatitude,decimalLongitude,coordinateUncertainty,geodeticDatum,elevation,elevationUncertainty,aquaticSiteType,collectDate,eventID,boutNumber,sampleID,sampleCode,sampleCondition,geneticSampleID,geneticSampleCode,geneticSampleCond,samplingProtocolVersion,samplingImpractical,biophysicalCriteria,habitatType,samplerType,sampleNumber,substratumSizeClass,benthicArea,ponarDepth,snagLength,snagDiameter,dnaSnagLength,dnaSnagDiameter,remarks,recordedBy,collectedBy,dataQF
"c3e5f16c-afc4-48b1-9cdd-537fbbfae195","D18","OKSR","OKSR.AOS.reach",68.669753,-149.143018,1000.0,"WGS84",766.0,1000.0,"stream","2019-05-29T20:45Z","OKSR.20190529",1,"OKSR.20190529.SURBER.2","A00000028771",,,,,"NEON.DOC.003046vC",,,"riffle","surber",2,"pebble",0.093,,,,,,,"0000-0001-5131-1181",,
"898f85a3-5439-4710-9a13-e62f0ae97e21","D18","OKSR","OKSR.AOS.reach",68.669753,-149.143018,1000.0,"WGS84",766.0,1000.0,"stream","2019-05-29T20:45Z","OKSR.20190529",1,"OKSR.20190529.KICKNET.3","A00000027914",,"OKSR.20190529.KICKNET.3.DNA","A00000027916",,"NEON.DOC.003046vC",,,"run","modifiedKicknet",3,"cobble",0.250,,,,,,,"0000-0001-5131-1181",,
"017097f6-63d7-4ce4-b043-84ea8ce9b9f4","D18","OKSR","OKSR.AOS.reach",68.669753,-149.143018,1000.0,"WGS84",766.0,1000.0,"stream","2019-05-29T20:45Z","OKSR.20190529",1,"OKSR.20190529.SURBER.1","A00000028773",,,,,"NEON.DOC.003046vC",,,"riffle","surber",1,"pebble",0.093,,,,,,,"0000-0001-5131-1181",,
"35b4f6c2-a3e8-428e-a3b0-a9bdfab61b9d","D18","OKSR","OKSR.AOS.reach",68.669753,-149.143018,1000.0,"WGS84",766.0,1000.0,"stream","2019-05-29T20:45Z","OKSR.20190529",1,"OKSR.20190529.KICKNET.2","A00000027906",,,,,"NEON.DOC.003046vC",,,"run","modifiedKicknet",2,"pebble",0.250,,,,,,,"0000-0001-5131-1181",,
"1457da16-e690-4631-86b4-2a855a6dae06","D18","OKSR","OKSR.AOS.reach",68.669753,-149.143018,1000.0,"WGS84",766.0,1000.0,"stream","2019-05-29T20:45Z","OKSR.20190529",1,"OKSR.20190529.SURBER.3","A00000028818",,,,,"NEON.DOC.003046vC",,,"riffle","surber",3,"pebble",0.093,,,,,,,"0000-0001-5131-1181",,
"c2e527a6-ddee-4040-81cf-ddd6771c240e","D18","OKSR","OKSR.AOS.reach",68.669753,-149.143018,1000.0,"WGS84",766.0,1000.0,"stream","2019-05-29T20:45Z","OKSR.20190529",1,"OKSR.20190529.KICKNET.5","A00000028787",,"OKSR.20190529.KICKNET.5.DNA","A00000027912",,"NEON.DOC.003046vC",,,"run","modifiedKicknet",5,"cobble",0.250,,,,,,,"0000-0001-5131-1181",,
"cff78177-8031-4940-ad7c-895369c4df43","D18","OKSR","OKSR.AOS.reach",68.669753,-149.143018,1000.0,"WGS84",766.0,1000.0,"stream","2019-05-29T20:45Z","OKSR.20190529",1,"OKSR.20190529.KICKNET.4","A00000064598",,,,,"NEON.DOC.003046vC",,,"run","modifiedKicknet",4,"pebble",0.250,,,,,,,"0000-0001-5131-1181",,
"6bc6df52-80b2-4dd7-92f4-1ae0bc74ba16","D18","OKSR","OKSR.AOS.reach",68.669753,-149.143018,1000.0,"WGS84",766.0,1000.0,"stream","2019-05-29T20:45Z","OKSR.20190529",1,"OKSR.20190529.KICKNET.1","A00000027913",,"OKSR.20190529.KICKNET.1.DNA","A00000027918",,"NEON.DOC.003046vC",,,"run","modifiedKicknet",1,"pebble",0.250,,,,,,,"0000-0001-5131-1181",,
