uid,domainID,siteID,namedLocation,startDate,collectDate,sampleID,sampleCode,slideID,slideCode,scientificName,morphospeciesID,referenceCount,referenceID,referenceCode,archiveLabSampleMedium,laboratoryName,dataQF
"7be04d6c-dfa3-4117-99a7-be3807fd8b52","D17","BIGC","BIGC.AOS.reach","2021-07-12T17:20Z","2021-07-12T17:20Z","BIGC.20210712.SURBER.3","A00000298784","7927.8-9",,"Nais sp.",,1,"BIGC.20210712.SURBER.3_7927.8-9_51",,"slide","EcoAnalysts Inc.",
"20024cea-28cd-4492-a900-7af5f3ec63ca","D17","BIGC","BIGC.AOS.reach","2021-07-12T17:20Z","2021-07-12T17:20Z","BIGC.20210712.HESS.3","A00000298769","7927.8-14",,"Alotanypus sp.",,2,"BIGC.20210712.HESS.3_7927.8-14_2211",,"slide","EcoAnalysts Inc.",
"a05a3e78-90f5-433a-a11b-cfdf964aa105","D17","BIGC","BIGC.AOS.reach","2021-07-12T17:20Z","2021-07-12T17:20Z","BIGC.20210712.SURBER.2","A00000298768","7927.8-10",,"Slavina appendiculata",,1,"BIGC.20210712.SURBER.2_7927.8-10_62",,"slide","EcoAnalysts Inc.",
"ae1af150-ba4a-4930-9376-7a3c154301d4","D17","BIGC","BIGC.AOS.reach","2021-07-12T17:20Z","2021-07-12T17:20Z","BIGC.20210712.HESS.5","A00000298770","7927.8-12",,"Dero sp.",,1,"BIGC.20210712.HESS.5_7927.8-12_41",,"slide","EcoAnalysts Inc.",
"32d46580-2d23-4857-93b2-ca58ee627893","D17","BIGC","BIGC.AOS.reach","2021-07-12T17:20Z","2021-07-12T17:20Z","BIGC.20210712.HESS.5","A00000298770","7927.8-12",,"Robackia demeijerei",,1,"BIGC.20210712.HESS.5_7927.8-12_1389",,"slide","EcoAnalysts Inc.",
