uid,domainID,siteID,namedLocation,collectDate,sortDate,qcSortDate,sampleID,sampleCode,mixedInvertVialID,mixedInvertVialCode,chironomidVialID,chironomidVialCode,oligochaeteVialID,oligochaeteVialCode,largeInvertVialID,largeInvertVialCode,testProtocolVersion,primaryMatrix,preRinseVolume,postRinseVolume,subsamplePercent,qcSortingEfficacy,qcIterationCount,qcPercentSimilarity,laboratoryName,sortedBy,qcSortedBy,benchRemarks,dataQF,qcEnumerationDifference,qcTaxonomicDifference
"dd950aba-1c1d-47d7-b7ba-f8b5f41a8cd1","D17","BIGC","BIGC.AOS.reach","2021-07-12T17:20Z","2021-11-22","2021-11-24","BIGC.20210712.HESS.1","A00000298771",,,"7927.8-16",,,,,,"ECOANALYSTS_Macroinvertebrate_Identification_Revision5","other (specified in remarks)",0.01,0.01,12.5,94.6,1,,"EcoAnalysts Inc.","z3wo8/+tr2E3/uMn/wCDLw==","Uvu0j76mxig=","Inorganic",,,
"2bab8703-871b-4074-9723-78d8fa1527cd","D17","BIGC","BIGC.AOS.reach","2021-07-12T17:20Z","2021-11-19","2021-11-22","BIGC.20210712.SURBER.2","A00000298768",,,"7927.8-10",,,,,,"ECOANALYSTS_Macroinvertebrate_Identification_Revision5","coarse organic",0.10,0.08,6.3,97.2,1,,"EcoAnalysts Inc.","z3wo8/+tr2E3/uMn/wCDLw==","Uvu0j76mxig=",,,,
"af10b6c7-60c0-4309-a298-174e48b3f814","D17","BIGC","BIGC.AOS.reach","2021-07-12T17:20Z","2021-11-19","2021-11-22","BIGC.20210712.SURBER.3","A00000298784",,,"7927.8-9",,,,,,"ECOANALYSTS_Macroinvertebrate_Identification_Revision5","coarse organic",0.15,0.10,4.2,97.4,1,,"EcoAnalysts Inc.","z3wo8/+tr2E3/uMn/wCDLw==","Uvu0j76mxig=",,,2.1,4.6
"83e78207-8214-45da-8e9f-8850d4d68580","D17","BIGC","BIGC.AOS.reach","2021-07-12T17:20Z","2021-11-22","2021-11-23","BIGC.20210712.HESS.3","A00000298769",,,"7927.8-14",,,,,,"ECOANALYSTS_Macroinvertebrate_Identification_Revision5","fine organic",0.01,0.01,37.5,96.3,1,,"EcoAnalysts Inc.","z3wo8/+tr2E3/uMn/wCDLw==","Uvu0j76mxig=",,,,
"22e9f614-9bf9-431b-92dd-b8e86e518445","D17","BIGC","BIGC.AOS.reach","2021-07-12T17:20Z","2021-11-22","2021-11-23","BIGC.20210712.HESS.5","A00000298770",,,"7927.8-12",,,,,,"ECOANALYSTS_Macroinvertebrate_Identification_Revision5","other (specified in remarks)",0.05,0.01,14.6,92.0,1,,"EcoAnalysts Inc.","z3wo8/+tr2E3/uMn/wCDLw==","Uvu0j76mxig=","Inorganic",,,
"d3d5da43-b131-4f44-a9a7-4abf19ef9616","D17","BIGC","BIGC.AOS.reach","2021-07-12T17:20Z","2021-11-19","2021-11-22","BIGC.20210712.SURBER.1","A00000298785",,,"7927.8-11",,,,,,"ECOANALYSTS_Macroinvertebrate_Identification_Revision5","coarse organic",0.10,0.10,7.7,95.0,1,,"EcoAnalysts Inc.","z3wo8/+tr2E3/uMn/wCDLw==","Uvu0j76mxig=",,,,
"0b887cb5-acbb-4909-813f-3bff5b85faa5","D17","BIGC","BIGC.AOS.reach","2021-07-12T17:20Z","2021-11-22","2021-11-23","BIGC.20210712.HESS.4","A00000298783",,,"7927.8-13",,,,,,"ECOANALYSTS_Macroinvertebrate_Identification_Revision5","fine organic",0.04,0.04,12.5,96.3,1,,"EcoAnalysts Inc.","pcoX/VhLEBSGSBMn6tQxMw==","Uvu0j76mxig=",,,,
"86679f96-1e0d-445a-a4af-e44460c640cd","D17","BIGC","BIGC.AOS.reach","2021-07-12T17:20Z","2021-11-23","2021-11-23","BIGC.20210712.HESS.2","A00000298786",,,"7927.8-15",,,,,,"ECOANALYSTS_Macroinvertebrate_Identification_Revision5","fine organic",0.04,0.04,9.3,96.8,1,,"EcoAnalysts Inc.","pcoX/VhLEBSGSBMn6tQxMw==","Uvu0j76mxig=",,,,
