uid,domainID,siteID,namedLocation,startDate,collectDate,sampleID,sampleCode,slideID,slideCode,scientificName,morphospeciesID,referenceCount,referenceID,referenceCode,archiveLabSampleMedium,laboratoryName,dataQF
"7a4045d7-4d2c-4db1-8954-ea31bfff58e7","D18","OKSR","OKSR.AOS.reach","2017-06-07T21:21Z","2017-06-07T21:21Z","OKSR.20170607.KICKNET.3",,,,"Collembola sp.",,1,"OKSR.20170607.KICKNET.3.COLLEMBOLA SP.",,,"EcoAnalysts Inc.",
"c879a69c-dbc7-49f2-94a9-2c619cf0df43","D18","OKSR","OKSR.AOS.reach","2017-06-07T21:21Z","2017-06-07T21:21Z","OKSR.20170607.KICKNET.1",,,,"Clinocera sp.",,4,"OKSR.20170607.KICKNET.1.CLINOCERA SP.",,,"EcoAnalysts Inc.",
"6493ad00-ed7c-4b2f-a2e2-aa9a073a95f9","D18","OKSR","OKSR.AOS.reach","2017-06-07T21:21Z","2017-06-07T21:21Z","OKSR.20170607.KICKNET.1",,,,"Empididae sp.",,4,"OKSR.20170607.KICKNET.1.EMPIDIDAE SP.",,,"EcoAnalysts Inc.",
"58940dc5-c38b-47a4-9be6-6b4b7ae66c60","D18","OKSR","OKSR.AOS.reach","2017-06-07T21:21Z","2017-06-07T21:21Z","OKSR.20170607.KICKNET.3",,,,"Dytiscidae sp.",,1,"OKSR.20170607.KICKNET.3.DYTISCIDAE SP.",,,"EcoAnalysts Inc.",
"05a6dfdd-f8b6-4144-8883-64a4f0b55d5f","D18","OKSR","OKSR.AOS.reach","2017-06-07T21:21Z","2017-06-07T21:21Z","OKSR.20170607.KICKNET.1",,,,"Orthocladius rivulorum","Orthocladius (Euorthocladius) rivulorum",1,"OKSR.20170607.KICKNET.1.ORTHOCLADIUS RIVULORUM",,,"EcoAnalysts Inc.",
"f26e863b-1d3b-4b91-851c-90c1c5e28667","D18","OKSR","OKSR.AOS.reach","2017-06-07T21:21Z","2017-06-07T21:21Z","OKSR.20170607.KICKNET.7",,,,"Lasiodiamesa sp.",,1,"OKSR.20170607.KICKNET.7.LASIODIAMESA SP.",,,"EcoAnalysts Inc.",
"1525b00a-6d0e-4110-a3af-e79bffe6551c","D18","OKSR","OKSR.AOS.reach","2017-06-07T21:21Z","2017-06-07T21:21Z","OKSR.20170607.KICKNET.1",,,,"Metriocnemus sp.",,1,"OKSR.20170607.KICKNET.1.METRIOCNEMUS SP.",,,"EcoAnalysts Inc.",
"4bd9596e-c0fa-4a74-a50a-30ef55f2f1d4","D18","OKSR","OKSR.AOS.reach","2017-06-07T21:21Z","2017-06-07T21:21Z","OKSR.20170607.SURBER.2",,,,"Orthocladius (Euorthocladius) sp.",,1,"OKSR.20170607.SURBER.2.ORTHOCLADIUS (EUORTHOCLADIUS) SP.",,,"EcoAnalysts Inc.",
"f5972bb4-8d20-4528-90b5-521c1fa1392d","D18","OKSR","OKSR.AOS.reach","2017-06-07T21:21Z","2017-06-07T21:21Z","OKSR.20170607.KICKNET.1",,,,"Atractides sp.",,3,"OKSR.20170607.KICKNET.1.ATRACTIDES SP.",,,"EcoAnalysts Inc.",
"cd2e6893-4cc0-423c-b841-2378c457470f","D18","OKSR","OKSR.AOS.reach","2017-06-07T21:21Z","2017-06-07T21:21Z","OKSR.20170607.SURBER.2",,,,"Eukiefferiella cyanea gr.",,4,"OKSR.20170607.SURBER.2.EUKIEFFERIELLA CYANEA GR.",,,"EcoAnalysts Inc.",
"32e3ec63-b3b9-476d-b5bb-00e2a00ab8f6","D18","OKSR","OKSR.AOS.reach","2017-06-07T21:21Z","2017-06-07T21:21Z","OKSR.20170607.KICKNET.5",,,,"Paraphaenocladius sp.",,2,"OKSR.20170607.KICKNET.5.PARAPHAENOCLADIUS SP.",,,"EcoAnalysts Inc.",
"5fcb0e8b-a3f2-4ee3-b868-01cf41f48219","D18","OKSR","OKSR.AOS.reach","2017-06-07T21:21Z","2017-06-07T21:21Z","OKSR.20170607.KICKNET.1",,,,"Rhyacophila mongolica",,2,"OKSR.20170607.KICKNET.1.RHYACOPHILA MONGOLICA",,,"EcoAnalysts Inc.",
"279b6b61-290c-4c50-89d6-94d364c7b483","D18","OKSR","OKSR.AOS.reach","2017-06-07T21:21Z","2017-06-07T21:21Z","OKSR.20170607.KICKNET.1",,,,"Sperchon sp.",,3,"OKSR.20170607.KICKNET.1.SPERCHON SP.",,,"EcoAnalysts Inc.",
"5cafa775-f0c4-4b9a-9959-083ec50622d8","D18","OKSR","OKSR.AOS.reach","2017-06-07T21:21Z","2017-06-07T21:21Z","OKSR.20170607.KICKNET.3",,,,"Lasiodiamesa sp.",,1,"OKSR.20170607.KICKNET.3.LASIODIAMESA SP.",,,"EcoAnalysts Inc.",
"170f6274-6113-4b34-abac-b9f1a874d665","D18","OKSR","OKSR.AOS.reach","2017-06-07T21:21Z","2017-06-07T21:21Z","OKSR.20170607.KICKNET.7",,,,"Ceratopogoninae sp.",,1,"OKSR.20170607.KICKNET.7.CERATOPOGONINAE SP.",,,"EcoAnalysts Inc.",
"3e347dbc-7386-4842-b81a-b4658e4c47f7","D18","OKSR","OKSR.AOS.reach","2017-06-07T21:21Z","2017-06-07T21:21Z","OKSR.20170607.SURBER.4",,,,"Brachycentrus americanus",,1,"OKSR.20170607.SURBER.4.BRACHYCENTRUS AMERICANUS",,,"EcoAnalysts Inc.",
"e4a65994-03ad-41e7-93c0-027b2ade1133","D18","OKSR","OKSR.AOS.reach","2017-06-07T21:21Z","2017-06-07T21:21Z","OKSR.20170607.KICKNET.1",,,,"Simuliidae sp.",,4,"OKSR.20170607.KICKNET.1.SIMULIIDAE SP.",,,"EcoAnalysts Inc.",
"1990d1c5-a0a9-489f-852f-300118456621","D18","OKSR","OKSR.AOS.reach","2017-06-07T21:21Z","2017-06-07T21:21Z","OKSR.20170607.KICKNET.1",,,,"Chloroperlidae sp.",,1,"OKSR.20170607.KICKNET.1.CHLOROPERLIDAE SP.",,,"EcoAnalysts Inc.",
"2eb35797-aba0-4f63-a7ef-1366e85e5c86","D18","OKSR","OKSR.AOS.reach","2017-06-07T21:21Z","2017-06-07T21:21Z","OKSR.20170607.KICKNET.1",,,,"Lasiodiamesa sp.",,1,"OKSR.20170607.KICKNET.1.LASIODIAMESA SP.",,,"EcoAnalysts Inc.",
"9d520656-0faa-48a5-a5de-78151e4a287c","D18","OKSR","OKSR.AOS.reach","2017-06-07T21:21Z","2017-06-07T21:21Z","OKSR.20170607.KICKNET.1",,,,"Tipula sp.",,1,"OKSR.20170607.KICKNET.1.TIPULA SP.",,,"EcoAnalysts Inc.",
"cb9bbcec-35fc-4c9b-86b7-173583e3912c","D18","OKSR","OKSR.AOS.reach","2017-06-07T21:21Z","2017-06-07T21:21Z","OKSR.20170607.KICKNET.7",,,,"Polypedilum scalaenum gr.",,2,"OKSR.20170607.KICKNET.7.POLYPEDILUM SCALAENUM GR.",,,"EcoAnalysts Inc.",
"0d7b3684-0f51-4986-896e-1d2b5eea66e3","D18","OKSR","OKSR.AOS.reach","2017-06-07T21:21Z","2017-06-07T21:21Z","OKSR.20170607.KICKNET.8",,,,"Trichotanypus sp.",,1,"OKSR.20170607.KICKNET.8.TRICHOTANYPUS SP.",,,"EcoAnalysts Inc.",
"d07cef53-73e0-47e6-8a6f-315e45bdc134","D18","OKSR","OKSR.AOS.reach","2017-06-07T21:21Z","2017-06-07T21:21Z","OKSR.20170607.KICKNET.3",,,,"Ephemeroptera sp.",,3,"OKSR.20170607.KICKNET.3.EPHEMEROPTERA SP.",,,"EcoAnalysts Inc.",
"680f9817-1c67-4b37-8cac-8903ad300e45","D18","OKSR","OKSR.AOS.reach","2017-06-07T21:21Z","2017-06-07T21:21Z","OKSR.20170607.KICKNET.1",,,,"Feltria sp.",,5,"OKSR.20170607.KICKNET.1.FELTRIA SP.",,,"EcoAnalysts Inc.",
"214574f0-5def-4de8-95b6-3cb7b1dce5b5","D18","OKSR","OKSR.AOS.reach","2017-06-07T21:21Z","2017-06-07T21:21Z","OKSR.20170607.SURBER.4",,,,"Simuliidae sp.",,5,"OKSR.20170607.SURBER.4.SIMULIIDAE SP.",,,"EcoAnalysts Inc.",
