uid,domainID,siteID,namedLocation,collectDate,sortDate,qcSortDate,sampleID,sampleCode,mixedInvertVialID,mixedInvertVialCode,chironomidVialID,chironomidVialCode,oligochaeteVialID,oligochaeteVialCode,largeInvertVialID,largeInvertVialCode,testProtocolVersion,primaryMatrix,preRinseVolume,postRinseVolume,subsamplePercent,qcSortingEfficacy,qcIterationCount,qcPercentSimilarity,laboratoryName,sortedBy,qcSortedBy,benchRemarks,dataQF,qcEnumerationDifference,qcTaxonomicDifference
"8a6d1da5-6252-494b-b4c4-2333285c5cec","D18","OKSR","OKSR.AOS.reach","2017-06-07T21:21Z","2018-01-03","2018-01-03","OKSR.20170607.KICKNET.5",,"OKSR.20170607.KICKNET.5",,,,,,,,"ECOANALYSTS_Macroinvertebrate_Identification_Revision4","fine organic",,,20.8,100.0,1,,"EcoAnalysts Inc.","nvO9dEMKYf3II1WEm9Fr0w==","vKmhVFWTDWQ=",,,,
"6d3d01c6-a5fb-4981-b56e-149434ed8c3e","D18","OKSR","OKSR.AOS.reach","2017-06-07T21:21Z","2018-01-03","2018-01-03","OKSR.20170607.SURBER.6",,"OKSR.20170607.SURBER.6",,,,,,,,"ECOANALYSTS_Macroinvertebrate_Identification_Revision4","coarse organic",,,100.0,98.8,1,,"EcoAnalysts Inc.","FDBFIfBktdl+XmYpYZQBzg==","vKmhVFWTDWQ=",,,,
"b02ec793-e0d0-4f7b-8d6e-8cce7274c2c4","D18","OKSR","OKSR.AOS.reach","2017-06-07T21:21Z","2018-01-03","2018-01-03","OKSR.20170607.KICKNET.8",,"OKSR.20170607.KICKNET.8",,,,,,,,"ECOANALYSTS_Macroinvertebrate_Identification_Revision4","coarse organic",,,75.0,98.7,1,,"EcoAnalysts Inc.","FDBFIfBktdl+XmYpYZQBzg==","BiR1PG3qYHnG+SNIMM2WVA==",".025L washed out at setup",,,
"7ead50fb-0e18-45f2-b723-95fe33d01c03","D18","OKSR","OKSR.AOS.reach","2017-06-07T21:21Z","2017-12-31","2018-01-03","OKSR.20170607.KICKNET.1",,"OKSR.20170607.KICKNET.1",,,,,,,,"ECOANALYSTS_Macroinvertebrate_Identification_Revision4","other (specified in remarks)",,,18.8,100.0,1,,"EcoAnalysts Inc.","FDBFIfBktdl+XmYpYZQBzg==","vKmhVFWTDWQ=","Primary Matrix is Bugs; .025L washed out at setup",,,
"7e1f6314-62ef-4e51-a47e-cc01226ef17c","D18","OKSR","OKSR.AOS.reach","2017-06-07T21:21Z","2018-01-03","2018-01-03","OKSR.20170607.SURBER.2",,"OKSR.20170607.SURBER.2",,,,,,,,"ECOANALYSTS_Macroinvertebrate_Identification_Revision4","other (specified in remarks)",,,75.0,98.7,1,,"EcoAnalysts Inc.","FDBFIfBktdl+XmYpYZQBzg==","vKmhVFWTDWQ=","Primary Matrix is Bugs; .025L washed out at setup",,,
"93fbb78c-153d-4962-b955-fcc781d5d2b1","D18","OKSR","OKSR.AOS.reach","2017-06-07T21:21Z","2018-01-02","2018-01-03","OKSR.20170607.SURBER.4",,"OKSR.20170607.SURBER.4",,,,,,,,"ECOANALYSTS_Macroinvertebrate_Identification_Revision4","fine organic",,,100.0,100.0,1,,"EcoAnalysts Inc.","nvO9dEMKYf3II1WEm9Fr0w==","vKmhVFWTDWQ=",,,,
"a1214ae6-b1b0-4672-8de0-74f3c83397d2","D18","OKSR","OKSR.AOS.reach","2017-06-07T21:21Z","2018-01-03","2018-01-03","OKSR.20170607.KICKNET.3",,"OKSR.20170607.KICKNET.3",,,,,,,,"ECOANALYSTS_Macroinvertebrate_Identification_Revision4","fine organic",,,75.0,100.0,1,,"EcoAnalysts Inc.","pOEkMiK23Js6oQ5QN8ELrQ==","vKmhVFWTDWQ=",,,,
"cad66670-f989-43e2-996c-6c2aa5374dcd","D18","OKSR","OKSR.AOS.reach","2017-06-07T21:21Z","2018-01-04","2018-01-04","OKSR.20170607.KICKNET.7",,"OKSR.20170607.KICKNET.7",,,,,,,,"ECOANALYSTS_Macroinvertebrate_Identification_Revision4","fine organic",,,62.5,100.0,1,,"EcoAnalysts Inc.","pOEkMiK23Js6oQ5QN8ELrQ==","BiR1PG3qYHnG+SNIMM2WVA==",,,,
