uid,domainID,siteID,namedLocation,decimalLatitude,decimalLongitude,coordinateUncertainty,geodeticDatum,elevation,elevationUncertainty,aquaticSiteType,collectDate,eventID,boutNumber,sampleID,sampleCode,sampleCondition,geneticSampleID,geneticSampleCode,geneticSampleCond,samplingProtocolVersion,samplingImpractical,biophysicalCriteria,habitatType,samplerType,sampleNumber,substratumSizeClass,benthicArea,ponarDepth,snagLength,snagDiameter,dnaSnagLength,dnaSnagDiameter,remarks,recordedBy,collectedBy,dataQF
"809490b7-e9e6-494e-a37b-b542a26a2ace","D18","OKSR","OKSR.AOS.reach",68.669753,-149.143018,1000.0,"WGS84",766.0,1000.0,"stream","2017-06-07T21:21Z","OKSR.20170607",1,"OKSR.20170607.SURBER.4",,,,,,"NEON.DOC.003046vA",,,"riffle","surber",4,"cobble",0.093,,,,,,,"hmasters@battelleecology.org","ahuff@battelleecology.org",
"1cd688de-b9ca-411a-8bf5-53f029298b92","D18","OKSR","OKSR.AOS.reach",68.669753,-149.143018,1000.0,"WGS84",766.0,1000.0,"stream","2017-06-07T21:21Z","OKSR.20170607",1,"OKSR.20170607.KICKNET.5",,,,,,"NEON.DOC.003046vA",,,"run","modifiedKicknet",5,"cobble",0.250,,,,,,,"hmasters@battelleecology.org","ahuff@battelleecology.org",
"d0083bd2-6cd8-4d48-b25a-37a2b247215f","D18","OKSR","OKSR.AOS.reach",68.669753,-149.143018,1000.0,"WGS84",766.0,1000.0,"stream","2017-06-07T21:21Z","OKSR.20170607",1,"OKSR.20170607.KICKNET.8",,,,,,"NEON.DOC.003046vA",,,"run","modifiedKicknet",8,"cobble",0.250,,,,,,,"hmasters@battelleecology.org","ahuff@battelleecology.org",
"450b6cae-880b-4fff-a838-49337f37b498","D18","OKSR","OKSR.AOS.reach",68.669753,-149.143018,1000.0,"WGS84",766.0,1000.0,"stream","2017-06-07T21:21Z","OKSR.20170607",1,"OKSR.20170607.KICKNET.3",,,,,,"NEON.DOC.003046vA",,,"run","modifiedKicknet",3,"cobble",0.250,,,,,,,"hmasters@battelleecology.org","ahuff@battelleecology.org",
"369ef854-7ff3-4e26-afc7-9bb637b7cbe1","D18","OKSR","OKSR.AOS.reach",68.669753,-149.143018,1000.0,"WGS84",766.0,1000.0,"stream","2017-06-07T21:21Z","OKSR.20170607",1,"OKSR.20170607.SURBER.6",,,,,,"NEON.DOC.003046vA",,,"riffle","surber",6,"cobble",0.093,,,,,,,"hmasters@battelleecology.org","ahuff@battelleecology.org",
"369e3c80-8773-455d-a2c1-73ed55b991ab","D18","OKSR","OKSR.AOS.reach",68.669753,-149.143018,1000.0,"WGS84",766.0,1000.0,"stream","2017-06-07T21:21Z","OKSR.20170607",1,"OKSR.20170607.KICKNET.7",,,,,,"NEON.DOC.003046vA",,,"run","modifiedKicknet",7,"cobble",0.250,,,,,,,"hmasters@battelleecology.org","ahuff@battelleecology.org",
"dfd504e1-188a-4ba6-852b-68e5815504b7","D18","OKSR","OKSR.AOS.reach",68.669753,-149.143018,1000.0,"WGS84",766.0,1000.0,"stream","2017-06-07T21:21Z","OKSR.20170607",1,"OKSR.20170607.KICKNET.1",,,,,,"NEON.DOC.003046vA",,,"run","modifiedKicknet",1,"cobble",0.250,,,,,,,"hmasters@battelleecology.org","ahuff@battelleecology.org",
"bba6d5a8-0aaa-49e4-9dec-95dec74900e2","D18","OKSR","OKSR.AOS.reach",68.669753,-149.143018,1000.0,"WGS84",766.0,1000.0,"stream","2017-06-07T21:21Z","OKSR.20170607",1,"OKSR.20170607.SURBER.2",,,,,,"NEON.DOC.003046vA",,,"riffle","surber",2,"cobble",0.093,,,,,,,"hmasters@battelleecology.org","ahuff@battelleecology.org",
