uid,domainID,siteID,namedLocation,collectDate,sortDate,qcSortDate,sampleID,sampleCode,mixedInvertVialID,mixedInvertVialCode,chironomidVialID,chironomidVialCode,oligochaeteVialID,oligochaeteVialCode,largeInvertVialID,largeInvertVialCode,testProtocolVersion,primaryMatrix,preRinseVolume,postRinseVolume,subsamplePercent,qcSortingEfficacy,qcIterationCount,qcPercentSimilarity,laboratoryName,sortedBy,qcSortedBy,benchRemarks,dataQF,qcEnumerationDifference,qcTaxonomicDifference
"3169be24-aa2a-4f64-acfc-4472cea7c6fd","D08","MAYF","MAYF.AOS.reach","2018-07-26T14:17Z","2018-10-19","2018-10-25","MAYF.20180726.CORE.3","A00000014303","MAYF.20180726.CORE.3",,,,,,,,"ECOANALYSTS_Macroinvertebrate_Identification_Revision4","fine organic",0.03,0.03,100.0,100.0,2,,"EcoAnalysts Inc.","7fjBP78Guy6YsiMxuAF1NQ==","nvO9dEMKYf3II1WEm9Fr0w==",,,,
"cf2c4c95-4c5f-40e1-9f9f-d1b25da4085e","D08","MAYF","MAYF.AOS.reach","2018-07-26T14:17Z","2018-10-28","2018-10-30","MAYF.20180726.SNAG.3","A00000014302","MAYF.20180726.SNAG.3",,,,,,,,"ECOANALYSTS_Macroinvertebrate_Identification_Revision4","coarse organic",0.08,0.05,100.0,91.4,1,,"EcoAnalysts Inc.","nvO9dEMKYf3II1WEm9Fr0w==","CBtXit/4I2Wo31ut9nAUtQ==",,,,
"8e0caeb6-48ae-427c-99a6-4eb59e0e4681","D08","MAYF","MAYF.AOS.reach","2018-07-26T14:17Z","2018-10-19","2018-10-25","MAYF.20180726.CORE.1","A00000014301","MAYF.20180726.CORE.1",,,,,,,,"ECOANALYSTS_Macroinvertebrate_Identification_Revision4","fine organic",0.01,0.01,100.0,100.0,1,,"EcoAnalysts Inc.","7fjBP78Guy6YsiMxuAF1NQ==","nvO9dEMKYf3II1WEm9Fr0w==",,,,
"47bb2932-4aad-44b6-86e4-8e9cf425a77b","D08","MAYF","MAYF.AOS.reach","2018-07-26T14:17Z","2018-10-19","2018-10-25","MAYF.20180726.CORE.2","A00000014286","MAYF.20180726.CORE.2",,,,,,,,"ECOANALYSTS_Macroinvertebrate_Identification_Revision4","fine organic",0.01,0.01,100.0,100.0,1,,"EcoAnalysts Inc.","7fjBP78Guy6YsiMxuAF1NQ==","nvO9dEMKYf3II1WEm9Fr0w==",,,,
"832efa4a-8bf5-4729-adab-2623a3530fae","D08","MAYF","MAYF.AOS.reach","2018-07-26T14:17Z","2018-10-28","2018-10-30","MAYF.20180726.SNAG.2","A00000014284","MAYF.20180726.SNAG.2",,,,,,,,"ECOANALYSTS_Macroinvertebrate_Identification_Revision4","coarse organic",0.35,0.20,70.8,97.5,1,,"EcoAnalysts Inc.","nvO9dEMKYf3II1WEm9Fr0w==","CBtXit/4I2Wo31ut9nAUtQ==",,,,
"94e5423f-b6f1-4b51-a05d-a29f714e8b51","D08","MAYF","MAYF.AOS.reach","2018-07-26T14:17Z","2018-10-19","2018-10-25","MAYF.20180726.SNAG.1","A00000014282","MAYF.20180726.SNAG.1",,,,,,,,"ECOANALYSTS_Macroinvertebrate_Identification_Revision4","coarse organic",0.06,0.06,100.0,97.1,2,,"EcoAnalysts Inc.","7fjBP78Guy6YsiMxuAF1NQ==","nvO9dEMKYf3II1WEm9Fr0w==",,,,
"7ec8fb23-b996-4882-a7d7-d5b95d759259","D08","MAYF","MAYF.AOS.reach","2018-07-26T14:17Z","2018-10-24","2018-10-29","MAYF.20180726.SNAG.4","A00000014287","MAYF.20180726.SNAG.4",,,,,,,,"ECOANALYSTS_Macroinvertebrate_Identification_Revision4","other (specified in remarks)",0.08,0.01,100.0,94.4,1,,"EcoAnalysts Inc.","nvO9dEMKYf3II1WEm9Fr0w==","CBtXit/4I2Wo31ut9nAUtQ==","Primary Matrix is Inorganic",,,
"e7b8e796-d84b-43b4-aa58-55e71dd53d85","D08","MAYF","MAYF.AOS.reach","2018-07-26T14:17Z","2018-10-24","2018-10-29","MAYF.20180726.SNAG.5","A00000014304","MAYF.20180726.SNAG.5",,,,,,,,"ECOANALYSTS_Macroinvertebrate_Identification_Revision4","fine organic",0.05,0.01,100.0,95.1,1,,"EcoAnalysts Inc.","nvO9dEMKYf3II1WEm9Fr0w==","AWuQPoGBzik=",,,1.1,5.1
