uid,domainID,siteID,namedLocation,startDate,collectDate,sampleID,sampleCode,slideID,slideCode,scientificName,morphospeciesID,referenceCount,referenceID,referenceCode,archiveLabSampleMedium,laboratoryName,dataQF
"0560c4a6-4218-49ed-9737-68bbb592b0f5","D08","MAYF","MAYF.AOS.reach","2018-07-26T14:17Z","2018-07-26T14:17Z","MAYF.20180726.SNAG.3","A00000014302",,,"Mayatrichia sp.",,1,"MAYF.20180726.SNAG.3.MAYATRICHIA SP.",,,"EcoAnalysts Inc.",
"6a804aad-37f0-4c5d-a9a9-51fee6e91188","D08","MAYF","MAYF.AOS.reach","2018-07-26T14:17Z","2018-07-26T14:17Z","MAYF.20180726.SNAG.1","A00000014282",,,"Anisocentropus pyraloides",,1,"MAYF.20180726.SNAG.1.ANISOCENTROPUS PYRALOIDES",,,"EcoAnalysts Inc.",
"5e5337ca-145f-4b54-9d8b-e5256d18248f","D08","MAYF","MAYF.AOS.reach","2018-07-26T14:17Z","2018-07-26T14:17Z","MAYF.20180726.SNAG.1","A00000014282",,,"Heteroplectron americanum",,1,"MAYF.20180726.SNAG.1.HETEROPLECTRON AMERICANUM",,,"EcoAnalysts Inc.",
"28ff140f-1dda-4c60-bda0-91e1c6310e9c","D08","MAYF","MAYF.AOS.reach","2018-07-26T14:17Z","2018-07-26T14:17Z","MAYF.20180726.SNAG.5","A00000014304",,,"Apsectrotanypus sp.",,1,"MAYF.20180726.SNAG.5.APSECTROTANYPUS SP.",,,"EcoAnalysts Inc.",
