uid,domainID,siteID,namedLocation,decimalLatitude,decimalLongitude,coordinateUncertainty,geodeticDatum,elevation,elevationUncertainty,aquaticSiteType,collectDate,eventID,boutNumber,sampleID,sampleCode,sampleCondition,geneticSampleID,geneticSampleCode,geneticSampleCond,samplingProtocolVersion,samplingImpractical,biophysicalCriteria,habitatType,samplerType,sampleNumber,substratumSizeClass,benthicArea,ponarDepth,snagLength,snagDiameter,dnaSnagLength,dnaSnagDiameter,remarks,recordedBy,collectedBy,dataQF
"06a969e6-f799-4ef7-bcb7-b91744256162","D08","MAYF","MAYF.AOS.reach",32.960365,-87.407688,1000.0,"WGS84",76.7,1000.0,"stream","2018-07-26T14:17Z","MAYF.20180726",2,"MAYF.20180726.SNAG.1","A00000014282",,"MAYF.20180726.SNAG.1.DNA","A00000014281",,"NEON.DOC.003046vC",,,"riffle","snag",1,"sand",0.110,,70.00,5.00,,,"DNA snag length - 108 diameter 5","mkoerner@battelleecology.org","jgalloway@battelleecology.org",
"895cb334-7305-4b53-8eed-a539bc0d0695","D08","MAYF","MAYF.AOS.reach",32.960365,-87.407688,1000.0,"WGS84",76.7,1000.0,"stream","2018-07-26T14:17Z","MAYF.20180726",2,"MAYF.20180726.SNAG.5","A00000014304",,,,,"NEON.DOC.003046vC",,,"run","snag",5,"sand",0.174,,85.00,6.50,,,"Should be sample number 9","mkoerner@battelleecology.org","jgalloway@battelleecology.org",
"b5aa636f-b1c9-4806-8da3-367ebd3ee366","D08","MAYF","MAYF.AOS.reach",32.960365,-87.407688,1000.0,"WGS84",76.7,1000.0,"stream","2018-07-26T14:17Z","MAYF.20180726",2,"MAYF.20180726.SNAG.3","A00000014302",,"MAYF.20180726.SNAG.3.DNA","A00000014285",,"NEON.DOC.003046vC",,,"run","snag",3,"sand",0.179,,114.00,5.00,,,"DNA snag length - 32 diameter 4.2","mkoerner@battelleecology.org","jgalloway@battelleecology.org",
"af003686-1126-4e96-b1ba-3ae4836b6ad4","D08","MAYF","MAYF.AOS.reach",32.960365,-87.407688,1000.0,"WGS84",76.7,1000.0,"stream","2018-07-26T14:17Z","MAYF.20180726",2,"MAYF.20180726.CORE.1","A00000014301",,,,,"NEON.DOC.003046vC",,,"run","core",1,"sand",0.006,,,,,,,"mkoerner@battelleecology.org","jgalloway@battelleecology.org",
"212e94dd-742c-4ad0-92b8-125b64dff03b","D08","MAYF","MAYF.AOS.reach",32.960365,-87.407688,1000.0,"WGS84",76.7,1000.0,"stream","2018-07-26T14:17Z","MAYF.20180726",2,"MAYF.20180726.SNAG.4","A00000014287",,,,,"NEON.DOC.003046vC",,,"run","snag",4,"sand",0.142,,82.00,5.50,,,,"mkoerner@battelleecology.org","jgalloway@battelleecology.org",
"3952da96-d0aa-4542-8829-9c8669063818","D08","MAYF","MAYF.AOS.reach",32.960365,-87.407688,1000.0,"WGS84",76.7,1000.0,"stream","2018-07-26T14:17Z","MAYF.20180726",2,"MAYF.20180726.CORE.2","A00000014286",,,,,"NEON.DOC.003046vC",,,"run","core",2,"sand",0.006,,,,,,,"mkoerner@battelleecology.org","jgalloway@battelleecology.org",
"8175e966-7551-43f6-9c13-beb53b89a9d6","D08","MAYF","MAYF.AOS.reach",32.960365,-87.407688,1000.0,"WGS84",76.7,1000.0,"stream","2018-07-26T14:17Z","MAYF.20180726",2,"MAYF.20180726.CORE.3","A00000014303",,,,,"NEON.DOC.003046vC",,,"run","core",3,"sand",0.006,,,,,,,"mkoerner@battelleecology.org","jgalloway@battelleecology.org",
"145d482b-80e7-4ee2-90b1-3f7fad2da7c0","D08","MAYF","MAYF.AOS.reach",32.960365,-87.407688,1000.0,"WGS84",76.7,1000.0,"stream","2018-07-26T14:17Z","MAYF.20180726",2,"MAYF.20180726.SNAG.2","A00000014284",,"MAYF.20180726.SNAG.2.DNA","A00000014283",,"NEON.DOC.003046vC",,,"run","snag",2,"sand",0.050,,53.00,3.00,,,"DNA snag length - 63 diameter - 7.2","mkoerner@battelleecology.org","jgalloway@battelleecology.org",
