uid,domainID,siteID,namedLocation,eventID,samplingImpractical,replicateNumber,decimalLatitude,decimalLongitude,geodeticDatum,coordinateUncertainty,elevation,elevationUncertainty,startDate,samplingProtocolVersion,measurementLocation,measurementDirection,totalDensiometerPoints,coveredDensiometerPoints,canopyCoverPercent,remarks,collectedBy,recordedBy,dataQF
"8c2e2426-c4fe-4fd0-8b4c-573b8e8bf39a","D17","BIGC","BIGC.AOS.riparian.transect.10",,,,37.062682,-119.259594,"WGS84",0.4,1139.5,0.3,"2018-07-11T16:02Z","NEON.DOC.003826vC","Center","river Right",17,11,64.7,,"wAKYD/eAH2+H7ZzKDwUwyXH8yJUJ2tB9PP5h5fu6Vn4=","lX3vzM5VjEj+xgIr43jXDA9H25QCvS0VHwma6LUTkqw=",
"1ff753dc-9742-4572-a3a2-c8e1f5008987","D17","BIGC","BIGC.AOS.riparian.transect.10",,,,37.062682,-119.259594,"WGS84",0.4,1139.5,0.3,"2018-07-11T16:02Z","NEON.DOC.003826vC","Left Bank","river Left",17,14,82.4,,"wAKYD/eAH2+H7ZzKDwUwyXH8yJUJ2tB9PP5h5fu6Vn4=","lX3vzM5VjEj+xgIr43jXDA9H25QCvS0VHwma6LUTkqw=",
"fe4af2d6-bf06-4100-a685-fa7c229921b3","D17","BIGC","BIGC.AOS.riparian.transect.10",,,,37.062682,-119.259594,"WGS84",0.4,1139.5,0.3,"2018-07-11T16:02Z","NEON.DOC.003826vC","Center","river Left",17,13,76.5,,"wAKYD/eAH2+H7ZzKDwUwyXH8yJUJ2tB9PP5h5fu6Vn4=","lX3vzM5VjEj+xgIr43jXDA9H25QCvS0VHwma6LUTkqw=",
"24ff3f1a-9df9-47eb-9632-07af9bc5a44c","D17","BIGC","BIGC.AOS.riparian.transect.06",,,,37.060366,-119.257965,"WGS84",0.3,1135.0,0.2,"2018-07-11T16:02Z","NEON.DOC.003826vC","Right Bank","river Right",17,17,100.0,,"wAKYD/eAH2+H7ZzKDwUwyXH8yJUJ2tB9PP5h5fu6Vn4=","lX3vzM5VjEj+xgIr43jXDA9H25QCvS0VHwma6LUTkqw=",
"72397f7c-ede4-4b60-a6d3-35be05aa8bce","D17","BIGC","BIGC.AOS.riparian.transect.03",,,,37.058766,-119.256738,"WGS84",0.3,1135.0,0.3,"2018-07-11T16:02Z","NEON.DOC.003826vC","Center","downstream",17,12,70.6,,"wAKYD/eAH2+H7ZzKDwUwyXH8yJUJ2tB9PP5h5fu6Vn4=","lX3vzM5VjEj+xgIr43jXDA9H25QCvS0VHwma6LUTkqw=",
"bce48bc1-4c59-42ad-9f9c-273765484695","D17","BIGC","BIGC.AOS.riparian.transect.06",,,,37.060366,-119.257965,"WGS84",0.3,1135.0,0.2,"2018-07-11T16:02Z","NEON.DOC.003826vC","Left Bank","river Left",17,16,94.1,,"wAKYD/eAH2+H7ZzKDwUwyXH8yJUJ2tB9PP5h5fu6Vn4=","lX3vzM5VjEj+xgIr43jXDA9H25QCvS0VHwma6LUTkqw=",
"900df656-4a02-4103-a4ec-298fcdca828d","D17","BIGC","BIGC.AOS.riparian.transect.08",,,,37.061671,-119.258119,"WGS84",0.7,1133.1,0.5,"2018-07-11T16:02Z","NEON.DOC.003826vC","Center","upstream",17,11,64.7,,"wAKYD/eAH2+H7ZzKDwUwyXH8yJUJ2tB9PP5h5fu6Vn4=","lX3vzM5VjEj+xgIr43jXDA9H25QCvS0VHwma6LUTkqw=",
"98446606-8ab7-48f6-8a63-9ee1e403f0cd","D17","BIGC","BIGC.AOS.riparian.transect.01",,,,37.057635,-119.255467,"WGS84",0.4,1132.2,0.3,"2018-07-11T16:02Z","NEON.DOC.003826vC","Left Bank","river Left",17,15,88.2,,"wAKYD/eAH2+H7ZzKDwUwyXH8yJUJ2tB9PP5h5fu6Vn4=","lX3vzM5VjEj+xgIr43jXDA9H25QCvS0VHwma6LUTkqw=",
"f8c9727f-6285-45f1-96e7-70f73b5f4bff","D17","BIGC","BIGC.AOS.riparian.transect.03",,,,37.058766,-119.256738,"WGS84",0.3,1135.0,0.3,"2018-07-11T16:02Z","NEON.DOC.003826vC","Left Bank","river Left",17,16,94.1,,"wAKYD/eAH2+H7ZzKDwUwyXH8yJUJ2tB9PP5h5fu6Vn4=","lX3vzM5VjEj+xgIr43jXDA9H25QCvS0VHwma6LUTkqw=",
"bf8417d0-a256-47e4-8e36-60fb53b27215","D17","BIGC","BIGC.AOS.riparian.transect.08",,,,37.061671,-119.258119,"WGS84",0.7,1133.1,0.5,"2018-07-11T16:02Z","NEON.DOC.003826vC","Center","downstream",17,14,82.4,,"wAKYD/eAH2+H7ZzKDwUwyXH8yJUJ2tB9PP5h5fu6Vn4=","lX3vzM5VjEj+xgIr43jXDA9H25QCvS0VHwma6LUTkqw=",
"2c1098ba-0b8d-4d3a-8b9c-ab9fc7a3d06b","D17","BIGC","BIGC.AOS.riparian.transect.03",,,,37.058766,-119.256738,"WGS84",0.3,1135.0,0.3,"2018-07-11T16:02Z","NEON.DOC.003826vC","Center","river Left",17,15,88.2,,"wAKYD/eAH2+H7ZzKDwUwyXH8yJUJ2tB9PP5h5fu6Vn4=","lX3vzM5VjEj+xgIr43jXDA9H25QCvS0VHwma6LUTkqw=",
"80d65c77-bf4a-40ce-b75d-cfba412efac4","D17","BIGC","BIGC.AOS.riparian.transect.04",,,,37.059491,-119.257368,"WGS84",0.6,1149.7,0.3,"2018-07-11T16:02Z","NEON.DOC.003826vC","Center","upstream",17,11,64.7,,"wAKYD/eAH2+H7ZzKDwUwyXH8yJUJ2tB9PP5h5fu6Vn4=","lX3vzM5VjEj+xgIr43jXDA9H25QCvS0VHwma6LUTkqw=",
"1198787a-0549-4e39-8b01-14bbb4c6de8c","D17","BIGC","BIGC.AOS.riparian.transect.07",,,,37.060952,-119.258135,"WGS84",0.4,1150.8,0.3,"2018-07-11T16:02Z","NEON.DOC.003826vC","Center","river Left",17,16,94.1,,"wAKYD/eAH2+H7ZzKDwUwyXH8yJUJ2tB9PP5h5fu6Vn4=","lX3vzM5VjEj+xgIr43jXDA9H25QCvS0VHwma6LUTkqw=",
"7916d0eb-e17e-4d3a-a075-a275f1f00349","D17","BIGC","BIGC.AOS.riparian.transect.06",,,,37.060366,-119.257965,"WGS84",0.3,1135.0,0.2,"2018-07-11T16:02Z","NEON.DOC.003826vC","Center","upstream",17,15,88.2,,"wAKYD/eAH2+H7ZzKDwUwyXH8yJUJ2tB9PP5h5fu6Vn4=","lX3vzM5VjEj+xgIr43jXDA9H25QCvS0VHwma6LUTkqw=",
"19b49f97-58c7-4850-a7c5-0f7545a9f82b","D17","BIGC","BIGC.AOS.riparian.transect.02",,,,37.058165,-119.256196,"WGS84",0.6,1133.8,0.5,"2018-07-11T16:02Z","NEON.DOC.003826vC","Center","river Left",17,10,58.8,,"wAKYD/eAH2+H7ZzKDwUwyXH8yJUJ2tB9PP5h5fu6Vn4=","lX3vzM5VjEj+xgIr43jXDA9H25QCvS0VHwma6LUTkqw=",
"070307d8-d165-4388-b84f-7e2493b83e3f","D17","BIGC","BIGC.AOS.riparian.transect.01",,,,37.057635,-119.255467,"WGS84",0.4,1132.2,0.3,"2018-07-11T16:02Z","NEON.DOC.003826vC","Center","river Right",17,16,94.1,,"wAKYD/eAH2+H7ZzKDwUwyXH8yJUJ2tB9PP5h5fu6Vn4=","lX3vzM5VjEj+xgIr43jXDA9H25QCvS0VHwma6LUTkqw=",
"b8187627-db9f-431f-ae82-3b581555ec4a","D17","BIGC","BIGC.AOS.riparian.transect.07",,,,37.060952,-119.258135,"WGS84",0.4,1150.8,0.3,"2018-07-11T16:02Z","NEON.DOC.003826vC","Left Bank","river Left",17,16,94.1,,"wAKYD/eAH2+H7ZzKDwUwyXH8yJUJ2tB9PP5h5fu6Vn4=","lX3vzM5VjEj+xgIr43jXDA9H25QCvS0VHwma6LUTkqw=",
"fca581d3-0e5a-4612-9d7e-9478f669aee6","D17","BIGC","BIGC.AOS.riparian.transect.06",,,,37.060366,-119.257965,"WGS84",0.3,1135.0,0.2,"2018-07-11T16:02Z","NEON.DOC.003826vC","Center","river Right",17,16,94.1,,"wAKYD/eAH2+H7ZzKDwUwyXH8yJUJ2tB9PP5h5fu6Vn4=","lX3vzM5VjEj+xgIr43jXDA9H25QCvS0VHwma6LUTkqw=",
"bd3cb54d-9563-43a5-8e35-bc1309b75506","D17","BIGC","BIGC.AOS.riparian.transect.04",,,,37.059491,-119.257368,"WGS84",0.6,1149.7,0.3,"2018-07-11T16:02Z","NEON.DOC.003826vC","Right Bank","river Right",17,13,76.5,,"wAKYD/eAH2+H7ZzKDwUwyXH8yJUJ2tB9PP5h5fu6Vn4=","lX3vzM5VjEj+xgIr43jXDA9H25QCvS0VHwma6LUTkqw=",
"3d6d2562-839c-4e5e-87e5-3fcd00006f05","D17","BIGC","BIGC.AOS.riparian.transect.03",,,,37.058766,-119.256738,"WGS84",0.3,1135.0,0.3,"2018-07-11T16:02Z","NEON.DOC.003826vC","Center","river Right",17,15,88.2,,"wAKYD/eAH2+H7ZzKDwUwyXH8yJUJ2tB9PP5h5fu6Vn4=","lX3vzM5VjEj+xgIr43jXDA9H25QCvS0VHwma6LUTkqw=",
"bda2df90-693a-4717-893c-be5c4254c01d","D17","BIGC","BIGC.AOS.riparian.transect.01",,,,37.057635,-119.255467,"WGS84",0.4,1132.2,0.3,"2018-07-11T16:02Z","NEON.DOC.003826vC","Center","river Left",17,16,94.1,,"wAKYD/eAH2+H7ZzKDwUwyXH8yJUJ2tB9PP5h5fu6Vn4=","lX3vzM5VjEj+xgIr43jXDA9H25QCvS0VHwma6LUTkqw=",
"2b1f7cb8-eb91-49ea-a07e-194b3efbd99d","D17","BIGC","BIGC.AOS.riparian.transect.07",,,,37.060952,-119.258135,"WGS84",0.4,1150.8,0.3,"2018-07-11T16:02Z","NEON.DOC.003826vC","Right Bank","river Right",17,17,100.0,,"wAKYD/eAH2+H7ZzKDwUwyXH8yJUJ2tB9PP5h5fu6Vn4=","lX3vzM5VjEj+xgIr43jXDA9H25QCvS0VHwma6LUTkqw=",
"e184f5e4-46db-4c00-b827-df47a2bf48c3","D17","BIGC","BIGC.AOS.riparian.transect.02",,,,37.058165,-119.256196,"WGS84",0.6,1133.8,0.5,"2018-07-11T16:02Z","NEON.DOC.003826vC","Center","upstream",17,8,47.1,,"wAKYD/eAH2+H7ZzKDwUwyXH8yJUJ2tB9PP5h5fu6Vn4=","lX3vzM5VjEj+xgIr43jXDA9H25QCvS0VHwma6LUTkqw=",
"a4329ed7-5f68-4a60-95af-0a202eac6ce1","D17","BIGC","BIGC.AOS.riparian.transect.09",,,,37.062020,-119.258550,"WGS84",0.6,1134.5,0.3,"2018-07-11T16:02Z","NEON.DOC.003826vC","Center","river Right",17,15,88.2,,"wAKYD/eAH2+H7ZzKDwUwyXH8yJUJ2tB9PP5h5fu6Vn4=","lX3vzM5VjEj+xgIr43jXDA9H25QCvS0VHwma6LUTkqw=",
"a4c54561-f249-4533-a5af-e540ab8d6553","D17","BIGC","BIGC.AOS.riparian.transect.05",,,,37.059846,-119.257886,"WGS84",0.3,1133.1,0.2,"2018-07-11T16:02Z","NEON.DOC.003826vC","Center","downstream",17,9,52.9,,"wAKYD/eAH2+H7ZzKDwUwyXH8yJUJ2tB9PP5h5fu6Vn4=","lX3vzM5VjEj+xgIr43jXDA9H25QCvS0VHwma6LUTkqw=",
"4f7a97ef-b00f-434c-a7b5-e10cbf5575ac","D17","BIGC","BIGC.AOS.riparian.transect.06",,,,37.060366,-119.257965,"WGS84",0.3,1135.0,0.2,"2018-07-11T16:02Z","NEON.DOC.003826vC","Center","river Left",17,16,94.1,,"wAKYD/eAH2+H7ZzKDwUwyXH8yJUJ2tB9PP5h5fu6Vn4=","lX3vzM5VjEj+xgIr43jXDA9H25QCvS0VHwma6LUTkqw=",
"a36a8652-bfc2-43e1-ab80-edcd0340a75b","D17","BIGC","BIGC.AOS.riparian.transect.05",,,,37.059846,-119.257886,"WGS84",0.3,1133.1,0.2,"2018-07-11T16:02Z","NEON.DOC.003826vC","Center","river Left",17,7,41.2,,"wAKYD/eAH2+H7ZzKDwUwyXH8yJUJ2tB9PP5h5fu6Vn4=","lX3vzM5VjEj+xgIr43jXDA9H25QCvS0VHwma6LUTkqw=",
"1f45e940-f747-446d-a095-72a337e0e53f","D17","BIGC","BIGC.AOS.riparian.transect.08",,,,37.061671,-119.258119,"WGS84",0.7,1133.1,0.5,"2018-07-11T16:02Z","NEON.DOC.003826vC","Center","river Right",17,13,76.5,,"wAKYD/eAH2+H7ZzKDwUwyXH8yJUJ2tB9PP5h5fu6Vn4=","lX3vzM5VjEj+xgIr43jXDA9H25QCvS0VHwma6LUTkqw=",
"448ff6d2-c9a0-418c-bff3-c424697d4f6e","D17","BIGC","BIGC.AOS.riparian.transect.05",,,,37.059846,-119.257886,"WGS84",0.3,1133.1,0.2,"2018-07-11T16:02Z","NEON.DOC.003826vC","Center","river Right",17,12,70.6,,"wAKYD/eAH2+H7ZzKDwUwyXH8yJUJ2tB9PP5h5fu6Vn4=","lX3vzM5VjEj+xgIr43jXDA9H25QCvS0VHwma6LUTkqw=",
"12e325db-3f8d-483f-b4bb-1965b9979147","D17","BIGC","BIGC.AOS.riparian.transect.03",,,,37.058766,-119.256738,"WGS84",0.3,1135.0,0.3,"2018-07-11T16:02Z","NEON.DOC.003826vC","Center","upstream",17,12,70.6,,"wAKYD/eAH2+H7ZzKDwUwyXH8yJUJ2tB9PP5h5fu6Vn4=","lX3vzM5VjEj+xgIr43jXDA9H25QCvS0VHwma6LUTkqw=",
"15d8cc41-2c9e-471e-bb35-2034e7905ca1","D17","BIGC","BIGC.AOS.riparian.transect.08",,,,37.061671,-119.258119,"WGS84",0.7,1133.1,0.5,"2018-07-11T16:02Z","NEON.DOC.003826vC","Center","river Left",17,15,88.2,,"wAKYD/eAH2+H7ZzKDwUwyXH8yJUJ2tB9PP5h5fu6Vn4=","lX3vzM5VjEj+xgIr43jXDA9H25QCvS0VHwma6LUTkqw=",
"1af2d8ed-a8a6-43f8-9c3e-14b76ca08e76","D17","BIGC","BIGC.AOS.riparian.transect.05",,,,37.059846,-119.257886,"WGS84",0.3,1133.1,0.2,"2018-07-11T16:02Z","NEON.DOC.003826vC","Center","upstream",17,5,29.4,,"wAKYD/eAH2+H7ZzKDwUwyXH8yJUJ2tB9PP5h5fu6Vn4=","lX3vzM5VjEj+xgIr43jXDA9H25QCvS0VHwma6LUTkqw=",
"7911d712-b82b-4fca-8ebb-e1d28699f94d","D17","BIGC","BIGC.AOS.riparian.transect.07",,,,37.060952,-119.258135,"WGS84",0.4,1150.8,0.3,"2018-07-11T16:02Z","NEON.DOC.003826vC","Center","downstream",17,8,47.1,,"wAKYD/eAH2+H7ZzKDwUwyXH8yJUJ2tB9PP5h5fu6Vn4=","lX3vzM5VjEj+xgIr43jXDA9H25QCvS0VHwma6LUTkqw=",
"942c5742-ffd8-453a-a248-1ed2ab8aa669","D17","BIGC","BIGC.AOS.riparian.transect.02",,,,37.058165,-119.256196,"WGS84",0.6,1133.8,0.5,"2018-07-11T16:02Z","NEON.DOC.003826vC","Center","river Right",17,14,82.4,,"wAKYD/eAH2+H7ZzKDwUwyXH8yJUJ2tB9PP5h5fu6Vn4=","lX3vzM5VjEj+xgIr43jXDA9H25QCvS0VHwma6LUTkqw=",
"b274d0ca-a163-46a5-ba80-544798310a3a","D17","BIGC","BIGC.AOS.riparian.transect.01",,,,37.057635,-119.255467,"WGS84",0.4,1132.2,0.3,"2018-07-11T16:02Z","NEON.DOC.003826vC","Right Bank","river Right",17,17,100.0,"Under undercut bank","wAKYD/eAH2+H7ZzKDwUwyXH8yJUJ2tB9PP5h5fu6Vn4=","lX3vzM5VjEj+xgIr43jXDA9H25QCvS0VHwma6LUTkqw=",
"2acf1711-2fd6-4b83-80d9-fe13cae3eaf8","D17","BIGC","BIGC.AOS.riparian.transect.10",,,,37.062682,-119.259594,"WGS84",0.4,1139.5,0.3,"2018-07-11T16:02Z","NEON.DOC.003826vC","Center","downstream",17,14,82.4,,"wAKYD/eAH2+H7ZzKDwUwyXH8yJUJ2tB9PP5h5fu6Vn4=","lX3vzM5VjEj+xgIr43jXDA9H25QCvS0VHwma6LUTkqw=",
"ace66bc8-334c-48c5-a47b-08ff770bc28f","D17","BIGC","BIGC.AOS.riparian.transect.02",,,,37.058165,-119.256196,"WGS84",0.6,1133.8,0.5,"2018-07-11T16:02Z","NEON.DOC.003826vC","Right Bank","river Right",17,13,76.5,,"wAKYD/eAH2+H7ZzKDwUwyXH8yJUJ2tB9PP5h5fu6Vn4=","lX3vzM5VjEj+xgIr43jXDA9H25QCvS0VHwma6LUTkqw=",
"ee0f5623-55e4-41cf-ba56-362660de1103","D17","BIGC","BIGC.AOS.riparian.transect.09",,,,37.062020,-119.258550,"WGS84",0.6,1134.5,0.3,"2018-07-11T16:02Z","NEON.DOC.003826vC","Center","upstream",17,14,82.4,,"wAKYD/eAH2+H7ZzKDwUwyXH8yJUJ2tB9PP5h5fu6Vn4=","lX3vzM5VjEj+xgIr43jXDA9H25QCvS0VHwma6LUTkqw=",
"4e8935df-a8af-4e35-ade0-80bc4ac1075f","D17","BIGC","BIGC.AOS.riparian.transect.03",,,,37.058766,-119.256738,"WGS84",0.3,1135.0,0.3,"2018-07-11T16:02Z","NEON.DOC.003826vC","Right Bank","river Right",17,16,94.1,,"wAKYD/eAH2+H7ZzKDwUwyXH8yJUJ2tB9PP5h5fu6Vn4=","lX3vzM5VjEj+xgIr43jXDA9H25QCvS0VHwma6LUTkqw=",
"4973fb9a-afcb-4fbe-bede-526959d430ee","D17","BIGC","BIGC.AOS.riparian.transect.09",,,,37.062020,-119.258550,"WGS84",0.6,1134.5,0.3,"2018-07-11T16:02Z","NEON.DOC.003826vC","Right Bank","river Right",17,17,100.0,,"wAKYD/eAH2+H7ZzKDwUwyXH8yJUJ2tB9PP5h5fu6Vn4=","lX3vzM5VjEj+xgIr43jXDA9H25QCvS0VHwma6LUTkqw=",
"222fd832-678e-43a6-a1b8-427b5b0235a9","D17","BIGC","BIGC.AOS.riparian.transect.07",,,,37.060952,-119.258135,"WGS84",0.4,1150.8,0.3,"2018-07-11T16:02Z","NEON.DOC.003826vC","Center","river Right",17,16,94.1,,"wAKYD/eAH2+H7ZzKDwUwyXH8yJUJ2tB9PP5h5fu6Vn4=","lX3vzM5VjEj+xgIr43jXDA9H25QCvS0VHwma6LUTkqw=",
"bc3feba1-2b69-44bd-8b51-6dac9efc060b","D17","BIGC","BIGC.AOS.riparian.transect.06",,,,37.060366,-119.257965,"WGS84",0.3,1135.0,0.2,"2018-07-11T16:02Z","NEON.DOC.003826vC","Center","downstream",17,14,82.4,,"wAKYD/eAH2+H7ZzKDwUwyXH8yJUJ2tB9PP5h5fu6Vn4=","lX3vzM5VjEj+xgIr43jXDA9H25QCvS0VHwma6LUTkqw=",
"93176f84-789d-49b2-a00a-5432aa320060","D17","BIGC","BIGC.AOS.riparian.transect.10",,,,37.062682,-119.259594,"WGS84",0.4,1139.5,0.3,"2018-07-11T16:02Z","NEON.DOC.003826vC","Right Bank","river Right",17,13,76.5,,"wAKYD/eAH2+H7ZzKDwUwyXH8yJUJ2tB9PP5h5fu6Vn4=","lX3vzM5VjEj+xgIr43jXDA9H25QCvS0VHwma6LUTkqw=",
"511052d5-723a-4ff8-9cc3-1721bbdc3c91","D17","BIGC","BIGC.AOS.riparian.transect.02",,,,37.058165,-119.256196,"WGS84",0.6,1133.8,0.5,"2018-07-11T16:02Z","NEON.DOC.003826vC","Center","downstream",17,10,58.8,,"wAKYD/eAH2+H7ZzKDwUwyXH8yJUJ2tB9PP5h5fu6Vn4=","lX3vzM5VjEj+xgIr43jXDA9H25QCvS0VHwma6LUTkqw=",
"895f4d41-a173-4289-ae01-44e49e051d2e","D17","BIGC","BIGC.AOS.riparian.transect.05",,,,37.059846,-119.257886,"WGS84",0.3,1133.1,0.2,"2018-07-11T16:02Z","NEON.DOC.003826vC","Left Bank","river Left",17,7,41.2,,"wAKYD/eAH2+H7ZzKDwUwyXH8yJUJ2tB9PP5h5fu6Vn4=","lX3vzM5VjEj+xgIr43jXDA9H25QCvS0VHwma6LUTkqw=",
"ab505b67-6c68-484b-862e-aedea58abddb","D17","BIGC","BIGC.AOS.riparian.transect.09",,,,37.062020,-119.258550,"WGS84",0.6,1134.5,0.3,"2018-07-11T16:02Z","NEON.DOC.003826vC","Left Bank","river Left",17,16,94.1,,"wAKYD/eAH2+H7ZzKDwUwyXH8yJUJ2tB9PP5h5fu6Vn4=","lX3vzM5VjEj+xgIr43jXDA9H25QCvS0VHwma6LUTkqw=",
"eddaed9d-824f-46ce-9952-68776865f296","D17","BIGC","BIGC.AOS.riparian.transect.01",,,,37.057635,-119.255467,"WGS84",0.4,1132.2,0.3,"2018-07-11T16:02Z","NEON.DOC.003826vC","Center","downstream",17,15,88.2,,"wAKYD/eAH2+H7ZzKDwUwyXH8yJUJ2tB9PP5h5fu6Vn4=","lX3vzM5VjEj+xgIr43jXDA9H25QCvS0VHwma6LUTkqw=",
"b65a59d5-df6a-450b-a93a-d3fa5b478c6c","D17","BIGC","BIGC.AOS.riparian.transect.08",,,,37.061671,-119.258119,"WGS84",0.7,1133.1,0.5,"2018-07-11T16:02Z","NEON.DOC.003826vC","Right Bank","river Right",17,12,70.6,,"wAKYD/eAH2+H7ZzKDwUwyXH8yJUJ2tB9PP5h5fu6Vn4=","lX3vzM5VjEj+xgIr43jXDA9H25QCvS0VHwma6LUTkqw=",
"d92e0e30-7845-4b69-a359-25e9f8b4bfc9","D17","BIGC","BIGC.AOS.riparian.transect.07",,,,37.060952,-119.258135,"WGS84",0.4,1150.8,0.3,"2018-07-11T16:02Z","NEON.DOC.003826vC","Center","upstream",17,7,41.2,,"wAKYD/eAH2+H7ZzKDwUwyXH8yJUJ2tB9PP5h5fu6Vn4=","lX3vzM5VjEj+xgIr43jXDA9H25QCvS0VHwma6LUTkqw=",
"14c609b9-3fb4-4e6c-971e-9d251f3c52f7","D17","BIGC","BIGC.AOS.riparian.transect.04",,,,37.059491,-119.257368,"WGS84",0.6,1149.7,0.3,"2018-07-11T16:02Z","NEON.DOC.003826vC","Center","river Left",17,14,82.4,,"wAKYD/eAH2+H7ZzKDwUwyXH8yJUJ2tB9PP5h5fu6Vn4=","lX3vzM5VjEj+xgIr43jXDA9H25QCvS0VHwma6LUTkqw=",
"b946100e-7d09-4188-8e95-99df824d348d","D17","BIGC","BIGC.AOS.riparian.transect.04",,,,37.059491,-119.257368,"WGS84",0.6,1149.7,0.3,"2018-07-11T16:02Z","NEON.DOC.003826vC","Left Bank","river Left",17,16,94.1,,"wAKYD/eAH2+H7ZzKDwUwyXH8yJUJ2tB9PP5h5fu6Vn4=","lX3vzM5VjEj+xgIr43jXDA9H25QCvS0VHwma6LUTkqw=",
"9401d6dd-c5e7-4dae-9fa9-f12d2be9a0ed","D17","BIGC","BIGC.AOS.riparian.transect.04",,,,37.059491,-119.257368,"WGS84",0.6,1149.7,0.3,"2018-07-11T16:02Z","NEON.DOC.003826vC","Center","downstream",17,9,52.9,,"wAKYD/eAH2+H7ZzKDwUwyXH8yJUJ2tB9PP5h5fu6Vn4=","lX3vzM5VjEj+xgIr43jXDA9H25QCvS0VHwma6LUTkqw=",
"570be746-e84d-4f94-a3f6-171db9c9708c","D17","BIGC","BIGC.AOS.riparian.transect.08",,,,37.061671,-119.258119,"WGS84",0.7,1133.1,0.5,"2018-07-11T16:02Z","NEON.DOC.003826vC","Left Bank","river Left",17,17,100.0,,"wAKYD/eAH2+H7ZzKDwUwyXH8yJUJ2tB9PP5h5fu6Vn4=","lX3vzM5VjEj+xgIr43jXDA9H25QCvS0VHwma6LUTkqw=",
"c8b18afc-eea9-4d81-97fb-64e7bd6a6a29","D17","BIGC","BIGC.AOS.riparian.transect.10",,,,37.062682,-119.259594,"WGS84",0.4,1139.5,0.3,"2018-07-11T16:02Z","NEON.DOC.003826vC","Center","upstream",17,12,70.6,,"wAKYD/eAH2+H7ZzKDwUwyXH8yJUJ2tB9PP5h5fu6Vn4=","lX3vzM5VjEj+xgIr43jXDA9H25QCvS0VHwma6LUTkqw=",
"3dc9ed5f-aaad-47ed-ae1c-dbd48a3cb99f","D17","BIGC","BIGC.AOS.riparian.transect.09",,,,37.062020,-119.258550,"WGS84",0.6,1134.5,0.3,"2018-07-11T16:02Z","NEON.DOC.003826vC","Center","downstream",17,13,76.5,,"wAKYD/eAH2+H7ZzKDwUwyXH8yJUJ2tB9PP5h5fu6Vn4=","lX3vzM5VjEj+xgIr43jXDA9H25QCvS0VHwma6LUTkqw=",
"bfac86f6-ac86-4c69-9a5f-d8b0ae2061af","D17","BIGC","BIGC.AOS.riparian.transect.01",,,,37.057635,-119.255467,"WGS84",0.4,1132.2,0.3,"2018-07-11T16:02Z","NEON.DOC.003826vC","Center","upstream",17,17,100.0,,"wAKYD/eAH2+H7ZzKDwUwyXH8yJUJ2tB9PP5h5fu6Vn4=","lX3vzM5VjEj+xgIr43jXDA9H25QCvS0VHwma6LUTkqw=",
"b8ba9ddd-2906-4a92-9893-908e736ca32c","D17","BIGC","BIGC.AOS.riparian.transect.05",,,,37.059846,-119.257886,"WGS84",0.3,1133.1,0.2,"2018-07-11T16:02Z","NEON.DOC.003826vC","Right Bank","river Right",17,12,70.6,,"wAKYD/eAH2+H7ZzKDwUwyXH8yJUJ2tB9PP5h5fu6Vn4=","lX3vzM5VjEj+xgIr43jXDA9H25QCvS0VHwma6LUTkqw=",
"63fefb4b-6b18-40b7-b6dc-e23cf3fb78d0","D17","BIGC","BIGC.AOS.riparian.transect.04",,,,37.059491,-119.257368,"WGS84",0.6,1149.7,0.3,"2018-07-11T16:02Z","NEON.DOC.003826vC","Center","downstream",17,4,23.5,,"wAKYD/eAH2+H7ZzKDwUwyXH8yJUJ2tB9PP5h5fu6Vn4=","lX3vzM5VjEj+xgIr43jXDA9H25QCvS0VHwma6LUTkqw=",
"b24f7a9b-16f4-4e9e-9f62-9a6a269601a0","D17","BIGC","BIGC.AOS.riparian.transect.02",,,,37.058165,-119.256196,"WGS84",0.6,1133.8,0.5,"2018-07-11T16:02Z","NEON.DOC.003826vC","Left Bank","river Left",17,14,82.4,,"wAKYD/eAH2+H7ZzKDwUwyXH8yJUJ2tB9PP5h5fu6Vn4=","lX3vzM5VjEj+xgIr43jXDA9H25QCvS0VHwma6LUTkqw=",
"308a7909-9e5d-4714-bc66-0001454cd2cb","D17","BIGC","BIGC.AOS.riparian.transect.09",,,,37.062020,-119.258550,"WGS84",0.6,1134.5,0.3,"2018-07-11T16:02Z","NEON.DOC.003826vC","Center","river Left",17,14,82.4,,"wAKYD/eAH2+H7ZzKDwUwyXH8yJUJ2tB9PP5h5fu6Vn4=","lX3vzM5VjEj+xgIr43jXDA9H25QCvS0VHwma6LUTkqw=",
