uid,domainID,siteID,namedLocation,collectDate,sortDate,qcSortDate,sampleID,sampleCode,mixedInvertVialID,mixedInvertVialCode,chironomidVialID,chironomidVialCode,oligochaeteVialID,oligochaeteVialCode,largeInvertVialID,largeInvertVialCode,testProtocolVersion,primaryMatrix,preRinseVolume,postRinseVolume,subsamplePercent,qcSortingEfficacy,qcIterationCount,qcPercentSimilarity,laboratoryName,sortedBy,qcSortedBy,benchRemarks,dataQF,qcEnumerationDifference,qcTaxonomicDifference
"c21e313f-8d1e-4a81-870d-16ee3ebdd101","D17","BIGC","BIGC.AOS.reach","2021-11-16T17:32Z","2022-05-18","2022-05-18","BIGC.20211116.SURBER.1","A00000299180","BA22NEOMST08011",,"BA22NEOMST08011C",,,,,,"RHITHRON_Macroinvertebrate_Identification_Revision1","other (specified in remarks)",,,10.0,96.2,1,,"Rhithron Associates, Inc.","HoJKUEaBlIWcVZrQzHKCwUtkjcbrResP","3hsarqkn53DnTHf+v6UBHA==","fine inorganic",,,
"adb39263-9bd8-49f9-9c5d-d49141ba3a4b","D17","BIGC","BIGC.AOS.reach","2021-11-16T17:32Z","2022-05-19","2022-05-19","BIGC.20211116.HESS.3","A00000298951","BA22NEOMST08014",,"BA22NEOMST08014C",,,,,,"RHITHRON_Macroinvertebrate_Identification_Revision1","fine organic",,,80.0,100.0,1,,"Rhithron Associates, Inc.","kcNHfEa00olgOMivYV39aQ==","3hsarqkn53DnTHf+v6UBHA==",,,,
"5b28ee98-0dcd-48aa-b8c2-95cf9f4ff915","D17","BIGC","BIGC.AOS.reach","2021-11-16T17:32Z","2022-05-18","2022-05-19","BIGC.20211116.HESS.2","A00000299192","BA22NEOMST08015",,"BA22NEOMST08015C",,,,,,"RHITHRON_Macroinvertebrate_Identification_Revision1","other (specified in remarks)",,,33.0,97.6,1,,"Rhithron Associates, Inc.","LOdFES9HN1w=","jrNz6zwqS3Q=","fine inorganic",,,
"72cc87d8-45f2-4b8e-ab38-b4c295c08938","D17","BIGC","BIGC.AOS.reach","2021-11-16T17:32Z","2022-05-18","2022-05-19","BIGC.20211116.HESS.1","A00000299194","BA22NEOMST08016",,"BA22NEOMST08016C",,,,,,"RHITHRON_Macroinvertebrate_Identification_Revision1","other (specified in remarks)",,,33.0,97.6,1,,"Rhithron Associates, Inc.","jrNz6zwqS3Q=","3hsarqkn53DnTHf+v6UBHA==","fine inorganic",,,
"2c35f2e8-7763-469c-9580-8f8411ba1cd6","D17","BIGC","BIGC.AOS.reach","2021-11-16T17:32Z","2022-05-18","2022-05-19","BIGC.20211116.HESS.4","A00000299196","BA22NEOMST08013",,"BA22NEOMST08013C",,,,,,"RHITHRON_Macroinvertebrate_Identification_Revision1","other (specified in remarks)",,,20.0,100.0,1,,"Rhithron Associates, Inc.","f4cEayqHT1iCvAVqokBXcA==","jrNz6zwqS3Q=","fine inorganic",,,
"111b9798-6d15-40a4-9713-8b0abb1ab7a1","D17","BIGC","BIGC.AOS.reach","2021-11-16T17:32Z","2022-05-18","2022-05-19","BIGC.20211116.SURBER.2","A00000299193","BA22NEOMST08010",,"BA22NEOMST08010C",,,,,,"RHITHRON_Macroinvertebrate_Identification_Revision1","fine organic",,,13.0,100.0,1,,"Rhithron Associates, Inc.","3hsarqkn53DnTHf+v6UBHA==","jrNz6zwqS3Q=",,,,
"739e1eec-2319-4d5a-85fa-900cbd2e5d04","D17","BIGC","BIGC.AOS.reach","2021-11-16T17:32Z","2022-05-18","2022-05-18","BIGC.20211116.SURBER.3","A00000299195","BA22NEOMST08009",,"BA22NEOMST08009C",,,,,,"RHITHRON_Macroinvertebrate_Identification_Revision1","other (specified in remarks)",,,90.0,98.2,1,,"Rhithron Associates, Inc.","LOdFES9HN1w=","3hsarqkn53DnTHf+v6UBHA==","fine inorganic",,0.2,1.8
"c42f873b-315b-4e40-8721-c570471a2346","D17","BIGC","BIGC.AOS.reach","2021-11-16T17:32Z","2022-05-18","2022-05-18","BIGC.20211116.HESS.5","A00000299143","BA22NEOMST08012",,"BA22NEOMST08012C",,,,,,"RHITHRON_Macroinvertebrate_Identification_Revision1","other (specified in remarks)",,,20.0,98.9,1,,"Rhithron Associates, Inc.","egCH3wedmfhvZrvQbyFP8Q==","3hsarqkn53DnTHf+v6UBHA==","fine inorganic",,,
