uid,domainID,siteID,namedLocation,eventID,samplingImpractical,replicateNumber,decimalLatitude,decimalLongitude,geodeticDatum,coordinateUncertainty,elevation,elevationUncertainty,startDate,samplingProtocolVersion,measurementLocation,measurementDirection,totalDensiometerPoints,coveredDensiometerPoints,canopyCoverPercent,remarks,collectedBy,recordedBy,dataQF
"78d6fbd2-62c3-4ce5-8eb1-c636a5867469","D17","BIGC","BIGC.AOS.riparian.transect.01","BIGC.01.20190715.C",,1,37.057635,-119.255467,"WGS84",0.4,1132.2,0.3,"2019-07-15T18:13Z","NEON.DOC.003826vC","Center","river Left",17,12,70.6,,"esHShqwTCLws5x7riyt3Vi89pVmM1N6t","esHShqwTCLzq7N2ZNuboL6Oq0wByzx9d",
"65cc195e-7cbc-4292-bc78-11152cbdcd7b","D17","BIGC","BIGC.AOS.riparian.transect.08","BIGC.08.20190715.R",,1,37.061671,-119.258119,"WGS84",0.7,1133.1,0.5,"2019-07-15T18:13Z","NEON.DOC.003826vC","Right Bank","river Right",17,14,82.4,,"esHShqwTCLws5x7riyt3Vi89pVmM1N6t","esHShqwTCLzq7N2ZNuboL6Oq0wByzx9d",
"967b5e5c-2e4e-4f19-8dae-4733a924fef3","D17","BIGC","BIGC.AOS.riparian.transect.06","BIGC.06.20190715.C",,1,37.060366,-119.257965,"WGS84",0.3,1135.0,0.2,"2019-07-15T18:13Z","NEON.DOC.003826vC","Center","downstream",17,14,82.4,"All center points on top of log/debris jam approx. 0.3 above water surface","esHShqwTCLws5x7riyt3Vi89pVmM1N6t","esHShqwTCLzq7N2ZNuboL6Oq0wByzx9d",
"2eefc896-4860-48d9-ba87-123b1522cb9c","D17","BIGC","BIGC.AOS.riparian.transect.07","BIGC.07.20190715.C",,1,37.060952,-119.258135,"WGS84",0.4,1150.8,0.3,"2019-07-15T18:13Z","NEON.DOC.003826vC","Center","downstream",17,12,70.6,,"esHShqwTCLws5x7riyt3Vi89pVmM1N6t","esHShqwTCLzq7N2ZNuboL6Oq0wByzx9d",
"e2ce84e6-01d5-46f1-b5fa-0772ae4ef6a2","D17","BIGC","BIGC.AOS.riparian.transect.08","BIGC.08.20190715.C",,1,37.061671,-119.258119,"WGS84",0.7,1133.1,0.5,"2019-07-15T18:13Z","NEON.DOC.003826vC","Center","river Left",17,17,100.0,,"esHShqwTCLws5x7riyt3Vi89pVmM1N6t","esHShqwTCLzq7N2ZNuboL6Oq0wByzx9d",
"6c01201c-ffe8-42e6-a18c-d757015d7ef5","D17","BIGC","BIGC.AOS.riparian.transect.04","BIGC.04.20190715.C",,1,37.059491,-119.257368,"WGS84",0.6,1149.7,0.3,"2019-07-15T18:13Z","NEON.DOC.003826vC","Center","river Left",17,13,76.5,,"esHShqwTCLws5x7riyt3Vi89pVmM1N6t","esHShqwTCLzq7N2ZNuboL6Oq0wByzx9d",
"f140c21c-5dea-4a0c-828c-52c37d406f8d","D17","BIGC","BIGC.AOS.riparian.transect.03","BIGC.03.20190715.R",,1,37.058766,-119.256738,"WGS84",0.3,1135.0,0.3,"2019-07-15T18:13Z","NEON.DOC.003826vC","Right Bank","river Right",17,16,94.1,,"esHShqwTCLws5x7riyt3Vi89pVmM1N6t","esHShqwTCLzq7N2ZNuboL6Oq0wByzx9d",
"c049e6b2-246c-4a31-b20b-cc7b2e6c7901","D17","BIGC","BIGC.AOS.riparian.transect.03","BIGC.03.20190715.C",,1,37.058766,-119.256738,"WGS84",0.3,1135.0,0.3,"2019-07-15T18:13Z","NEON.DOC.003826vC","Center","river Right",17,16,94.1,,"esHShqwTCLws5x7riyt3Vi89pVmM1N6t","esHShqwTCLzq7N2ZNuboL6Oq0wByzx9d",
"bad2c5ce-f63a-423e-9453-67e2d3a277fb","D17","BIGC","BIGC.AOS.riparian.transect.02","BIGC.02.20190715.C",,1,37.058165,-119.256196,"WGS84",0.6,1133.8,0.5,"2019-07-15T18:13Z","NEON.DOC.003826vC","Center","upstream",17,14,82.4,,"esHShqwTCLws5x7riyt3Vi89pVmM1N6t","esHShqwTCLzq7N2ZNuboL6Oq0wByzx9d",
"1dc08176-2be3-4a9a-bcee-789b9f61a19c","D17","BIGC","BIGC.AOS.riparian.transect.04","BIGC.04.20190715.C",,1,37.059491,-119.257368,"WGS84",0.6,1149.7,0.3,"2019-07-15T18:13Z","NEON.DOC.003826vC","Center","downstream",17,13,76.5,,"esHShqwTCLws5x7riyt3Vi89pVmM1N6t","esHShqwTCLzq7N2ZNuboL6Oq0wByzx9d",
"f58413da-907f-47eb-8491-b3647c7c1e52","D17","BIGC","BIGC.AOS.riparian.transect.09","BIGC.09.20190715.C",,1,37.062020,-119.258550,"WGS84",0.6,1134.5,0.3,"2019-07-15T18:13Z","NEON.DOC.003826vC","Center","river Right",17,12,70.6,,"esHShqwTCLws5x7riyt3Vi89pVmM1N6t","esHShqwTCLzq7N2ZNuboL6Oq0wByzx9d",
"5e86c095-7567-4cf1-a4d6-143814d85fa7","D17","BIGC","BIGC.AOS.riparian.transect.05","BIGC.05.20190715.C",,1,37.059846,-119.257886,"WGS84",0.3,1133.1,0.2,"2019-07-15T18:13Z","NEON.DOC.003826vC","Center","downstream",17,12,70.6,,"esHShqwTCLws5x7riyt3Vi89pVmM1N6t","esHShqwTCLzq7N2ZNuboL6Oq0wByzx9d",
"43856b2f-fae3-4792-862b-f735ecbc7401","D17","BIGC","BIGC.AOS.riparian.transect.04","BIGC.04.20190715.C",,1,37.059491,-119.257368,"WGS84",0.6,1149.7,0.3,"2019-07-15T18:13Z","NEON.DOC.003826vC","Center","upstream",17,12,70.6,,"esHShqwTCLws5x7riyt3Vi89pVmM1N6t","esHShqwTCLzq7N2ZNuboL6Oq0wByzx9d",
"82336833-d27e-4447-8857-2f1c13391ffe","D17","BIGC","BIGC.AOS.riparian.transect.05","BIGC.05.20190715.L",,1,37.059846,-119.257886,"WGS84",0.3,1133.1,0.2,"2019-07-15T18:13Z","NEON.DOC.003826vC","Left Bank","river Left",17,11,64.7,,"esHShqwTCLws5x7riyt3Vi89pVmM1N6t","esHShqwTCLzq7N2ZNuboL6Oq0wByzx9d",
"46277180-e06b-4149-bd17-be01f523d046","D17","BIGC","BIGC.AOS.riparian.transect.07","BIGC.07.20190715.L",,1,37.060952,-119.258135,"WGS84",0.4,1150.8,0.3,"2019-07-15T18:13Z","NEON.DOC.003826vC","Left Bank","river Left",17,13,76.5,,"esHShqwTCLws5x7riyt3Vi89pVmM1N6t","esHShqwTCLzq7N2ZNuboL6Oq0wByzx9d",
"436d23b4-8d22-465a-b333-af226e6b920e","D17","BIGC","BIGC.AOS.riparian.transect.07","BIGC.07.20190715.R",,1,37.060952,-119.258135,"WGS84",0.4,1150.8,0.3,"2019-07-15T18:13Z","NEON.DOC.003826vC","Right Bank","river Right",17,17,100.0,,"esHShqwTCLws5x7riyt3Vi89pVmM1N6t","esHShqwTCLzq7N2ZNuboL6Oq0wByzx9d",
"f0f1849f-1a1f-4cac-ab23-49fec8e6e243","D17","BIGC","BIGC.AOS.riparian.transect.04","BIGC.04.20190715.R",,1,37.059491,-119.257368,"WGS84",0.6,1149.7,0.3,"2019-07-15T18:13Z","NEON.DOC.003826vC","Right Bank","river Right",17,17,100.0,,"esHShqwTCLws5x7riyt3Vi89pVmM1N6t","esHShqwTCLzq7N2ZNuboL6Oq0wByzx9d",
"c785daa6-cbea-4592-87a0-247b0958b9a2","D17","BIGC","BIGC.AOS.riparian.transect.05","BIGC.05.20190715.C",,1,37.059846,-119.257886,"WGS84",0.3,1133.1,0.2,"2019-07-15T18:13Z","NEON.DOC.003826vC","Center","river Right",17,16,94.1,,"esHShqwTCLws5x7riyt3Vi89pVmM1N6t","esHShqwTCLzq7N2ZNuboL6Oq0wByzx9d",
"04c4e07a-143c-49c5-aa5f-44d81dd696ad","D17","BIGC","BIGC.AOS.riparian.transect.07","BIGC.07.20190715.C",,1,37.060952,-119.258135,"WGS84",0.4,1150.8,0.3,"2019-07-15T18:13Z","NEON.DOC.003826vC","Center","upstream",17,16,94.1,,"esHShqwTCLws5x7riyt3Vi89pVmM1N6t","esHShqwTCLzq7N2ZNuboL6Oq0wByzx9d",
"35b1f878-46c5-4668-bfd8-1a89fc637159","D17","BIGC","BIGC.AOS.riparian.transect.07","BIGC.07.20190715.C",,1,37.060952,-119.258135,"WGS84",0.4,1150.8,0.3,"2019-07-15T18:13Z","NEON.DOC.003826vC","Center","river Left",17,14,82.4,,"esHShqwTCLws5x7riyt3Vi89pVmM1N6t","esHShqwTCLzq7N2ZNuboL6Oq0wByzx9d",
"27fc733d-3468-424c-826c-33ff8067331c","D17","BIGC","BIGC.AOS.riparian.transect.10","BIGC.10.20190715.C",,1,37.062682,-119.259594,"WGS84",0.4,1139.5,0.3,"2019-07-15T18:13Z","NEON.DOC.003826vC","Center","downstream",17,12,70.6,,"esHShqwTCLws5x7riyt3Vi89pVmM1N6t","esHShqwTCLzq7N2ZNuboL6Oq0wByzx9d",
"a2f42ebc-2fa9-4476-aa3b-643a4c547ab2","D17","BIGC","BIGC.AOS.riparian.transect.07","BIGC.07.20190715.C",,1,37.060952,-119.258135,"WGS84",0.4,1150.8,0.3,"2019-07-15T18:13Z","NEON.DOC.003826vC","Center","river Right",17,16,94.1,,"esHShqwTCLws5x7riyt3Vi89pVmM1N6t","esHShqwTCLzq7N2ZNuboL6Oq0wByzx9d",
"61a3b932-89ee-4eaa-bc03-968f98259a5c","D17","BIGC","BIGC.AOS.riparian.transect.01","BIGC.01.20190715.C",,1,37.057635,-119.255467,"WGS84",0.4,1132.2,0.3,"2019-07-15T18:13Z","NEON.DOC.003826vC","Center","downstream",17,15,88.2,,"esHShqwTCLws5x7riyt3Vi89pVmM1N6t","esHShqwTCLzq7N2ZNuboL6Oq0wByzx9d",
"a2658f2b-9e3b-41c9-8cd9-752af0973c9c","D17","BIGC","BIGC.AOS.riparian.transect.08","BIGC.08.20190715.C",,1,37.061671,-119.258119,"WGS84",0.7,1133.1,0.5,"2019-07-15T18:13Z","NEON.DOC.003826vC","Center","river Right",17,15,88.2,,"esHShqwTCLws5x7riyt3Vi89pVmM1N6t","esHShqwTCLzq7N2ZNuboL6Oq0wByzx9d",
"f9e88847-989b-4caa-bf3f-540ecccf3488","D17","BIGC","BIGC.AOS.riparian.transect.05","BIGC.05.20190715.C",,1,37.059846,-119.257886,"WGS84",0.3,1133.1,0.2,"2019-07-15T18:13Z","NEON.DOC.003826vC","Center","upstream",17,7,41.2,,"esHShqwTCLws5x7riyt3Vi89pVmM1N6t","esHShqwTCLzq7N2ZNuboL6Oq0wByzx9d",
"35e61ef1-f1be-41ba-9a3e-6fb3cd60f3b4","D17","BIGC","BIGC.AOS.riparian.transect.08","BIGC.08.20190715.C",,1,37.061671,-119.258119,"WGS84",0.7,1133.1,0.5,"2019-07-15T18:13Z","NEON.DOC.003826vC","Center","upstream",17,16,94.1,,"esHShqwTCLws5x7riyt3Vi89pVmM1N6t","esHShqwTCLzq7N2ZNuboL6Oq0wByzx9d",
"4e1bd915-5b0f-4588-823a-573bded9f14c","D17","BIGC","BIGC.AOS.riparian.transect.06","BIGC.06.20190715.C",,1,37.060366,-119.257965,"WGS84",0.3,1135.0,0.2,"2019-07-15T18:13Z","NEON.DOC.003826vC","Center","river Left",17,14,82.4,,"esHShqwTCLws5x7riyt3Vi89pVmM1N6t","esHShqwTCLzq7N2ZNuboL6Oq0wByzx9d",
"a2b77e8f-2eae-4cd1-9f16-430f77078997","D17","BIGC","BIGC.AOS.riparian.transect.01","BIGC.01.20190715.C",,1,37.057635,-119.255467,"WGS84",0.4,1132.2,0.3,"2019-07-15T18:13Z","NEON.DOC.003826vC","Center","river Right",17,15,88.2,,"esHShqwTCLws5x7riyt3Vi89pVmM1N6t","esHShqwTCLzq7N2ZNuboL6Oq0wByzx9d",
"f35fbb11-70c3-4bc8-a87d-8794beb24755","D17","BIGC","BIGC.AOS.riparian.transect.09","BIGC.09.20190715.C",,1,37.062020,-119.258550,"WGS84",0.6,1134.5,0.3,"2019-07-15T18:13Z","NEON.DOC.003826vC","Center","downstream",17,12,70.6,,"esHShqwTCLws5x7riyt3Vi89pVmM1N6t","esHShqwTCLzq7N2ZNuboL6Oq0wByzx9d",
"d9cef9b3-784c-44b8-9b7f-1bbfdb6d549b","D17","BIGC","BIGC.AOS.riparian.transect.10","BIGC.10.20190715.C",,1,37.062682,-119.259594,"WGS84",0.4,1139.5,0.3,"2019-07-15T18:13Z","NEON.DOC.003826vC","Center","upstream",17,14,82.4,,"esHShqwTCLws5x7riyt3Vi89pVmM1N6t","esHShqwTCLzq7N2ZNuboL6Oq0wByzx9d",
"77f56fc5-149a-42fc-85e8-ec41e7ed576b","D17","BIGC","BIGC.AOS.riparian.transect.02","BIGC.02.20190715.L",,1,37.058165,-119.256196,"WGS84",0.6,1133.8,0.5,"2019-07-15T18:13Z","NEON.DOC.003826vC","Left Bank","river Left",17,14,82.4,,"esHShqwTCLws5x7riyt3Vi89pVmM1N6t","esHShqwTCLzq7N2ZNuboL6Oq0wByzx9d",
"8f64f260-e92f-4800-a5d9-dab3a5575ab8","D17","BIGC","BIGC.AOS.riparian.transect.09","BIGC.09.20190715.R",,1,37.062020,-119.258550,"WGS84",0.6,1134.5,0.3,"2019-07-15T18:13Z","NEON.DOC.003826vC","Right Bank","river Right",17,17,100.0,,"esHShqwTCLws5x7riyt3Vi89pVmM1N6t","esHShqwTCLzq7N2ZNuboL6Oq0wByzx9d",
"ce558868-17a9-43e5-b7af-248fbc595b6f","D17","BIGC","BIGC.AOS.riparian.transect.09","BIGC.09.20190715.C",,1,37.062020,-119.258550,"WGS84",0.6,1134.5,0.3,"2019-07-15T18:13Z","NEON.DOC.003826vC","Center","river Left",17,17,100.0,,"esHShqwTCLws5x7riyt3Vi89pVmM1N6t","esHShqwTCLzq7N2ZNuboL6Oq0wByzx9d",
"0931f7aa-ad94-46d7-ab38-4b6e0506cbe4","D17","BIGC","BIGC.AOS.riparian.transect.06","BIGC.06.20190715.C",,1,37.060366,-119.257965,"WGS84",0.3,1135.0,0.2,"2019-07-15T18:13Z","NEON.DOC.003826vC","Center","river Right",17,15,88.2,,"esHShqwTCLws5x7riyt3Vi89pVmM1N6t","esHShqwTCLzq7N2ZNuboL6Oq0wByzx9d",
"e4b826ac-f270-4f80-8ff2-1e98b6098bba","D17","BIGC","BIGC.AOS.riparian.transect.01","BIGC.01.20190715.L",,1,37.057635,-119.255467,"WGS84",0.4,1132.2,0.3,"2019-07-15T18:13Z","NEON.DOC.003826vC","Left Bank","river Left",17,17,100.0,,"esHShqwTCLws5x7riyt3Vi89pVmM1N6t","esHShqwTCLzq7N2ZNuboL6Oq0wByzx9d",
"f8a6e7c8-f638-4810-9b8a-7d53abfbf41c","D17","BIGC","BIGC.AOS.riparian.transect.03","BIGC.03.20190715.C",,1,37.058766,-119.256738,"WGS84",0.3,1135.0,0.3,"2019-07-15T18:13Z","NEON.DOC.003826vC","Center","downstream",17,8,47.1,,"esHShqwTCLws5x7riyt3Vi89pVmM1N6t","esHShqwTCLzq7N2ZNuboL6Oq0wByzx9d",
"5b3e52c3-a59e-42aa-941d-cb28a7320076","D17","BIGC","BIGC.AOS.riparian.transect.03","BIGC.03.20190715.C",,1,37.058766,-119.256738,"WGS84",0.3,1135.0,0.3,"2019-07-15T18:13Z","NEON.DOC.003826vC","Center","upstream",17,14,82.4,,"esHShqwTCLws5x7riyt3Vi89pVmM1N6t","esHShqwTCLzq7N2ZNuboL6Oq0wByzx9d",
"5defd80a-cdea-4f70-b059-d4893604bfb8","D17","BIGC","BIGC.AOS.riparian.transect.08","BIGC.08.20190715.L",,1,37.061671,-119.258119,"WGS84",0.7,1133.1,0.5,"2019-07-15T18:13Z","NEON.DOC.003826vC","Left Bank","river Left",17,17,100.0,,"esHShqwTCLws5x7riyt3Vi89pVmM1N6t","esHShqwTCLzq7N2ZNuboL6Oq0wByzx9d",
"b90e38c9-2b79-4c75-8113-4accc112943a","D17","BIGC","BIGC.AOS.riparian.transect.05","BIGC.05.20190715.R",,1,37.059846,-119.257886,"WGS84",0.3,1133.1,0.2,"2019-07-15T18:13Z","NEON.DOC.003826vC","Right Bank","river Right",17,16,94.1,,"esHShqwTCLws5x7riyt3Vi89pVmM1N6t","esHShqwTCLzq7N2ZNuboL6Oq0wByzx9d",
"99b8a022-cdf4-4435-a5db-c2fc2522ac28","D17","BIGC","BIGC.AOS.riparian.transect.04","BIGC.04.20190715.C",,1,37.059491,-119.257368,"WGS84",0.6,1149.7,0.3,"2019-07-15T18:13Z","NEON.DOC.003826vC","Center","river Right",17,14,82.4,,"esHShqwTCLws5x7riyt3Vi89pVmM1N6t","esHShqwTCLzq7N2ZNuboL6Oq0wByzx9d",
"2e1359a3-d672-4537-b438-a7d529a24e31","D17","BIGC","BIGC.AOS.riparian.transect.03","BIGC.03.20190715.L",,1,37.058766,-119.256738,"WGS84",0.3,1135.0,0.3,"2019-07-15T18:13Z","NEON.DOC.003826vC","Left Bank","river Left",17,16,94.1,,"esHShqwTCLws5x7riyt3Vi89pVmM1N6t","esHShqwTCLzq7N2ZNuboL6Oq0wByzx9d",
"9b10da4d-b389-49dd-8015-c014e65a7b4d","D17","BIGC","BIGC.AOS.riparian.transect.10","BIGC.10.20190715.C",,1,37.062682,-119.259594,"WGS84",0.4,1139.5,0.3,"2019-07-15T18:13Z","NEON.DOC.003826vC","Center","river Right",17,16,94.1,,"esHShqwTCLws5x7riyt3Vi89pVmM1N6t","esHShqwTCLzq7N2ZNuboL6Oq0wByzx9d",
"eaed4e56-e791-4c5f-92c9-645a5c1897e0","D17","BIGC","BIGC.AOS.riparian.transect.02","BIGC.02.20190715.R",,1,37.058165,-119.256196,"WGS84",0.6,1133.8,0.5,"2019-07-15T18:13Z","NEON.DOC.003826vC","Right Bank","river Right",17,17,100.0,,"esHShqwTCLws5x7riyt3Vi89pVmM1N6t","esHShqwTCLzq7N2ZNuboL6Oq0wByzx9d",
"ee4d2c7e-5e01-48ba-82bd-6118ac5a989e","D17","BIGC","BIGC.AOS.riparian.transect.04","BIGC.04.20190715.L",,1,37.059491,-119.257368,"WGS84",0.6,1149.7,0.3,"2019-07-15T18:13Z","NEON.DOC.003826vC","Left Bank","river Left",17,17,100.0,,"esHShqwTCLws5x7riyt3Vi89pVmM1N6t","esHShqwTCLzq7N2ZNuboL6Oq0wByzx9d",
"dbfeadf2-e22c-46ca-b7cc-669cedf60e05","D17","BIGC","BIGC.AOS.riparian.transect.10","BIGC.10.20190715.R",,1,37.062682,-119.259594,"WGS84",0.4,1139.5,0.3,"2019-07-15T18:13Z","NEON.DOC.003826vC","Right Bank","river Right",17,16,94.1,,"esHShqwTCLws5x7riyt3Vi89pVmM1N6t","esHShqwTCLzq7N2ZNuboL6Oq0wByzx9d",
"9064bf05-cca2-402e-8ebb-bf3d105ea3ba","D17","BIGC","BIGC.AOS.riparian.transect.08","BIGC.08.20190715.C",,1,37.061671,-119.258119,"WGS84",0.7,1133.1,0.5,"2019-07-15T18:13Z","NEON.DOC.003826vC","Center","downstream",17,13,76.5,,"esHShqwTCLws5x7riyt3Vi89pVmM1N6t","esHShqwTCLzq7N2ZNuboL6Oq0wByzx9d",
"5d058bbd-ba92-49a3-a925-de9dc7d0b8c4","D17","BIGC","BIGC.AOS.riparian.transect.10","BIGC.10.20190715.L",,1,37.062682,-119.259594,"WGS84",0.4,1139.5,0.3,"2019-07-15T18:13Z","NEON.DOC.003826vC","Left Bank","river Left",17,17,100.0,,"esHShqwTCLws5x7riyt3Vi89pVmM1N6t","esHShqwTCLzq7N2ZNuboL6Oq0wByzx9d",
"58ab49a1-001e-48e8-8ae4-8d0c49b40287","D17","BIGC","BIGC.AOS.riparian.transect.02","BIGC.02.20190715.C",,1,37.058165,-119.256196,"WGS84",0.6,1133.8,0.5,"2019-07-15T18:13Z","NEON.DOC.003826vC","Center","downstream",17,12,70.6,,"esHShqwTCLws5x7riyt3Vi89pVmM1N6t","esHShqwTCLzq7N2ZNuboL6Oq0wByzx9d",
"2f28e7ed-ed4c-4c35-a180-f2e4ed1c8b47","D17","BIGC","BIGC.AOS.riparian.transect.06","BIGC.06.20190715.C",,1,37.060366,-119.257965,"WGS84",0.3,1135.0,0.2,"2019-07-15T18:13Z","NEON.DOC.003826vC","Center","upstream",17,14,82.4,,"esHShqwTCLws5x7riyt3Vi89pVmM1N6t","esHShqwTCLzq7N2ZNuboL6Oq0wByzx9d",
"5d3738c9-e031-435c-bb88-aaf6aaa5a76a","D17","BIGC","BIGC.AOS.riparian.transect.09","BIGC.09.20190715.C",,1,37.062020,-119.258550,"WGS84",0.6,1134.5,0.3,"2019-07-15T18:13Z","NEON.DOC.003826vC","Center","upstream",17,15,88.2,,"esHShqwTCLws5x7riyt3Vi89pVmM1N6t","esHShqwTCLzq7N2ZNuboL6Oq0wByzx9d",
"dca9bd89-3f68-40f0-8985-9c03d07e86ba","D17","BIGC","BIGC.AOS.riparian.transect.01","BIGC.01.20190715.R",,1,37.057635,-119.255467,"WGS84",0.4,1132.2,0.3,"2019-07-15T18:13Z","NEON.DOC.003826vC","Right Bank","river Right",17,15,88.2,,"esHShqwTCLws5x7riyt3Vi89pVmM1N6t","esHShqwTCLzq7N2ZNuboL6Oq0wByzx9d",
"26d39747-8f23-4c6f-bc88-651dedf8a97c","D17","BIGC","BIGC.AOS.riparian.transect.10","BIGC.10.20190715.C",,1,37.062682,-119.259594,"WGS84",0.4,1139.5,0.3,"2019-07-15T18:13Z","NEON.DOC.003826vC","Center","river Left",17,16,94.1,,"esHShqwTCLws5x7riyt3Vi89pVmM1N6t","esHShqwTCLzq7N2ZNuboL6Oq0wByzx9d",
"7c247aef-2e49-4561-80f5-05f0dfec909a","D17","BIGC","BIGC.AOS.riparian.transect.03","BIGC.03.20190715.C",,1,37.058766,-119.256738,"WGS84",0.3,1135.0,0.3,"2019-07-15T18:13Z","NEON.DOC.003826vC","Center","river Left",17,12,70.6,,"esHShqwTCLws5x7riyt3Vi89pVmM1N6t","esHShqwTCLzq7N2ZNuboL6Oq0wByzx9d",
"6e44bf5d-5eab-4cd0-b7e0-cb9d17bf1bc4","D17","BIGC","BIGC.AOS.riparian.transect.06","BIGC.06.20190715.R",,1,37.060366,-119.257965,"WGS84",0.3,1135.0,0.2,"2019-07-15T18:13Z","NEON.DOC.003826vC","Right Bank","river Right",17,17,100.0,,"esHShqwTCLws5x7riyt3Vi89pVmM1N6t","esHShqwTCLzq7N2ZNuboL6Oq0wByzx9d",
"99606a11-e2df-4769-8397-805191b36b56","D17","BIGC","BIGC.AOS.riparian.transect.06","BIGC.06.20190715.L",,1,37.060366,-119.257965,"WGS84",0.3,1135.0,0.2,"2019-07-15T18:13Z","NEON.DOC.003826vC","Left Bank","river Left",17,15,88.2,,"esHShqwTCLws5x7riyt3Vi89pVmM1N6t","esHShqwTCLzq7N2ZNuboL6Oq0wByzx9d",
"8a93e07c-db02-40c3-8f53-01c3478d85ef","D17","BIGC","BIGC.AOS.riparian.transect.02","BIGC.02.20190715.C",,1,37.058165,-119.256196,"WGS84",0.6,1133.8,0.5,"2019-07-15T18:13Z","NEON.DOC.003826vC","Center","river Right",17,9,52.9,,"esHShqwTCLws5x7riyt3Vi89pVmM1N6t","esHShqwTCLzq7N2ZNuboL6Oq0wByzx9d",
"036071a3-accc-4e5a-9ff9-00d768589246","D17","BIGC","BIGC.AOS.riparian.transect.01","BIGC.01.20190715.C",,1,37.057635,-119.255467,"WGS84",0.4,1132.2,0.3,"2019-07-15T18:13Z","NEON.DOC.003826vC","Center","upstream",17,13,76.5,,"esHShqwTCLws5x7riyt3Vi89pVmM1N6t","esHShqwTCLzq7N2ZNuboL6Oq0wByzx9d",
"0bb9d0ea-3d01-47d4-9fc9-80d2a9c810a7","D17","BIGC","BIGC.AOS.riparian.transect.09","BIGC.09.20190715.L",,1,37.062020,-119.258550,"WGS84",0.6,1134.5,0.3,"2019-07-15T18:13Z","NEON.DOC.003826vC","Left Bank","river Left",17,17,100.0,,"esHShqwTCLws5x7riyt3Vi89pVmM1N6t","esHShqwTCLzq7N2ZNuboL6Oq0wByzx9d",
"9295dd92-f3c6-4293-9589-3afcf45e8f9f","D17","BIGC","BIGC.AOS.riparian.transect.02","BIGC.02.20190715.C",,1,37.058165,-119.256196,"WGS84",0.6,1133.8,0.5,"2019-07-15T18:13Z","NEON.DOC.003826vC","Center","river Left",17,14,82.4,,"esHShqwTCLws5x7riyt3Vi89pVmM1N6t","esHShqwTCLzq7N2ZNuboL6Oq0wByzx9d",
"ddb6488d-3b69-4d50-bb2b-062d8c7c8330","D17","BIGC","BIGC.AOS.riparian.transect.05","BIGC.05.20190715.C",,1,37.059846,-119.257886,"WGS84",0.3,1133.1,0.2,"2019-07-15T18:13Z","NEON.DOC.003826vC","Center","river Left",17,12,70.6,,"esHShqwTCLws5x7riyt3Vi89pVmM1N6t","esHShqwTCLzq7N2ZNuboL6Oq0wByzx9d",
