{
  "uuid": "0528c61b-c6fd-474b-922c-4de53362e4cf",
  "timestamp": "2023-02-22T17:56:18Z",
  "zipFileName": "NEON_cover-veg-riparian",
  "mimeType": "application/zip",
  "productCode": "DP1.20191.001",
  "productName": "Riparian vegetation % cover",
  "siteCodes": [
    "BIGC",
    "MAYF",
    "OKSR"
  ],
  "startDate": "2017-01-01T00:00:00Z",
  "endDate": "2022-11-30T23:59:59Z",
  "packageType": "basic",
  "documents": [
    {
      "fileName": "NEON.DOC.003826vF.pdf",
      "downloadFileName": null,
      "type": "application/pdf",
      "fileSizeBytes": 1782312,
      "description": "AOS Protocol and Procedure: RIP – Riparian Habitat Assessment",
      "uri": "https://data.neonscience.org/api/v0/documents/NEON.DOC.003826vF"
    },
    {
      "fileName": "NEON_riparianCompStruct_userGuide_vC.pdf",
      "downloadFileName": null,
      "type": "application/pdf",
      "fileSizeBytes": 1244169,
      "description": "NEON User Guide to Riparian Composition and Structure (NEON.DP1.20275)",
      "uri": "https://data.neonscience.org/api/v0/documents/NEON_riparianCompStruct_userGuide_vC"
    },
    {
      "fileName": "NEON_riparianCover_userGuide_vC.pdf",
      "downloadFileName": null,
      "type": "application/pdf",
      "fileSizeBytes": 1195054,
      "description": "NEON User Guide to Riparian Vegetation Percent Cover (NEON.DP1.20191)",
      "uri": "https://data.neonscience.org/api/v0/documents/NEON_riparianCover_userGuide_vC"
    },
    {
      "fileName": "NEON.DOC.001152vB.pdf",
      "downloadFileName": null,
      "type": "application/pdf",
      "fileSizeBytes": 954164,
      "description": "NEON Aquatic Sampling Strategy",
      "uri": "https://data.neonscience.org/api/v0/documents/NEON.DOC.001152vB"
    },
    {
      "fileName": "NEON.QSG.DP1.20191.001v1.pdf",
      "downloadFileName": null,
      "type": "application/pdf",
      "fileSizeBytes": 162990,
      "description": "Quick Start Guide for Riparian vegetation % cover (DP1.20191.001)",
      "uri": "https://data.neonscience.org/api/v0/documents/quick-start-guides/NEON.QSG.DP1.20191.001v1.pdf"
    }
  ],
  "releases": [
    {
      "release": "PROVISIONAL",
      "generationDate": null,
      "packages": [
        {
          "release": "PROVISIONAL",
          "productCode": "DP1.20191.001",
          "domainCode": "D17",
          "siteCode": "BIGC",
          "month": "2022-08",
          "packageType": "basic",
          "generationDate": "2023-01-12T00:18:05Z",
          "files": [
            {
              "fileName": "NEON.D17.BIGC.DP1.20191.001.variables.20230112T001805Z.csv",
              "downloadFileName": null,
              "uri": "https://data.neonscience.org/api/v0/data/DP1.20191.001/BIGC/2022-08/NEON.D17.BIGC.DP1.20191.001.variables.20230112T001805Z.csv",
              "fileSizeBytes": 3491,
              "checksum": "8aed7d18b12ef2aa78ada04a438dbc04",
              "checksumAlgorithm": "MD5"
            },
            {
              "fileName": "NEON.D17.BIGC.DP0.20191.001.categoricalCodes.20230112T001805Z.csv",
              "downloadFileName": null,
              "uri": "https://data.neonscience.org/api/v0/data/DP1.20191.001/BIGC/2022-08/NEON.D17.BIGC.DP0.20191.001.categoricalCodes.20230112T001805Z.csv",
              "fileSizeBytes": 5297,
              "checksum": "1a9e88b17d6f3c7b9a6455115a8e645b",
              "checksumAlgorithm": "MD5"
            },
            {
              "fileName": "NEON.D17.BIGC.DP1.20191.001.rip_percentComposition.2022-08.basic.20230112T001805Z.csv",
              "downloadFileName": null,
              "uri": "https://data.neonscience.org/api/v0/data/DP1.20191.001/BIGC/2022-08/NEON.D17.BIGC.DP1.20191.001.rip_percentComposition.2022-08.basic.20230112T001805Z.csv",
              "fileSizeBytes": 18325,
              "checksum": "3f55954f273eb2da6d2aabdd92ca1786",
              "checksumAlgorithm": "MD5"
            },
            {
              "fileName": "NEON.D17.BIGC.DP0.20191.001.validation.20230112T001805Z.csv",
              "downloadFileName": null,
              "uri": "https://data.neonscience.org/api/v0/data/DP1.20191.001/BIGC/2022-08/NEON.D17.BIGC.DP0.20191.001.validation.20230112T001805Z.csv",
              "fileSizeBytes": 3804,
              "checksum": "6900c12e3b42da0853b1b5efed6ea526",
              "checksumAlgorithm": "MD5"
            },
            {
              "fileName": "NEON.D17.BIGC.DP1.20191.001.readme.20230112T001805Z.txt",
              "downloadFileName": null,
              "uri": "https://data.neonscience.org/api/v0/data/DP1.20191.001/BIGC/2022-08/NEON.D17.BIGC.DP1.20191.001.readme.20230112T001805Z.txt",
              "fileSizeBytes": 10103,
              "checksum": "78c1ec5428b50392f0872accf729302c",
              "checksumAlgorithm": "MD5"
            },
            {
              "fileName": "NEON.D17.BIGC.DP1.20191.001.EML.20220810-20220810.20230112T001805Z.xml",
              "downloadFileName": null,
              "uri": "https://data.neonscience.org/api/v0/data/DP1.20191.001/BIGC/2022-08/NEON.D17.BIGC.DP1.20191.001.EML.20220810-20220810.20230112T001805Z.xml",
              "fileSizeBytes": 57455,
              "checksum": "d3974fb83f2bfbce773de63386b10ec9",
              "checksumAlgorithm": "MD5"
            }
          ]
        },
        {
          "release": "PROVISIONAL",
          "productCode": "DP1.20191.001",
          "domainCode": "D08",
          "siteCode": "MAYF",
          "month": "2022-08",
          "packageType": "basic",
          "generationDate": "2023-01-12T00:21:25Z",
          "files": [
            {
              "fileName": "NEON.D08.MAYF.DP0.20191.001.categoricalCodes.20230112T002125Z.csv",
              "downloadFileName": null,
              "uri": "https://data.neonscience.org/api/v0/data/DP1.20191.001/MAYF/2022-08/NEON.D08.MAYF.DP0.20191.001.categoricalCodes.20230112T002125Z.csv",
              "fileSizeBytes": 5297,
              "checksum": "1a9e88b17d6f3c7b9a6455115a8e645b",
              "checksumAlgorithm": "MD5"
            },
            {
              "fileName": "NEON.D08.MAYF.DP1.20191.001.EML.20220818-20220818.20230112T002125Z.xml",
              "downloadFileName": null,
              "uri": "https://data.neonscience.org/api/v0/data/DP1.20191.001/MAYF/2022-08/NEON.D08.MAYF.DP1.20191.001.EML.20220818-20220818.20230112T002125Z.xml",
              "fileSizeBytes": 57448,
              "checksum": "f86916a864fd400aafba1626f5bb30bb",
              "checksumAlgorithm": "MD5"
            },
            {
              "fileName": "NEON.D08.MAYF.DP0.20191.001.validation.20230112T002125Z.csv",
              "downloadFileName": null,
              "uri": "https://data.neonscience.org/api/v0/data/DP1.20191.001/MAYF/2022-08/NEON.D08.MAYF.DP0.20191.001.validation.20230112T002125Z.csv",
              "fileSizeBytes": 3804,
              "checksum": "6900c12e3b42da0853b1b5efed6ea526",
              "checksumAlgorithm": "MD5"
            },
            {
              "fileName": "NEON.D08.MAYF.DP1.20191.001.readme.20230112T002125Z.txt",
              "downloadFileName": null,
              "uri": "https://data.neonscience.org/api/v0/data/DP1.20191.001/MAYF/2022-08/NEON.D08.MAYF.DP1.20191.001.readme.20230112T002125Z.txt",
              "fileSizeBytes": 10103,
              "checksum": "b78cd6c54d3d4ed57aadb11d15a5d9a9",
              "checksumAlgorithm": "MD5"
            },
            {
              "fileName": "NEON.D08.MAYF.DP1.20191.001.variables.20230112T002125Z.csv",
              "downloadFileName": null,
              "uri": "https://data.neonscience.org/api/v0/data/DP1.20191.001/MAYF/2022-08/NEON.D08.MAYF.DP1.20191.001.variables.20230112T002125Z.csv",
              "fileSizeBytes": 3491,
              "checksum": "8aed7d18b12ef2aa78ada04a438dbc04",
              "checksumAlgorithm": "MD5"
            },
            {
              "fileName": "NEON.D08.MAYF.DP1.20191.001.rip_percentComposition.2022-08.basic.20230112T002125Z.csv",
              "downloadFileName": null,
              "uri": "https://data.neonscience.org/api/v0/data/DP1.20191.001/MAYF/2022-08/NEON.D08.MAYF.DP1.20191.001.rip_percentComposition.2022-08.basic.20230112T002125Z.csv",
              "fileSizeBytes": 18149,
              "checksum": "e07f1a98398a639037f837a721d3179f",
              "checksumAlgorithm": "MD5"
            }
          ]
        },
        {
          "release": "PROVISIONAL",
          "productCode": "DP1.20191.001",
          "domainCode": "D18",
          "siteCode": "OKSR",
          "month": "2022-07",
          "packageType": "basic",
          "generationDate": "2023-01-12T00:19:43Z",
          "files": [
            {
              "fileName": "NEON.D18.OKSR.DP0.20191.001.categoricalCodes.20230112T001943Z.csv",
              "downloadFileName": null,
              "uri": "https://data.neonscience.org/api/v0/data/DP1.20191.001/OKSR/2022-07/NEON.D18.OKSR.DP0.20191.001.categoricalCodes.20230112T001943Z.csv",
              "fileSizeBytes": 5297,
              "checksum": "1a9e88b17d6f3c7b9a6455115a8e645b",
              "checksumAlgorithm": "MD5"
            },
            {
              "fileName": "NEON.D18.OKSR.DP1.20191.001.EML.20220721-20220721.20230112T001943Z.xml",
              "downloadFileName": null,
              "uri": "https://data.neonscience.org/api/v0/data/DP1.20191.001/OKSR/2022-07/NEON.D18.OKSR.DP1.20191.001.EML.20220721-20220721.20230112T001943Z.xml",
              "fileSizeBytes": 57442,
              "checksum": "afe3f7867e02becacc144042ba28a7ca",
              "checksumAlgorithm": "MD5"
            },
            {
              "fileName": "NEON.D18.OKSR.DP0.20191.001.validation.20230112T001943Z.csv",
              "downloadFileName": null,
              "uri": "https://data.neonscience.org/api/v0/data/DP1.20191.001/OKSR/2022-07/NEON.D18.OKSR.DP0.20191.001.validation.20230112T001943Z.csv",
              "fileSizeBytes": 3804,
              "checksum": "6900c12e3b42da0853b1b5efed6ea526",
              "checksumAlgorithm": "MD5"
            },
            {
              "fileName": "NEON.D18.OKSR.DP1.20191.001.rip_percentComposition.2022-07.basic.20230112T001943Z.csv",
              "downloadFileName": null,
              "uri": "https://data.neonscience.org/api/v0/data/DP1.20191.001/OKSR/2022-07/NEON.D18.OKSR.DP1.20191.001.rip_percentComposition.2022-07.basic.20230112T001943Z.csv",
              "fileSizeBytes": 18131,
              "checksum": "4c93e6d58d35da2c29b2e33bef81fca8",
              "checksumAlgorithm": "MD5"
            },
            {
              "fileName": "NEON.D18.OKSR.DP1.20191.001.variables.20230112T001943Z.csv",
              "downloadFileName": null,
              "uri": "https://data.neonscience.org/api/v0/data/DP1.20191.001/OKSR/2022-07/NEON.D18.OKSR.DP1.20191.001.variables.20230112T001943Z.csv",
              "fileSizeBytes": 3491,
              "checksum": "8aed7d18b12ef2aa78ada04a438dbc04",
              "checksumAlgorithm": "MD5"
            },
            {
              "fileName": "NEON.D18.OKSR.DP1.20191.001.readme.20230112T001943Z.txt",
              "downloadFileName": null,
              "uri": "https://data.neonscience.org/api/v0/data/DP1.20191.001/OKSR/2022-07/NEON.D18.OKSR.DP1.20191.001.readme.20230112T001943Z.txt",
              "fileSizeBytes": 10103,
              "checksum": "4a271c01f8771f216fe44dd44ffb9969",
              "checksumAlgorithm": "MD5"
            }
          ]
        }
      ]
    },
    {
      "release": "RELEASE-2023",
      "generationDate": "2023-01-27T12:07:53Z",
      "packages": [
        {
          "release": "RELEASE-2023",
          "productCode": "DP1.20191.001",
          "domainCode": "D17",
          "siteCode": "BIGC",
          "month": "2018-07",
          "packageType": "basic",
          "generationDate": "2023-01-27T12:07:53Z",
          "files": [
            {
              "fileName": "NEON.D17.BIGC.DP0.20191.001.categoricalCodes.20230112T002002Z.csv",
              "downloadFileName": null,
              "uri": "https://data.neonscience.org/api/v0/releases/RELEASE-2023/data/DP1.20191.001/BIGC/2018-07/NEON.D17.BIGC.DP0.20191.001.categoricalCodes.20230112T002002Z.csv",
              "fileSizeBytes": 5297,
              "checksum": "1a9e88b17d6f3c7b9a6455115a8e645b",
              "checksumAlgorithm": "MD5"
            },
            {
              "fileName": "NEON.D17.BIGC.DP1.20191.001.rip_percentComposition.2018-07.basic.20230112T002002Z.csv",
              "downloadFileName": null,
              "uri": "https://data.neonscience.org/api/v0/releases/RELEASE-2023/data/DP1.20191.001/BIGC/2018-07/NEON.D17.BIGC.DP1.20191.001.rip_percentComposition.2018-07.basic.20230112T002002Z.csv",
              "fileSizeBytes": 18505,
              "checksum": "33c3a29ba7205da7c7e3529034193547",
              "checksumAlgorithm": "MD5"
            },
            {
              "fileName": "NEON.D17.BIGC.DP1.20191.001.readme.20230127T120753Z.txt",
              "downloadFileName": null,
              "uri": "https://data.neonscience.org/api/v0/releases/RELEASE-2023/data/DP1.20191.001/BIGC/2018-07/NEON.D17.BIGC.DP1.20191.001.readme.20230127T120753Z.txt",
              "fileSizeBytes": 9958,
              "checksum": "4f2075bd8884efd48ff005e0132f2fe3",
              "checksumAlgorithm": "MD5"
            },
            {
              "fileName": "NEON.D17.BIGC.DP1.20191.001.variables.20230112T002002Z.csv",
              "downloadFileName": null,
              "uri": "https://data.neonscience.org/api/v0/releases/RELEASE-2023/data/DP1.20191.001/BIGC/2018-07/NEON.D17.BIGC.DP1.20191.001.variables.20230112T002002Z.csv",
              "fileSizeBytes": 3491,
              "checksum": "8aed7d18b12ef2aa78ada04a438dbc04",
              "checksumAlgorithm": "MD5"
            },
            {
              "fileName": "NEON.D17.BIGC.DP1.20191.001.EML.20180711-20180711.20230127T120753Z.xml",
              "downloadFileName": null,
              "uri": "https://data.neonscience.org/api/v0/releases/RELEASE-2023/data/DP1.20191.001/BIGC/2018-07/NEON.D17.BIGC.DP1.20191.001.EML.20180711-20180711.20230127T120753Z.xml",
              "fileSizeBytes": 108821,
              "checksum": "072cadb4454d6a96b00ce83c553d06c5",
              "checksumAlgorithm": "MD5"
            },
            {
              "fileName": "NEON.D17.BIGC.DP0.20191.001.validation.20230112T002002Z.csv",
              "downloadFileName": null,
              "uri": "https://data.neonscience.org/api/v0/releases/RELEASE-2023/data/DP1.20191.001/BIGC/2018-07/NEON.D17.BIGC.DP0.20191.001.validation.20230112T002002Z.csv",
              "fileSizeBytes": 3804,
              "checksum": "6900c12e3b42da0853b1b5efed6ea526",
              "checksumAlgorithm": "MD5"
            }
          ]
        },
        {
          "release": "RELEASE-2023",
          "productCode": "DP1.20191.001",
          "domainCode": "D17",
          "siteCode": "BIGC",
          "month": "2019-07",
          "packageType": "basic",
          "generationDate": "2023-01-27T12:07:53Z",
          "files": [
            {
              "fileName": "NEON.D17.BIGC.DP1.20191.001.rip_percentComposition.2019-07.basic.20230112T002213Z.csv",
              "downloadFileName": null,
              "uri": "https://data.neonscience.org/api/v0/releases/RELEASE-2023/data/DP1.20191.001/BIGC/2019-07/NEON.D17.BIGC.DP1.20191.001.rip_percentComposition.2019-07.basic.20230112T002213Z.csv",
              "fileSizeBytes": 18393,
              "checksum": "ab7febcd6d7ab8296f6c6bd00ecb4467",
              "checksumAlgorithm": "MD5"
            },
            {
              "fileName": "NEON.D17.BIGC.DP0.20191.001.validation.20230112T002213Z.csv",
              "downloadFileName": null,
              "uri": "https://data.neonscience.org/api/v0/releases/RELEASE-2023/data/DP1.20191.001/BIGC/2019-07/NEON.D17.BIGC.DP0.20191.001.validation.20230112T002213Z.csv",
              "fileSizeBytes": 3804,
              "checksum": "6900c12e3b42da0853b1b5efed6ea526",
              "checksumAlgorithm": "MD5"
            },
            {
              "fileName": "NEON.D17.BIGC.DP1.20191.001.variables.20230112T002213Z.csv",
              "downloadFileName": null,
              "uri": "https://data.neonscience.org/api/v0/releases/RELEASE-2023/data/DP1.20191.001/BIGC/2019-07/NEON.D17.BIGC.DP1.20191.001.variables.20230112T002213Z.csv",
              "fileSizeBytes": 3491,
              "checksum": "8aed7d18b12ef2aa78ada04a438dbc04",
              "checksumAlgorithm": "MD5"
            },
            {
              "fileName": "NEON.D17.BIGC.DP1.20191.001.readme.20230127T120753Z.txt",
              "downloadFileName": null,
              "uri": "https://data.neonscience.org/api/v0/releases/RELEASE-2023/data/DP1.20191.001/BIGC/2019-07/NEON.D17.BIGC.DP1.20191.001.readme.20230127T120753Z.txt",
              "fileSizeBytes": 9958,
              "checksum": "93977c7f2db83a945cb6ed872a54d833",
              "checksumAlgorithm": "MD5"
            },
            {
              "fileName": "NEON.D17.BIGC.DP1.20191.001.EML.20190715-20190715.20230127T120753Z.xml",
              "downloadFileName": null,
              "uri": "https://data.neonscience.org/api/v0/releases/RELEASE-2023/data/DP1.20191.001/BIGC/2019-07/NEON.D17.BIGC.DP1.20191.001.EML.20190715-20190715.20230127T120753Z.xml",
              "fileSizeBytes": 109394,
              "checksum": "8da6717b23761900cd073c0a44626eb5",
              "checksumAlgorithm": "MD5"
            },
            {
              "fileName": "NEON.D17.BIGC.DP0.20191.001.categoricalCodes.20230112T002213Z.csv",
              "downloadFileName": null,
              "uri": "https://data.neonscience.org/api/v0/releases/RELEASE-2023/data/DP1.20191.001/BIGC/2019-07/NEON.D17.BIGC.DP0.20191.001.categoricalCodes.20230112T002213Z.csv",
              "fileSizeBytes": 5297,
              "checksum": "1a9e88b17d6f3c7b9a6455115a8e645b",
              "checksumAlgorithm": "MD5"
            }
          ]
        },
        {
          "release": "RELEASE-2023",
          "productCode": "DP1.20191.001",
          "domainCode": "D17",
          "siteCode": "BIGC",
          "month": "2021-08",
          "packageType": "basic",
          "generationDate": "2023-01-27T12:07:53Z",
          "files": [
            {
              "fileName": "NEON.D17.BIGC.DP1.20191.001.rip_percentComposition.2021-08.basic.20230112T001807Z.csv",
              "downloadFileName": null,
              "uri": "https://data.neonscience.org/api/v0/releases/RELEASE-2023/data/DP1.20191.001/BIGC/2021-08/NEON.D17.BIGC.DP1.20191.001.rip_percentComposition.2021-08.basic.20230112T001807Z.csv",
              "fileSizeBytes": 18371,
              "checksum": "4aaacc5098c4f73741c351bccf0cbbcf",
              "checksumAlgorithm": "MD5"
            },
            {
              "fileName": "NEON.D17.BIGC.DP0.20191.001.categoricalCodes.20230112T001807Z.csv",
              "downloadFileName": null,
              "uri": "https://data.neonscience.org/api/v0/releases/RELEASE-2023/data/DP1.20191.001/BIGC/2021-08/NEON.D17.BIGC.DP0.20191.001.categoricalCodes.20230112T001807Z.csv",
              "fileSizeBytes": 5297,
              "checksum": "1a9e88b17d6f3c7b9a6455115a8e645b",
              "checksumAlgorithm": "MD5"
            },
            {
              "fileName": "NEON.D17.BIGC.DP1.20191.001.variables.20230112T001807Z.csv",
              "downloadFileName": null,
              "uri": "https://data.neonscience.org/api/v0/releases/RELEASE-2023/data/DP1.20191.001/BIGC/2021-08/NEON.D17.BIGC.DP1.20191.001.variables.20230112T001807Z.csv",
              "fileSizeBytes": 3491,
              "checksum": "8aed7d18b12ef2aa78ada04a438dbc04",
              "checksumAlgorithm": "MD5"
            },
            {
              "fileName": "NEON.D17.BIGC.DP1.20191.001.EML.20210809-20210809.20230127T120753Z.xml",
              "downloadFileName": null,
              "uri": "https://data.neonscience.org/api/v0/releases/RELEASE-2023/data/DP1.20191.001/BIGC/2021-08/NEON.D17.BIGC.DP1.20191.001.EML.20210809-20210809.20230127T120753Z.xml",
              "fileSizeBytes": 109967,
              "checksum": "6da462a4154bee430d065e379730aab2",
              "checksumAlgorithm": "MD5"
            },
            {
              "fileName": "NEON.D17.BIGC.DP1.20191.001.readme.20230127T120753Z.txt",
              "downloadFileName": null,
              "uri": "https://data.neonscience.org/api/v0/releases/RELEASE-2023/data/DP1.20191.001/BIGC/2021-08/NEON.D17.BIGC.DP1.20191.001.readme.20230127T120753Z.txt",
              "fileSizeBytes": 9958,
              "checksum": "c936e562fcd8ddcb36834441012b1c53",
              "checksumAlgorithm": "MD5"
            },
            {
              "fileName": "NEON.D17.BIGC.DP0.20191.001.validation.20230112T001807Z.csv",
              "downloadFileName": null,
              "uri": "https://data.neonscience.org/api/v0/releases/RELEASE-2023/data/DP1.20191.001/BIGC/2021-08/NEON.D17.BIGC.DP0.20191.001.validation.20230112T001807Z.csv",
              "fileSizeBytes": 3804,
              "checksum": "6900c12e3b42da0853b1b5efed6ea526",
              "checksumAlgorithm": "MD5"
            }
          ]
        },
        {
          "release": "RELEASE-2023",
          "productCode": "DP1.20191.001",
          "domainCode": "D08",
          "siteCode": "MAYF",
          "month": "2017-08",
          "packageType": "basic",
          "generationDate": "2023-01-27T12:07:53Z",
          "files": [
            {
              "fileName": "NEON.D08.MAYF.DP0.20191.001.categoricalCodes.20230112T002045Z.csv",
              "downloadFileName": null,
              "uri": "https://data.neonscience.org/api/v0/releases/RELEASE-2023/data/DP1.20191.001/MAYF/2017-08/NEON.D08.MAYF.DP0.20191.001.categoricalCodes.20230112T002045Z.csv",
              "fileSizeBytes": 5297,
              "checksum": "1a9e88b17d6f3c7b9a6455115a8e645b",
              "checksumAlgorithm": "MD5"
            },
            {
              "fileName": "NEON.D08.MAYF.DP1.20191.001.variables.20230112T002045Z.csv",
              "downloadFileName": null,
              "uri": "https://data.neonscience.org/api/v0/releases/RELEASE-2023/data/DP1.20191.001/MAYF/2017-08/NEON.D08.MAYF.DP1.20191.001.variables.20230112T002045Z.csv",
              "fileSizeBytes": 3491,
              "checksum": "8aed7d18b12ef2aa78ada04a438dbc04",
              "checksumAlgorithm": "MD5"
            },
            {
              "fileName": "NEON.D08.MAYF.DP1.20191.001.rip_percentComposition.2017-08.basic.20230112T002045Z.csv",
              "downloadFileName": null,
              "uri": "https://data.neonscience.org/api/v0/releases/RELEASE-2023/data/DP1.20191.001/MAYF/2017-08/NEON.D08.MAYF.DP1.20191.001.rip_percentComposition.2017-08.basic.20230112T002045Z.csv",
              "fileSizeBytes": 36279,
              "checksum": "335ac1a1812387b436c2977823971374",
              "checksumAlgorithm": "MD5"
            },
            {
              "fileName": "NEON.D08.MAYF.DP1.20191.001.readme.20230127T120753Z.txt",
              "downloadFileName": null,
              "uri": "https://data.neonscience.org/api/v0/releases/RELEASE-2023/data/DP1.20191.001/MAYF/2017-08/NEON.D08.MAYF.DP1.20191.001.readme.20230127T120753Z.txt",
              "fileSizeBytes": 9958,
              "checksum": "e5de2c28015abb8ef7aa8f1052159bfc",
              "checksumAlgorithm": "MD5"
            },
            {
              "fileName": "NEON.D08.MAYF.DP0.20191.001.validation.20230112T002045Z.csv",
              "downloadFileName": null,
              "uri": "https://data.neonscience.org/api/v0/releases/RELEASE-2023/data/DP1.20191.001/MAYF/2017-08/NEON.D08.MAYF.DP0.20191.001.validation.20230112T002045Z.csv",
              "fileSizeBytes": 3804,
              "checksum": "6900c12e3b42da0853b1b5efed6ea526",
              "checksumAlgorithm": "MD5"
            },
            {
              "fileName": "NEON.D08.MAYF.DP1.20191.001.EML.20170810-20170810.20230127T120753Z.xml",
              "downloadFileName": null,
              "uri": "https://data.neonscience.org/api/v0/releases/RELEASE-2023/data/DP1.20191.001/MAYF/2017-08/NEON.D08.MAYF.DP1.20191.001.EML.20170810-20170810.20230127T120753Z.xml",
              "fileSizeBytes": 108815,
              "checksum": "51e32f32cde089eae523478bd7d0586b",
              "checksumAlgorithm": "MD5"
            }
          ]
        },
        {
          "release": "RELEASE-2023",
          "productCode": "DP1.20191.001",
          "domainCode": "D08",
          "siteCode": "MAYF",
          "month": "2018-08",
          "packageType": "basic",
          "generationDate": "2023-01-27T12:07:53Z",
          "files": [
            {
              "fileName": "NEON.D08.MAYF.DP1.20191.001.rip_percentComposition.2018-08.basic.20230112T002023Z.csv",
              "downloadFileName": null,
              "uri": "https://data.neonscience.org/api/v0/releases/RELEASE-2023/data/DP1.20191.001/MAYF/2018-08/NEON.D08.MAYF.DP1.20191.001.rip_percentComposition.2018-08.basic.20230112T002023Z.csv",
              "fileSizeBytes": 18303,
              "checksum": "cb73f5e4faa97586062d70449f3942d3",
              "checksumAlgorithm": "MD5"
            },
            {
              "fileName": "NEON.D08.MAYF.DP0.20191.001.categoricalCodes.20230112T002023Z.csv",
              "downloadFileName": null,
              "uri": "https://data.neonscience.org/api/v0/releases/RELEASE-2023/data/DP1.20191.001/MAYF/2018-08/NEON.D08.MAYF.DP0.20191.001.categoricalCodes.20230112T002023Z.csv",
              "fileSizeBytes": 5297,
              "checksum": "1a9e88b17d6f3c7b9a6455115a8e645b",
              "checksumAlgorithm": "MD5"
            },
            {
              "fileName": "NEON.D08.MAYF.DP1.20191.001.EML.20180808-20180808.20230127T120753Z.xml",
              "downloadFileName": null,
              "uri": "https://data.neonscience.org/api/v0/releases/RELEASE-2023/data/DP1.20191.001/MAYF/2018-08/NEON.D08.MAYF.DP1.20191.001.EML.20180808-20180808.20230127T120753Z.xml",
              "fileSizeBytes": 108814,
              "checksum": "463f0e5a9edc6d9d2f2c56595726fe87",
              "checksumAlgorithm": "MD5"
            },
            {
              "fileName": "NEON.D08.MAYF.DP1.20191.001.readme.20230127T120753Z.txt",
              "downloadFileName": null,
              "uri": "https://data.neonscience.org/api/v0/releases/RELEASE-2023/data/DP1.20191.001/MAYF/2018-08/NEON.D08.MAYF.DP1.20191.001.readme.20230127T120753Z.txt",
              "fileSizeBytes": 9958,
              "checksum": "17d88753f6d824a16e083a81852da3e4",
              "checksumAlgorithm": "MD5"
            },
            {
              "fileName": "NEON.D08.MAYF.DP0.20191.001.validation.20230112T002023Z.csv",
              "downloadFileName": null,
              "uri": "https://data.neonscience.org/api/v0/releases/RELEASE-2023/data/DP1.20191.001/MAYF/2018-08/NEON.D08.MAYF.DP0.20191.001.validation.20230112T002023Z.csv",
              "fileSizeBytes": 3804,
              "checksum": "6900c12e3b42da0853b1b5efed6ea526",
              "checksumAlgorithm": "MD5"
            },
            {
              "fileName": "NEON.D08.MAYF.DP1.20191.001.variables.20230112T002023Z.csv",
              "downloadFileName": null,
              "uri": "https://data.neonscience.org/api/v0/releases/RELEASE-2023/data/DP1.20191.001/MAYF/2018-08/NEON.D08.MAYF.DP1.20191.001.variables.20230112T002023Z.csv",
              "fileSizeBytes": 3491,
              "checksum": "8aed7d18b12ef2aa78ada04a438dbc04",
              "checksumAlgorithm": "MD5"
            }
          ]
        },
        {
          "release": "RELEASE-2023",
          "productCode": "DP1.20191.001",
          "domainCode": "D08",
          "siteCode": "MAYF",
          "month": "2019-08",
          "packageType": "basic",
          "generationDate": "2023-01-27T12:07:53Z",
          "files": [
            {
              "fileName": "NEON.D08.MAYF.DP1.20191.001.variables.20230112T001825Z.csv",
              "downloadFileName": null,
              "uri": "https://data.neonscience.org/api/v0/releases/RELEASE-2023/data/DP1.20191.001/MAYF/2019-08/NEON.D08.MAYF.DP1.20191.001.variables.20230112T001825Z.csv",
              "fileSizeBytes": 3491,
              "checksum": "8aed7d18b12ef2aa78ada04a438dbc04",
              "checksumAlgorithm": "MD5"
            },
            {
              "fileName": "NEON.D08.MAYF.DP1.20191.001.rip_percentComposition.2019-08.basic.20230112T001825Z.csv",
              "downloadFileName": null,
              "uri": "https://data.neonscience.org/api/v0/releases/RELEASE-2023/data/DP1.20191.001/MAYF/2019-08/NEON.D08.MAYF.DP1.20191.001.rip_percentComposition.2019-08.basic.20230112T001825Z.csv",
              "fileSizeBytes": 18137,
              "checksum": "d47bff6997f66adbb41356307c6b1d6f",
              "checksumAlgorithm": "MD5"
            },
            {
              "fileName": "NEON.D08.MAYF.DP1.20191.001.readme.20230127T120753Z.txt",
              "downloadFileName": null,
              "uri": "https://data.neonscience.org/api/v0/releases/RELEASE-2023/data/DP1.20191.001/MAYF/2019-08/NEON.D08.MAYF.DP1.20191.001.readme.20230127T120753Z.txt",
              "fileSizeBytes": 9958,
              "checksum": "1f6186380cee9e81fa53308405aa5dda",
              "checksumAlgorithm": "MD5"
            },
            {
              "fileName": "NEON.D08.MAYF.DP0.20191.001.categoricalCodes.20230112T001825Z.csv",
              "downloadFileName": null,
              "uri": "https://data.neonscience.org/api/v0/releases/RELEASE-2023/data/DP1.20191.001/MAYF/2019-08/NEON.D08.MAYF.DP0.20191.001.categoricalCodes.20230112T001825Z.csv",
              "fileSizeBytes": 5297,
              "checksum": "1a9e88b17d6f3c7b9a6455115a8e645b",
              "checksumAlgorithm": "MD5"
            },
            {
              "fileName": "NEON.D08.MAYF.DP1.20191.001.EML.20190806-20190806.20230127T120753Z.xml",
              "downloadFileName": null,
              "uri": "https://data.neonscience.org/api/v0/releases/RELEASE-2023/data/DP1.20191.001/MAYF/2019-08/NEON.D08.MAYF.DP1.20191.001.EML.20190806-20190806.20230127T120753Z.xml",
              "fileSizeBytes": 109387,
              "checksum": "0a3af4a6adc8c3c93e729b8e533e3c99",
              "checksumAlgorithm": "MD5"
            },
            {
              "fileName": "NEON.D08.MAYF.DP0.20191.001.validation.20230112T001825Z.csv",
              "downloadFileName": null,
              "uri": "https://data.neonscience.org/api/v0/releases/RELEASE-2023/data/DP1.20191.001/MAYF/2019-08/NEON.D08.MAYF.DP0.20191.001.validation.20230112T001825Z.csv",
              "fileSizeBytes": 3804,
              "checksum": "6900c12e3b42da0853b1b5efed6ea526",
              "checksumAlgorithm": "MD5"
            }
          ]
        },
        {
          "release": "RELEASE-2023",
          "productCode": "DP1.20191.001",
          "domainCode": "D08",
          "siteCode": "MAYF",
          "month": "2021-08",
          "packageType": "basic",
          "generationDate": "2023-01-27T12:07:53Z",
          "files": [
            {
              "fileName": "NEON.D08.MAYF.DP1.20191.001.readme.20230127T120753Z.txt",
              "downloadFileName": null,
              "uri": "https://data.neonscience.org/api/v0/releases/RELEASE-2023/data/DP1.20191.001/MAYF/2021-08/NEON.D08.MAYF.DP1.20191.001.readme.20230127T120753Z.txt",
              "fileSizeBytes": 9958,
              "checksum": "43d0c116a90b384c757827b0fb56c850",
              "checksumAlgorithm": "MD5"
            },
            {
              "fileName": "NEON.D08.MAYF.DP0.20191.001.categoricalCodes.20230112T002158Z.csv",
              "downloadFileName": null,
              "uri": "https://data.neonscience.org/api/v0/releases/RELEASE-2023/data/DP1.20191.001/MAYF/2021-08/NEON.D08.MAYF.DP0.20191.001.categoricalCodes.20230112T002158Z.csv",
              "fileSizeBytes": 5297,
              "checksum": "1a9e88b17d6f3c7b9a6455115a8e645b",
              "checksumAlgorithm": "MD5"
            },
            {
              "fileName": "NEON.D08.MAYF.DP1.20191.001.EML.20210809-20210809.20230127T120753Z.xml",
              "downloadFileName": null,
              "uri": "https://data.neonscience.org/api/v0/releases/RELEASE-2023/data/DP1.20191.001/MAYF/2021-08/NEON.D08.MAYF.DP1.20191.001.EML.20210809-20210809.20230127T120753Z.xml",
              "fileSizeBytes": 109960,
              "checksum": "83c8d42f7bf10a1200f5124ca5765b14",
              "checksumAlgorithm": "MD5"
            },
            {
              "fileName": "NEON.D08.MAYF.DP1.20191.001.rip_percentComposition.2021-08.basic.20230112T002158Z.csv",
              "downloadFileName": null,
              "uri": "https://data.neonscience.org/api/v0/releases/RELEASE-2023/data/DP1.20191.001/MAYF/2021-08/NEON.D08.MAYF.DP1.20191.001.rip_percentComposition.2021-08.basic.20230112T002158Z.csv",
              "fileSizeBytes": 13649,
              "checksum": "33e52dbadd95955b45c4cbb1d05c8fcc",
              "checksumAlgorithm": "MD5"
            },
            {
              "fileName": "NEON.D08.MAYF.DP0.20191.001.validation.20230112T002158Z.csv",
              "downloadFileName": null,
              "uri": "https://data.neonscience.org/api/v0/releases/RELEASE-2023/data/DP1.20191.001/MAYF/2021-08/NEON.D08.MAYF.DP0.20191.001.validation.20230112T002158Z.csv",
              "fileSizeBytes": 3804,
              "checksum": "6900c12e3b42da0853b1b5efed6ea526",
              "checksumAlgorithm": "MD5"
            },
            {
              "fileName": "NEON.D08.MAYF.DP1.20191.001.variables.20230112T002158Z.csv",
              "downloadFileName": null,
              "uri": "https://data.neonscience.org/api/v0/releases/RELEASE-2023/data/DP1.20191.001/MAYF/2021-08/NEON.D08.MAYF.DP1.20191.001.variables.20230112T002158Z.csv",
              "fileSizeBytes": 3491,
              "checksum": "8aed7d18b12ef2aa78ada04a438dbc04",
              "checksumAlgorithm": "MD5"
            }
          ]
        },
        {
          "release": "RELEASE-2023",
          "productCode": "DP1.20191.001",
          "domainCode": "D18",
          "siteCode": "OKSR",
          "month": "2017-07",
          "packageType": "basic",
          "generationDate": "2023-01-27T12:07:53Z",
          "files": [
            {
              "fileName": "NEON.D18.OKSR.DP1.20191.001.variables.20230112T002307Z.csv",
              "downloadFileName": null,
              "uri": "https://data.neonscience.org/api/v0/releases/RELEASE-2023/data/DP1.20191.001/OKSR/2017-07/NEON.D18.OKSR.DP1.20191.001.variables.20230112T002307Z.csv",
              "fileSizeBytes": 3491,
              "checksum": "8aed7d18b12ef2aa78ada04a438dbc04",
              "checksumAlgorithm": "MD5"
            },
            {
              "fileName": "NEON.D18.OKSR.DP1.20191.001.rip_percentComposition.2017-07.basic.20230112T002307Z.csv",
              "downloadFileName": null,
              "uri": "https://data.neonscience.org/api/v0/releases/RELEASE-2023/data/DP1.20191.001/OKSR/2017-07/NEON.D18.OKSR.DP1.20191.001.rip_percentComposition.2017-07.basic.20230112T002307Z.csv",
              "fileSizeBytes": 18308,
              "checksum": "3285378d609d2a4137a6cc026c169533",
              "checksumAlgorithm": "MD5"
            },
            {
              "fileName": "NEON.D18.OKSR.DP0.20191.001.categoricalCodes.20230112T002307Z.csv",
              "downloadFileName": null,
              "uri": "https://data.neonscience.org/api/v0/releases/RELEASE-2023/data/DP1.20191.001/OKSR/2017-07/NEON.D18.OKSR.DP0.20191.001.categoricalCodes.20230112T002307Z.csv",
              "fileSizeBytes": 5297,
              "checksum": "1a9e88b17d6f3c7b9a6455115a8e645b",
              "checksumAlgorithm": "MD5"
            },
            {
              "fileName": "NEON.D18.OKSR.DP1.20191.001.EML.20170720-20170720.20230127T120753Z.xml",
              "downloadFileName": null,
              "uri": "https://data.neonscience.org/api/v0/releases/RELEASE-2023/data/DP1.20191.001/OKSR/2017-07/NEON.D18.OKSR.DP1.20191.001.EML.20170720-20170720.20230127T120753Z.xml",
              "fileSizeBytes": 108808,
              "checksum": "3953cfbfdda6201894b4f4201e300920",
              "checksumAlgorithm": "MD5"
            },
            {
              "fileName": "NEON.D18.OKSR.DP1.20191.001.readme.20230127T120753Z.txt",
              "downloadFileName": null,
              "uri": "https://data.neonscience.org/api/v0/releases/RELEASE-2023/data/DP1.20191.001/OKSR/2017-07/NEON.D18.OKSR.DP1.20191.001.readme.20230127T120753Z.txt",
              "fileSizeBytes": 9958,
              "checksum": "64b3881ea0a3842a9ebd31bbdbedde6c",
              "checksumAlgorithm": "MD5"
            },
            {
              "fileName": "NEON.D18.OKSR.DP0.20191.001.validation.20230112T002307Z.csv",
              "downloadFileName": null,
              "uri": "https://data.neonscience.org/api/v0/releases/RELEASE-2023/data/DP1.20191.001/OKSR/2017-07/NEON.D18.OKSR.DP0.20191.001.validation.20230112T002307Z.csv",
              "fileSizeBytes": 3804,
              "checksum": "6900c12e3b42da0853b1b5efed6ea526",
              "checksumAlgorithm": "MD5"
            }
          ]
        },
        {
          "release": "RELEASE-2023",
          "productCode": "DP1.20191.001",
          "domainCode": "D18",
          "siteCode": "OKSR",
          "month": "2017-08",
          "packageType": "basic",
          "generationDate": "2023-01-27T12:07:53Z",
          "files": [
            {
              "fileName": "NEON.D18.OKSR.DP1.20191.001.variables.20230112T002121Z.csv",
              "downloadFileName": null,
              "uri": "https://data.neonscience.org/api/v0/releases/RELEASE-2023/data/DP1.20191.001/OKSR/2017-08/NEON.D18.OKSR.DP1.20191.001.variables.20230112T002121Z.csv",
              "fileSizeBytes": 3491,
              "checksum": "8aed7d18b12ef2aa78ada04a438dbc04",
              "checksumAlgorithm": "MD5"
            },
            {
              "fileName": "NEON.D18.OKSR.DP1.20191.001.readme.20230127T120753Z.txt",
              "downloadFileName": null,
              "uri": "https://data.neonscience.org/api/v0/releases/RELEASE-2023/data/DP1.20191.001/OKSR/2017-08/NEON.D18.OKSR.DP1.20191.001.readme.20230127T120753Z.txt",
              "fileSizeBytes": 9958,
              "checksum": "21c7f9d942eea74af837bc7f682cac44",
              "checksumAlgorithm": "MD5"
            },
            {
              "fileName": "NEON.D18.OKSR.DP1.20191.001.EML.20170803-20170803.20230127T120753Z.xml",
              "downloadFileName": null,
              "uri": "https://data.neonscience.org/api/v0/releases/RELEASE-2023/data/DP1.20191.001/OKSR/2017-08/NEON.D18.OKSR.DP1.20191.001.EML.20170803-20170803.20230127T120753Z.xml",
              "fileSizeBytes": 108808,
              "checksum": "478c49132c9a894aff400af472e99ba0",
              "checksumAlgorithm": "MD5"
            },
            {
              "fileName": "NEON.D18.OKSR.DP0.20191.001.categoricalCodes.20230112T002121Z.csv",
              "downloadFileName": null,
              "uri": "https://data.neonscience.org/api/v0/releases/RELEASE-2023/data/DP1.20191.001/OKSR/2017-08/NEON.D18.OKSR.DP0.20191.001.categoricalCodes.20230112T002121Z.csv",
              "fileSizeBytes": 5297,
              "checksum": "1a9e88b17d6f3c7b9a6455115a8e645b",
              "checksumAlgorithm": "MD5"
            },
            {
              "fileName": "NEON.D18.OKSR.DP0.20191.001.validation.20230112T002121Z.csv",
              "downloadFileName": null,
              "uri": "https://data.neonscience.org/api/v0/releases/RELEASE-2023/data/DP1.20191.001/OKSR/2017-08/NEON.D18.OKSR.DP0.20191.001.validation.20230112T002121Z.csv",
              "fileSizeBytes": 3804,
              "checksum": "6900c12e3b42da0853b1b5efed6ea526",
              "checksumAlgorithm": "MD5"
            },
            {
              "fileName": "NEON.D18.OKSR.DP1.20191.001.rip_percentComposition.2017-08.basic.20230112T002121Z.csv",
              "downloadFileName": null,
              "uri": "https://data.neonscience.org/api/v0/releases/RELEASE-2023/data/DP1.20191.001/OKSR/2017-08/NEON.D18.OKSR.DP1.20191.001.rip_percentComposition.2017-08.basic.20230112T002121Z.csv",
              "fileSizeBytes": 18308,
              "checksum": "58de441cd683199d6274a0928719e594",
              "checksumAlgorithm": "MD5"
            }
          ]
        },
        {
          "release": "RELEASE-2023",
          "productCode": "DP1.20191.001",
          "domainCode": "D18",
          "siteCode": "OKSR",
          "month": "2019-07",
          "packageType": "basic",
          "generationDate": "2023-01-27T12:07:53Z",
          "files": [
            {
              "fileName": "NEON.D18.OKSR.DP1.20191.001.EML.20190708-20190708.20230127T120753Z.xml",
              "downloadFileName": null,
              "uri": "https://data.neonscience.org/api/v0/releases/RELEASE-2023/data/DP1.20191.001/OKSR/2019-07/NEON.D18.OKSR.DP1.20191.001.EML.20190708-20190708.20230127T120753Z.xml",
              "fileSizeBytes": 109381,
              "checksum": "11251bde78af22607370020185dda42c",
              "checksumAlgorithm": "MD5"
            },
            {
              "fileName": "NEON.D18.OKSR.DP1.20191.001.rip_percentComposition.2019-07.basic.20230112T001757Z.csv",
              "downloadFileName": null,
              "uri": "https://data.neonscience.org/api/v0/releases/RELEASE-2023/data/DP1.20191.001/OKSR/2019-07/NEON.D18.OKSR.DP1.20191.001.rip_percentComposition.2019-07.basic.20230112T001757Z.csv",
              "fileSizeBytes": 18128,
              "checksum": "f82a6b1e1371f0556b7a6a79a982c2b6",
              "checksumAlgorithm": "MD5"
            },
            {
              "fileName": "NEON.D18.OKSR.DP1.20191.001.readme.20230127T120753Z.txt",
              "downloadFileName": null,
              "uri": "https://data.neonscience.org/api/v0/releases/RELEASE-2023/data/DP1.20191.001/OKSR/2019-07/NEON.D18.OKSR.DP1.20191.001.readme.20230127T120753Z.txt",
              "fileSizeBytes": 9958,
              "checksum": "50560e00f8e9c4b457862d9d39da7e7b",
              "checksumAlgorithm": "MD5"
            },
            {
              "fileName": "NEON.D18.OKSR.DP0.20191.001.validation.20230112T001757Z.csv",
              "downloadFileName": null,
              "uri": "https://data.neonscience.org/api/v0/releases/RELEASE-2023/data/DP1.20191.001/OKSR/2019-07/NEON.D18.OKSR.DP0.20191.001.validation.20230112T001757Z.csv",
              "fileSizeBytes": 3804,
              "checksum": "6900c12e3b42da0853b1b5efed6ea526",
              "checksumAlgorithm": "MD5"
            },
            {
              "fileName": "NEON.D18.OKSR.DP0.20191.001.categoricalCodes.20230112T001757Z.csv",
              "downloadFileName": null,
              "uri": "https://data.neonscience.org/api/v0/releases/RELEASE-2023/data/DP1.20191.001/OKSR/2019-07/NEON.D18.OKSR.DP0.20191.001.categoricalCodes.20230112T001757Z.csv",
              "fileSizeBytes": 5297,
              "checksum": "1a9e88b17d6f3c7b9a6455115a8e645b",
              "checksumAlgorithm": "MD5"
            },
            {
              "fileName": "NEON.D18.OKSR.DP1.20191.001.variables.20230112T001757Z.csv",
              "downloadFileName": null,
              "uri": "https://data.neonscience.org/api/v0/releases/RELEASE-2023/data/DP1.20191.001/OKSR/2019-07/NEON.D18.OKSR.DP1.20191.001.variables.20230112T001757Z.csv",
              "fileSizeBytes": 3491,
              "checksum": "8aed7d18b12ef2aa78ada04a438dbc04",
              "checksumAlgorithm": "MD5"
            }
          ]
        },
        {
          "release": "RELEASE-2023",
          "productCode": "DP1.20191.001",
          "domainCode": "D18",
          "siteCode": "OKSR",
          "month": "2020-08",
          "packageType": "basic",
          "generationDate": "2023-01-27T12:07:53Z",
          "files": [
            {
              "fileName": "NEON.D18.OKSR.DP1.20191.001.variables.20230112T001810Z.csv",
              "downloadFileName": null,
              "uri": "https://data.neonscience.org/api/v0/releases/RELEASE-2023/data/DP1.20191.001/OKSR/2020-08/NEON.D18.OKSR.DP1.20191.001.variables.20230112T001810Z.csv",
              "fileSizeBytes": 3491,
              "checksum": "8aed7d18b12ef2aa78ada04a438dbc04",
              "checksumAlgorithm": "MD5"
            },
            {
              "fileName": "NEON.D18.OKSR.DP1.20191.001.readme.20230127T120753Z.txt",
              "downloadFileName": null,
              "uri": "https://data.neonscience.org/api/v0/releases/RELEASE-2023/data/DP1.20191.001/OKSR/2020-08/NEON.D18.OKSR.DP1.20191.001.readme.20230127T120753Z.txt",
              "fileSizeBytes": 9958,
              "checksum": "2dd8b76cff559c5e763f38afdfe1010b",
              "checksumAlgorithm": "MD5"
            },
            {
              "fileName": "NEON.D18.OKSR.DP1.20191.001.EML.20200807-20200807.20230127T120753Z.xml",
              "downloadFileName": null,
              "uri": "https://data.neonscience.org/api/v0/releases/RELEASE-2023/data/DP1.20191.001/OKSR/2020-08/NEON.D18.OKSR.DP1.20191.001.EML.20200807-20200807.20230127T120753Z.xml",
              "fileSizeBytes": 109954,
              "checksum": "4ea31e18a2fb1f31f0c2bed1e2ae784c",
              "checksumAlgorithm": "MD5"
            },
            {
              "fileName": "NEON.D18.OKSR.DP0.20191.001.validation.20230112T001810Z.csv",
              "downloadFileName": null,
              "uri": "https://data.neonscience.org/api/v0/releases/RELEASE-2023/data/DP1.20191.001/OKSR/2020-08/NEON.D18.OKSR.DP0.20191.001.validation.20230112T001810Z.csv",
              "fileSizeBytes": 3804,
              "checksum": "6900c12e3b42da0853b1b5efed6ea526",
              "checksumAlgorithm": "MD5"
            },
            {
              "fileName": "NEON.D18.OKSR.DP0.20191.001.categoricalCodes.20230112T001810Z.csv",
              "downloadFileName": null,
              "uri": "https://data.neonscience.org/api/v0/releases/RELEASE-2023/data/DP1.20191.001/OKSR/2020-08/NEON.D18.OKSR.DP0.20191.001.categoricalCodes.20230112T001810Z.csv",
              "fileSizeBytes": 5297,
              "checksum": "1a9e88b17d6f3c7b9a6455115a8e645b",
              "checksumAlgorithm": "MD5"
            },
            {
              "fileName": "NEON.D18.OKSR.DP1.20191.001.rip_percentComposition.2020-08.basic.20230112T001810Z.csv",
              "downloadFileName": null,
              "uri": "https://data.neonscience.org/api/v0/releases/RELEASE-2023/data/DP1.20191.001/OKSR/2020-08/NEON.D18.OKSR.DP1.20191.001.rip_percentComposition.2020-08.basic.20230112T001810Z.csv",
              "fileSizeBytes": 18128,
              "checksum": "ab3deb20a600092d2df0fc82f4878a22",
              "checksumAlgorithm": "MD5"
            }
          ]
        },
        {
          "release": "RELEASE-2023",
          "productCode": "DP1.20191.001",
          "domainCode": "D18",
          "siteCode": "OKSR",
          "month": "2021-07",
          "packageType": "basic",
          "generationDate": "2023-01-27T12:07:53Z",
          "files": [
            {
              "fileName": "NEON.D18.OKSR.DP1.20191.001.rip_percentComposition.2021-07.basic.20230112T002024Z.csv",
              "downloadFileName": null,
              "uri": "https://data.neonscience.org/api/v0/releases/RELEASE-2023/data/DP1.20191.001/OKSR/2021-07/NEON.D18.OKSR.DP1.20191.001.rip_percentComposition.2021-07.basic.20230112T002024Z.csv",
              "fileSizeBytes": 18128,
              "checksum": "ad1ab5c73a2735427e7d840c47115b79",
              "checksumAlgorithm": "MD5"
            },
            {
              "fileName": "NEON.D18.OKSR.DP0.20191.001.categoricalCodes.20230112T002024Z.csv",
              "downloadFileName": null,
              "uri": "https://data.neonscience.org/api/v0/releases/RELEASE-2023/data/DP1.20191.001/OKSR/2021-07/NEON.D18.OKSR.DP0.20191.001.categoricalCodes.20230112T002024Z.csv",
              "fileSizeBytes": 5297,
              "checksum": "1a9e88b17d6f3c7b9a6455115a8e645b",
              "checksumAlgorithm": "MD5"
            },
            {
              "fileName": "NEON.D18.OKSR.DP1.20191.001.EML.20210712-20210712.20230127T120753Z.xml",
              "downloadFileName": null,
              "uri": "https://data.neonscience.org/api/v0/releases/RELEASE-2023/data/DP1.20191.001/OKSR/2021-07/NEON.D18.OKSR.DP1.20191.001.EML.20210712-20210712.20230127T120753Z.xml",
              "fileSizeBytes": 109954,
              "checksum": "2b47de3a970c03caa20f10d3a5ff6dac",
              "checksumAlgorithm": "MD5"
            },
            {
              "fileName": "NEON.D18.OKSR.DP0.20191.001.validation.20230112T002024Z.csv",
              "downloadFileName": null,
              "uri": "https://data.neonscience.org/api/v0/releases/RELEASE-2023/data/DP1.20191.001/OKSR/2021-07/NEON.D18.OKSR.DP0.20191.001.validation.20230112T002024Z.csv",
              "fileSizeBytes": 3804,
              "checksum": "6900c12e3b42da0853b1b5efed6ea526",
              "checksumAlgorithm": "MD5"
            },
            {
              "fileName": "NEON.D18.OKSR.DP1.20191.001.readme.20230127T120753Z.txt",
              "downloadFileName": null,
              "uri": "https://data.neonscience.org/api/v0/releases/RELEASE-2023/data/DP1.20191.001/OKSR/2021-07/NEON.D18.OKSR.DP1.20191.001.readme.20230127T120753Z.txt",
              "fileSizeBytes": 9958,
              "checksum": "8364bf06fdf46e5aad384ca5aae41ec6",
              "checksumAlgorithm": "MD5"
            },
            {
              "fileName": "NEON.D18.OKSR.DP1.20191.001.variables.20230112T002024Z.csv",
              "downloadFileName": null,
              "uri": "https://data.neonscience.org/api/v0/releases/RELEASE-2023/data/DP1.20191.001/OKSR/2021-07/NEON.D18.OKSR.DP1.20191.001.variables.20230112T002024Z.csv",
              "fileSizeBytes": 3491,
              "checksum": "8aed7d18b12ef2aa78ada04a438dbc04",
              "checksumAlgorithm": "MD5"
            }
          ]
        }
      ]
    }
  ]
}