uid,domainID,siteID,namedLocation,collectDate,sortDate,qcSortDate,sampleID,sampleCode,mixedInvertVialID,mixedInvertVialCode,chironomidVialID,chironomidVialCode,oligochaeteVialID,oligochaeteVialCode,largeInvertVialID,largeInvertVialCode,testProtocolVersion,primaryMatrix,preRinseVolume,postRinseVolume,subsamplePercent,qcSortingEfficacy,qcIterationCount,qcPercentSimilarity,laboratoryName,sortedBy,qcSortedBy,benchRemarks,dataQF,qcEnumerationDifference,qcTaxonomicDifference
"0b54f319-f5dc-4e7c-9ba5-d2b9fa9d30ed","D17","BIGC","BIGC.AOS.reach","2019-10-01T15:57Z","2020-01-14","2020-01-21","BIGC.20191001.SURBER.4","A00000097901","BIGC.20191001.SURBER.4",,"7927.6-4",,,,,,"ECOANALYSTS_Macroinvertebrate_Identification_Revision4","fine organic",0.30,0.30,10.9,90.0,1,,"EcoAnalysts Inc.","7fjBP78Guy6YsiMxuAF1NQ==","6Pg6saXbLQDH57jQikg/5Q==",,,,
"a0a68f84-3944-41d8-83b5-b7cd42868312","D17","BIGC","BIGC.AOS.reach","2019-10-01T15:57Z","2020-01-15","2020-01-21","BIGC.20191001.SURBER.8","A00000097916","BIGC.20191001.SURBER.8",,"7927.6-8",,,,,,"ECOANALYSTS_Macroinvertebrate_Identification_Revision4","fine organic",0.10,0.10,6.3,95.5,1,,"EcoAnalysts Inc.","7fjBP78Guy6YsiMxuAF1NQ==","6Pg6saXbLQDH57jQikg/5Q==",,,,
"284bb2be-14a8-4d9a-b079-11da254c9f95","D17","BIGC","BIGC.AOS.reach","2019-10-01T15:57Z","2020-01-14","2020-01-21","BIGC.20191001.SURBER.3","A00000097914","BIGC.20191001.SURBER.3",,"7927.6-3",,,,,,"ECOANALYSTS_Macroinvertebrate_Identification_Revision4","fine organic",0.40,0.40,6.3,97.8,1,,"EcoAnalysts Inc.","7fjBP78Guy6YsiMxuAF1NQ==","6Pg6saXbLQDH57jQikg/5Q==",,,,
"9e53c8cd-3e62-4af6-9a64-43073e4a0c76","D17","BIGC","BIGC.AOS.reach","2019-10-01T15:57Z","2020-01-15","2020-01-21","BIGC.20191001.SURBER.7","A00000097900","BIGC.20191001.SURBER.7",,"7927.6-7",,,,,,"ECOANALYSTS_Macroinvertebrate_Identification_Revision4","fine organic",0.10,0.10,5.5,92.0,1,,"EcoAnalysts Inc.","7fjBP78Guy6YsiMxuAF1NQ==","6Pg6saXbLQDH57jQikg/5Q==",,,,
"579ba987-e111-4d76-b051-ed4aa9d62858","D17","BIGC","BIGC.AOS.reach","2019-10-01T15:57Z","2020-01-14","2020-01-21","BIGC.20191001.SURBER.1","A00000097913","BIGC.20191001.SURBER.1",,"7927.6-1",,,,,,"ECOANALYSTS_Macroinvertebrate_Identification_Revision4","coarse organic",0.34,0.33,22.9,92.0,1,,"EcoAnalysts Inc.","7s0Ge9gqHVIuLw5CvcclAg==","6Pg6saXbLQDH57jQikg/5Q==",,,,
"ad655894-b9f7-48c3-b7d6-55ef0f4680f5","D17","BIGC","BIGC.AOS.reach","2019-10-01T15:57Z","2020-01-14","2020-01-21","BIGC.20191001.SURBER.2","A00000097915","BIGC.20191001.SURBER.2",,"7927.6-2",,,,,,"ECOANALYSTS_Macroinvertebrate_Identification_Revision4","fine organic",0.50,0.50,12.5,95.8,1,,"EcoAnalysts Inc.","7fjBP78Guy6YsiMxuAF1NQ==","6Pg6saXbLQDH57jQikg/5Q==",,,,
"efafe945-7d06-44a7-94e0-1a25e617d2e1","D17","BIGC","BIGC.AOS.reach","2019-10-01T15:57Z","2020-01-15","2020-01-21","BIGC.20191001.SURBER.6","A00000097918","BIGC.20191001.SURBER.6",,"7927.6-6",,,,,,"ECOANALYSTS_Macroinvertebrate_Identification_Revision4","fine organic",0.15,0.15,9.4,97.0,1,,"EcoAnalysts Inc.","7fjBP78Guy6YsiMxuAF1NQ==","6Pg6saXbLQDH57jQikg/5Q==",,,,
"0424063a-7043-40fd-87d5-cd5a634d7fd9","D17","BIGC","BIGC.AOS.reach","2019-10-01T15:57Z","2020-01-15","2020-01-21","BIGC.20191001.SURBER.5","A00000097917","BIGC.20191001.SURBER.5",,"7927.6-5",,,,,,"ECOANALYSTS_Macroinvertebrate_Identification_Revision4","other (specified in remarks)",0.03,0.03,25.0,97.8,1,,"EcoAnalysts Inc.","7s0Ge9gqHVIuLw5CvcclAg==","6Pg6saXbLQDH57jQikg/5Q==","Inorganic",,2.6,0.3
