uid,domainID,siteID,namedLocation,startDate,collectDate,sampleID,sampleCode,slideID,slideCode,scientificName,morphospeciesID,referenceCount,referenceID,referenceCode,archiveLabSampleMedium,laboratoryName,dataQF
"6fdb4cfd-c5ea-4900-b24a-7f970ed10fea","D17","BIGC","BIGC.AOS.reach","2019-10-01T15:57Z","2019-10-01T15:57Z","BIGC.20191001.SURBER.4","A00000097901",,,"Glossosomatidae sp.",,1,"BIGC.20191001.SURBER.4_7927.6-4_TIN532",,,"EcoAnalysts Inc.",
"cebcb404-5bc0-4396-986d-698a9ad3a04f","D17","BIGC","BIGC.AOS.reach","2019-10-01T15:57Z","2019-10-01T15:57Z","BIGC.20191001.SURBER.1","A00000097913",,,"Lepidostoma sp.",,1,"BIGC.20191001.SURBER.1_7927.6-1_TIN587",,,"EcoAnalysts Inc.",
"0c0836f3-00fb-464e-ad7c-bd1737adbadf","D17","BIGC","BIGC.AOS.reach","2019-10-01T15:57Z","2019-10-01T15:57Z","BIGC.20191001.SURBER.1","A00000097913",,,"Cleptelmis addenda",,1,"BIGC.20191001.SURBER.1_7927.6-1_TIN1138",,,"EcoAnalysts Inc.",
"27bf2f86-3cb4-4085-a57c-abda1cc48d03","D17","BIGC","BIGC.AOS.reach","2019-10-01T15:57Z","2019-10-01T15:57Z","BIGC.20191001.SURBER.4","A00000097901",,,"Tricorythodes sp.",,1,"BIGC.20191001.SURBER.4_7927.6-4_TIN264",,,"EcoAnalysts Inc.",
"eb5db20a-43e3-4700-ace3-cc8089c6d53d","D17","BIGC","BIGC.AOS.reach","2019-10-01T15:57Z","2019-10-01T15:57Z","BIGC.20191001.SURBER.4","A00000097901",,,"Antocha sp.",,1,"BIGC.20191001.SURBER.4_7927.6-4_TIN750",,,"EcoAnalysts Inc.",
"97bf02ba-39a3-4d14-b43a-52e37222a820","D17","BIGC","BIGC.AOS.reach","2019-10-01T15:57Z","2019-10-01T15:57Z","BIGC.20191001.SURBER.1","A00000097913",,,"Mystacides sp.",,1,"BIGC.20191001.SURBER.1_7927.6-1_TIN592",,,"EcoAnalysts Inc.",
"387c249e-b36b-4483-bffc-797efe7ae6fc","D17","BIGC","BIGC.AOS.reach","2019-10-01T15:57Z","2019-10-01T15:57Z","BIGC.20191001.SURBER.4","A00000097901",,,"Dicranota sp.",,1,"BIGC.20191001.SURBER.4_7927.6-4_TIN751",,,"EcoAnalysts Inc.",
"760d54e1-31cb-4282-bdde-ae4bf61c2f22","D17","BIGC","BIGC.AOS.reach","2019-10-01T15:57Z","2019-10-01T15:57Z","BIGC.20191001.SURBER.1","A00000097913",,,"Polycentropus sp.",,1,"BIGC.20191001.SURBER.1_7927.6-1_TIN653",,,"EcoAnalysts Inc.",
"04833305-416a-46ea-9b3f-a27d65d33c2f","D17","BIGC","BIGC.AOS.reach","2019-10-01T15:57Z","2019-10-01T15:57Z","BIGC.20191001.SURBER.7","A00000097900",,,"Robackia demeijerei",,1,"BIGC.20191001.SURBER.7_7927.6-7_TIN1389",,,"EcoAnalysts Inc.",
"353a003e-893a-4657-b16a-92a37626221f","D17","BIGC","BIGC.AOS.reach","2019-10-01T15:57Z","2019-10-01T15:57Z","BIGC.20191001.SURBER.2","A00000097915",,,"Limnophila sp.",,1,"BIGC.20191001.SURBER.2_7927.6-2_TIN756",,,"EcoAnalysts Inc.",
"50d33783-566f-4ca5-99fa-632acfa1e6d4","D17","BIGC","BIGC.AOS.reach","2019-10-01T15:57Z","2019-10-01T15:57Z","BIGC.20191001.SURBER.2","A00000097915",,,"Prodiamesa sp.",,1,"BIGC.20191001.SURBER.2_7927.6-2_TIN825",,,"EcoAnalysts Inc.",
"6b2bce9a-db3c-4268-9647-841b451fad3d","D17","BIGC","BIGC.AOS.reach","2019-10-01T15:57Z","2019-10-01T15:57Z","BIGC.20191001.SURBER.2","A00000097915",,,"Plecoptera sp.",,1,"BIGC.20191001.SURBER.2_7927.6-2_TIN307",,,"EcoAnalysts Inc.",
"db4f55be-be49-46ab-9b3d-73eb686e3294","D17","BIGC","BIGC.AOS.reach","2019-10-01T15:57Z","2019-10-01T15:57Z","BIGC.20191001.SURBER.1","A00000097913",,,"Hydropsyche sp.",,1,"BIGC.20191001.SURBER.1_7927.6-1_TIN565",,,"EcoAnalysts Inc.",
"2f221a88-cb03-4187-87f5-0e15289212b3","D17","BIGC","BIGC.AOS.reach","2019-10-01T15:57Z","2019-10-01T15:57Z","BIGC.20191001.SURBER.5","A00000097917",,,"Agapetus sp.",,1,"BIGC.20191001.SURBER.5_7927.6-5_TIN533",,,"EcoAnalysts Inc.",
"c218211b-ab56-4ebe-9502-7f0f4fb7e7db","D17","BIGC","BIGC.AOS.reach","2019-10-01T15:57Z","2019-10-01T15:57Z","BIGC.20191001.SURBER.1","A00000097913",,,"Ceratopogoninae sp.",,1,"BIGC.20191001.SURBER.1_7927.6-1_TIN1032",,,"EcoAnalysts Inc.",
"64108164-0132-44a6-b76d-797e950f2827","D17","BIGC","BIGC.AOS.reach","2019-10-01T15:57Z","2019-10-01T15:57Z","BIGC.20191001.SURBER.5","A00000097917",,,"Ampumixis dispar",,1,"BIGC.20191001.SURBER.5_7927.6-5_TIN437",,,"EcoAnalysts Inc.",
"e3a0ceee-90aa-456d-a774-51e2f9500219","D17","BIGC","BIGC.AOS.reach","2019-10-01T15:57Z","2019-10-01T15:57Z","BIGC.20191001.SURBER.4","A00000097901",,,"Acari sp.",,1,"BIGC.20191001.SURBER.4_7927.6-4_TIN126",,,"EcoAnalysts Inc.",
"cf5c80b8-cf6b-4cb6-b495-9ebe8b863cdf","D17","BIGC","BIGC.AOS.reach","2019-10-01T15:57Z","2019-10-01T15:57Z","BIGC.20191001.SURBER.6","A00000097918",,,"Hydropsychidae sp.",,1,"BIGC.20191001.SURBER.6_7927.6-6_TIN542",,,"EcoAnalysts Inc.",
"6917b791-7d92-44b2-a612-3bcd01633262","D17","BIGC","BIGC.AOS.reach","2019-10-01T15:57Z","2019-10-01T15:57Z","BIGC.20191001.SURBER.7","A00000097900",,,"Diphetor hageni",,1,"BIGC.20191001.SURBER.7_7927.6-7_TIN149",,,"EcoAnalysts Inc.",
"9ede4b43-17e2-4c24-b095-1888f88a2bd3","D17","BIGC","BIGC.AOS.reach","2019-10-01T15:57Z","2019-10-01T15:57Z","BIGC.20191001.SURBER.8","A00000097916",,,"Rhithrogena sp.",,1,"BIGC.20191001.SURBER.8_7927.6-8_TIN224",,,"EcoAnalysts Inc.",
"b40a79e5-ee51-4d54-9156-99f7091f09e2","D17","BIGC","BIGC.AOS.reach","2019-10-01T15:57Z","2019-10-01T15:57Z","BIGC.20191001.SURBER.1","A00000097913",,,"Leptophlebiidae sp.",,1,"BIGC.20191001.SURBER.1_7927.6-1_TIN237",,,"EcoAnalysts Inc.",
"67a0377a-d84d-47b0-8d65-e1d9847b2dbf","D17","BIGC","BIGC.AOS.reach","2019-10-01T15:57Z","2019-10-01T15:57Z","BIGC.20191001.SURBER.1","A00000097913",,,"Hydroptilidae sp.",,1,"BIGC.20191001.SURBER.1_7927.6-1_TIN570",,,"EcoAnalysts Inc.",
"ee82ec34-8d03-4b6b-ac3b-59c6fb5b93d0","D17","BIGC","BIGC.AOS.reach","2019-10-01T15:57Z","2019-10-01T15:57Z","BIGC.20191001.SURBER.1","A00000097913",,,"Sweltsa sp.",,1,"BIGC.20191001.SURBER.1_7927.6-1_TIN321",,,"EcoAnalysts Inc.",
"773b8b51-084b-4058-bad1-d21475bfa869","D17","BIGC","BIGC.AOS.reach","2019-10-01T15:57Z","2019-10-01T15:57Z","BIGC.20191001.SURBER.3","A00000097914",,,"Heptageniidae sp.",,1,"BIGC.20191001.SURBER.3_7927.6-3_TIN201",,,"EcoAnalysts Inc.",
"208ab77a-85d8-4e04-8456-980ebc6b6163","D17","BIGC","BIGC.AOS.reach","2019-10-01T15:57Z","2019-10-01T15:57Z","BIGC.20191001.SURBER.4","A00000097901",,,"Micrasema sp.",,1,"BIGC.20191001.SURBER.4_7927.6-4_TIN528",,,"EcoAnalysts Inc.",
"44439cfb-f8a1-4f8a-ac04-6831c8d0f115","D17","BIGC","BIGC.AOS.reach","2019-10-01T15:57Z","2019-10-01T15:57Z","BIGC.20191001.SURBER.4","A00000097901",,,"Hexatoma sp.",,1,"BIGC.20191001.SURBER.4_7927.6-4_TIN755",,,"EcoAnalysts Inc.",
"c7da363d-39ee-4e2a-a606-a72bc052f316","D17","BIGC","BIGC.AOS.reach","2019-10-01T15:57Z","2019-10-01T15:57Z","BIGC.20191001.SURBER.5","A00000097917",,,"Argia sp.",,1,"BIGC.20191001.SURBER.5_7927.6-5_TIN272",,,"EcoAnalysts Inc.",
"ec4b9ec5-20aa-4c58-a0bc-bcaf93e85832","D17","BIGC","BIGC.AOS.reach","2019-10-01T15:57Z","2019-10-01T15:57Z","BIGC.20191001.SURBER.1","A00000097913",,,"Elmidae sp.",,1,"BIGC.20191001.SURBER.1_7927.6-1_TIN436",,,"EcoAnalysts Inc.",
"01b7073e-2027-4170-9cdf-2b140312d9a3","D17","BIGC","BIGC.AOS.reach","2019-10-01T15:57Z","2019-10-01T15:57Z","BIGC.20191001.SURBER.3","A00000097914",,,"Torrenticola sp.",,1,"BIGC.20191001.SURBER.3_7927.6-3_TIN3006",,,"EcoAnalysts Inc.",
"12fa07ca-ace0-4c83-a469-f6cc5efd52d7","D17","BIGC","BIGC.AOS.reach","2019-10-01T15:57Z","2019-10-01T15:57Z","BIGC.20191001.SURBER.4","A00000097901",,,"Atractides sp.",,1,"BIGC.20191001.SURBER.4_7927.6-4_TIN3041",,,"EcoAnalysts Inc.",
"829597f5-4aa8-428e-9a62-8cc25591eb6c","D17","BIGC","BIGC.AOS.reach","2019-10-01T15:57Z","2019-10-01T15:57Z","BIGC.20191001.SURBER.7","A00000097900",,,"Corydalidae sp.",,1,"BIGC.20191001.SURBER.7_7927.6-7_TIN505",,,"EcoAnalysts Inc.",
"7ef4238f-b5d0-4b7c-8318-33b71c217d15","D17","BIGC","BIGC.AOS.reach","2019-10-01T15:57Z","2019-10-01T15:57Z","BIGC.20191001.SURBER.1","A00000097913",,,"Neoleptophlebia sp.",,1,"BIGC.20191001.SURBER.1_7927.6-1_TIN12780",,,"EcoAnalysts Inc.",
"4bf7a121-2214-403a-a924-79f02e8f158b","D17","BIGC","BIGC.AOS.reach","2019-10-01T15:57Z","2019-10-01T15:57Z","BIGC.20191001.SURBER.4","A00000097901",,,"Oecetis disjuncta",,1,"BIGC.20191001.SURBER.4_7927.6-4_TIN2883",,,"EcoAnalysts Inc.",
"f4a396c9-34ea-4e39-a327-e733adc10938","D17","BIGC","BIGC.AOS.reach","2019-10-01T15:57Z","2019-10-01T15:57Z","BIGC.20191001.SURBER.3","A00000097914",,,"Lebertia sp.",,1,"BIGC.20191001.SURBER.3_7927.6-3_TIN2992",,,"EcoAnalysts Inc.",
"ebfba2d7-3a9b-4a82-8c2f-fdde094c2dfc","D17","BIGC","BIGC.AOS.reach","2019-10-01T15:57Z","2019-10-01T15:57Z","BIGC.20191001.SURBER.4","A00000097901",,,"Optioservus sp.",,1,"BIGC.20191001.SURBER.4_7927.6-4_TIN465",,,"EcoAnalysts Inc.",
"3715ec91-7fc4-4944-bb58-b5811a1a6248","D17","BIGC","BIGC.AOS.reach","2019-10-01T15:57Z","2019-10-01T15:57Z","BIGC.20191001.SURBER.3","A00000097914",,,"Aturidae sp.",,1,"BIGC.20191001.SURBER.3_7927.6-3_TIN3146",,,"EcoAnalysts Inc.",
"03d2dcac-db35-461b-af26-73182665b8c3","D17","BIGC","BIGC.AOS.reach","2019-10-01T15:57Z","2019-10-01T15:57Z","BIGC.20191001.SURBER.4","A00000097901",,,"Gumaga sp.",,1,"BIGC.20191001.SURBER.4_7927.6-4_TIN680",,,"EcoAnalysts Inc.",
"2f02a2e4-8be4-4da4-969c-e431ea4c07e6","D17","BIGC","BIGC.AOS.reach","2019-10-01T15:57Z","2019-10-01T15:57Z","BIGC.20191001.SURBER.4","A00000097901",,,"Epeorus sp.",,1,"BIGC.20191001.SURBER.4_7927.6-4_TIN209",,,"EcoAnalysts Inc.",
"bfc9c931-238e-4a74-8bdb-9f9c75e317f2","D17","BIGC","BIGC.AOS.reach","2019-10-01T15:57Z","2019-10-01T15:57Z","BIGC.20191001.SURBER.2","A00000097915",,,"Psephenidae sp.",,1,"BIGC.20191001.SURBER.2_7927.6-2_TIN496",,,"EcoAnalysts Inc.",
"68776ccb-3642-4025-b61b-32874394c3a8","D17","BIGC","BIGC.AOS.reach","2019-10-01T15:57Z","2019-10-01T15:57Z","BIGC.20191001.SURBER.1","A00000097913",,,"Capniidae sp.",,1,"BIGC.20191001.SURBER.1_7927.6-1_TIN308",,,"EcoAnalysts Inc.",
"99dc9587-5399-4269-b7cf-5fce3f5eaa7f","D17","BIGC","BIGC.AOS.reach","2019-10-01T15:57Z","2019-10-01T15:57Z","BIGC.20191001.SURBER.4","A00000097901",,,"Coenagrionidae sp.",,1,"BIGC.20191001.SURBER.4_7927.6-4_TIN271",,,"EcoAnalysts Inc.",
"6e63edcf-8e9b-490a-9cc0-75890dab71bf","D17","BIGC","BIGC.AOS.reach","2019-10-01T15:57Z","2019-10-01T15:57Z","BIGC.20191001.SURBER.5","A00000097917",,,"Nematoda sp.",,1,"BIGC.20191001.SURBER.5_7927.6-5_TIN67",,,"EcoAnalysts Inc.",
"a3dac313-603e-4274-9b71-d7c462ec804f","D17","BIGC","BIGC.AOS.reach","2019-10-01T15:57Z","2019-10-01T15:57Z","BIGC.20191001.SURBER.1","A00000097913",,,"Octogomphus specularis",,1,"BIGC.20191001.SURBER.1_7927.6-1_TIN1564",,,"EcoAnalysts Inc.",
"9cd6301f-c20e-4205-a791-065b8d9e5686","D17","BIGC","BIGC.AOS.reach","2019-10-01T15:57Z","2019-10-01T15:57Z","BIGC.20191001.SURBER.6","A00000097918",,,"Psilometriocnemus triannulatus",,1,"BIGC.20191001.SURBER.6_7927.6-6_TIN11951",,,"EcoAnalysts Inc.",
"60fe68f1-72fa-4e92-936a-b4776ad32d6e","D17","BIGC","BIGC.AOS.reach","2019-10-01T15:57Z","2019-10-01T15:57Z","BIGC.20191001.SURBER.4","A00000097901",,,"Drunella grandis",,1,"BIGC.20191001.SURBER.4_7927.6-4_TIN168",,,"EcoAnalysts Inc.",
"19df430a-9fad-4fe7-8b05-0854c9f674fd","D17","BIGC","BIGC.AOS.reach","2019-10-01T15:57Z","2019-10-01T15:57Z","BIGC.20191001.SURBER.8","A00000097916",,,"Perlodidae sp.",,1,"BIGC.20191001.SURBER.8_7927.6-8_TIN380",,,"EcoAnalysts Inc.",
"46448d81-1c6d-4cb0-bdfc-a8c4ea43df23","D17","BIGC","BIGC.AOS.reach","2019-10-01T15:57Z","2019-10-01T15:57Z","BIGC.20191001.SURBER.1","A00000097913",,,"Pacifastacus leniusculus",,1,"BIGC.20191001.SURBER.1_7927.6-1_TIN1238",,,"EcoAnalysts Inc.",
"55bce4ae-ca92-4106-93b9-f7e78ec2a856","D17","BIGC","BIGC.AOS.reach","2019-10-01T15:57Z","2019-10-01T15:57Z","BIGC.20191001.SURBER.4","A00000097901",,,"Baetidae sp.",,1,"BIGC.20191001.SURBER.4_7927.6-4_TIN129",,,"EcoAnalysts Inc.",
"01dcfe2c-6876-4640-80a2-b3304600b5e1","D17","BIGC","BIGC.AOS.reach","2019-10-01T15:57Z","2019-10-01T15:57Z","BIGC.20191001.SURBER.1","A00000097913",,,"Cricotopus bicinctus gr.",,1,"BIGC.20191001.SURBER.1_7927.6-1_TIN839",,,"EcoAnalysts Inc.",
"82bf75e1-6f9d-4445-94f8-afe83dbed02f","D17","BIGC","BIGC.AOS.reach","2019-10-01T15:57Z","2019-10-01T15:57Z","BIGC.20191001.SURBER.6","A00000097918",,,"Simuliidae sp.",,1,"BIGC.20191001.SURBER.6_7927.6-6_TIN724",,,"EcoAnalysts Inc.",
"c8c533a2-302b-4e28-85e3-ef04e8d878d0","D17","BIGC","BIGC.AOS.reach","2019-10-01T15:57Z","2019-10-01T15:57Z","BIGC.20191001.SURBER.2","A00000097915",,,"Oribatida sp.",,1,"BIGC.20191001.SURBER.2_7927.6-2_TIN3229",,,"EcoAnalysts Inc.",
"52011ed7-698b-4991-9008-193159bc9368","D17","BIGC","BIGC.AOS.reach","2019-10-01T15:57Z","2019-10-01T15:57Z","BIGC.20191001.SURBER.3","A00000097914",,,"Saetheria sp.",,1,"BIGC.20191001.SURBER.3_7927.6-3_TIN1345",,,"EcoAnalysts Inc.",
"74698b8e-072f-43af-9c84-05e16c3e44cb","D17","BIGC","BIGC.AOS.reach","2019-10-01T15:57Z","2019-10-01T15:57Z","BIGC.20191001.SURBER.4","A00000097901",,,"Amiocentrus aspilus",,1,"BIGC.20191001.SURBER.4_7927.6-4_TIN1415",,,"EcoAnalysts Inc.",
"2e839b36-eb69-4bbd-acfd-812fa751a00a","D17","BIGC","BIGC.AOS.reach","2019-10-01T15:57Z","2019-10-01T15:57Z","BIGC.20191001.SURBER.4","A00000097901",,,"Eubrianax edwardsii",,1,"BIGC.20191001.SURBER.4_7927.6-4_TIN502",,,"EcoAnalysts Inc.",
"2ef22668-4114-44e2-8b4b-d2646640abaa","D17","BIGC","BIGC.AOS.reach","2019-10-01T15:57Z","2019-10-01T15:57Z","BIGC.20191001.SURBER.4","A00000097901",,,"Cleptelmis addenda",,1,"BIGC.20191001.SURBER.4_7927.6-4_TIN1138",,,"EcoAnalysts Inc.",
"59570acc-c2c6-4f9c-b27e-15970dd39dee","D17","BIGC","BIGC.AOS.reach","2019-10-01T15:57Z","2019-10-01T15:57Z","BIGC.20191001.SURBER.6","A00000097918",,,"Simulium sp.",,1,"BIGC.20191001.SURBER.6_7927.6-6_TIN738",,,"EcoAnalysts Inc.",
"d5ade403-0574-4bd5-914d-52faaabf1efa","D17","BIGC","BIGC.AOS.reach","2019-10-01T15:57Z","2019-10-01T15:57Z","BIGC.20191001.SURBER.4","A00000097901",,,"Leuctridae sp.",,1,"BIGC.20191001.SURBER.4_7927.6-4_TIN322",,,"EcoAnalysts Inc.",
"60e08f37-c3a6-4e68-bc4b-369754735db0","D17","BIGC","BIGC.AOS.reach","2019-10-01T15:57Z","2019-10-01T15:57Z","BIGC.20191001.SURBER.1","A00000097913",,,"Slavina appendiculata",,1,"BIGC.20191001.SURBER.1_7927.6-1_TIN62",,,"EcoAnalysts Inc.",
"f106c904-9304-4e03-904d-8c184a3e9a04","D17","BIGC","BIGC.AOS.reach","2019-10-01T15:57Z","2019-10-01T15:57Z","BIGC.20191001.SURBER.1","A00000097913",,,"Ephemerella sp.",,1,"BIGC.20191001.SURBER.1_7927.6-1_TIN183",,,"EcoAnalysts Inc.",
"bfe72ed0-2197-4257-ae90-f07cd5d97a93","D17","BIGC","BIGC.AOS.reach","2019-10-01T15:57Z","2019-10-01T15:57Z","BIGC.20191001.SURBER.4","A00000097901",,,"Stygothrombium sp.",,1,"BIGC.20191001.SURBER.4_7927.6-4_TIN3299",,,"EcoAnalysts Inc.",
"46da4dff-2c94-48a4-a5a7-a5fd6250ba37","D17","BIGC","BIGC.AOS.reach","2019-10-01T15:57Z","2019-10-01T15:57Z","BIGC.20191001.SURBER.5","A00000097917",,,"Gomphidae sp.",,1,"BIGC.20191001.SURBER.5_7927.6-5_TIN277",,,"EcoAnalysts Inc.",
"74642b1e-a4bd-42d4-9679-0482c458e1f7","D17","BIGC","BIGC.AOS.reach","2019-10-01T15:57Z","2019-10-01T15:57Z","BIGC.20191001.SURBER.4","A00000097901",,,"Collembola sp.",,1,"BIGC.20191001.SURBER.4_7927.6-4_TIN1125",,,"EcoAnalysts Inc.",
"a1e12b2f-95dd-4dc1-aa21-e33f79a40c84","D17","BIGC","BIGC.AOS.reach","2019-10-01T15:57Z","2019-10-01T15:57Z","BIGC.20191001.SURBER.4","A00000097901",,,"Oecetis sp.",,1,"BIGC.20191001.SURBER.4_7927.6-4_TIN597",,,"EcoAnalysts Inc.",
"9916dbd3-3301-418d-9795-905844cc24d7","D17","BIGC","BIGC.AOS.reach","2019-10-01T15:57Z","2019-10-01T15:57Z","BIGC.20191001.SURBER.3","A00000097914",,,"Cordulegaster dorsalis",,1,"BIGC.20191001.SURBER.3_7927.6-3_TIN3257",,,"EcoAnalysts Inc.",
