uid,domainID,siteID,namedLocation,decimalLatitude,decimalLongitude,coordinateUncertainty,geodeticDatum,elevation,elevationUncertainty,aquaticSiteType,collectDate,eventID,boutNumber,sampleID,sampleCode,sampleCondition,geneticSampleID,geneticSampleCode,geneticSampleCond,samplingProtocolVersion,samplingImpractical,biophysicalCriteria,habitatType,samplerType,sampleNumber,substratumSizeClass,benthicArea,ponarDepth,snagLength,snagDiameter,dnaSnagLength,dnaSnagDiameter,remarks,recordedBy,collectedBy,dataQF
"5c4ce83d-f385-4c84-bb99-571a1ddca0c8","D17","BIGC","BIGC.AOS.reach",37.059719,-119.257549,1000.0,"WGS84",1197.0,1000.0,"stream","2019-10-01T15:57Z","BIGC.20191001",3,"BIGC.20191001.SURBER.5","A00000097917",,"BIGC.20191001.SURBER.5.DNA","A00000097968",,"NEON.DOC.003046vC",,,"run","surber",5,"cobble",0.093,,,,,,,"0000-0001-5002-5407","0000-0003-3985-5922",
"bc447e46-90b3-4798-a4d7-3dec4fa0bdf8","D17","BIGC","BIGC.AOS.reach",37.059719,-119.257549,1000.0,"WGS84",1197.0,1000.0,"stream","2019-10-01T15:57Z","BIGC.20191001",3,"BIGC.20191001.SURBER.6","A00000097918",,,,,"NEON.DOC.003046vC",,,"riffle","surber",6,"cobble",0.093,,,,,,,"0000-0001-5002-5407","0000-0003-3985-5922",
"ef97d0ad-69a1-498c-91b0-4a3128a70443","D17","BIGC","BIGC.AOS.reach",37.059719,-119.257549,1000.0,"WGS84",1197.0,1000.0,"stream","2019-10-01T15:57Z","BIGC.20191001",3,"BIGC.20191001.SURBER.1","A00000097913",,"BIGC.20191001.SURBER.1.DNA","A00000097964",,"NEON.DOC.003046vC",,,"run","surber",1,"cobble",0.093,,,,,,,"0000-0001-5002-5407","0000-0003-3985-5922",
"1f71c3b0-8d40-4cdb-879e-746a8340490a","D17","BIGC","BIGC.AOS.reach",37.059719,-119.257549,1000.0,"WGS84",1197.0,1000.0,"stream","2019-10-01T15:57Z","BIGC.20191001",3,"BIGC.20191001.SURBER.7","A00000097900",,,,,"NEON.DOC.003046vC",,,"riffle","surber",7,"pebble",0.093,,,,,,,"0000-0001-5002-5407","0000-0003-3985-5922",
"d6b96a2d-e826-405f-aee9-12c97a85713b","D17","BIGC","BIGC.AOS.reach",37.059719,-119.257549,1000.0,"WGS84",1197.0,1000.0,"stream","2019-10-01T15:57Z","BIGC.20191001",3,"BIGC.20191001.SURBER.2","A00000097915",,,,,"NEON.DOC.003046vC",,,"run","surber",2,"cobble",0.093,,,,,,,"0000-0001-5002-5407","0000-0003-3985-5922",
"64622fe5-60cf-40d2-bf5a-7b8753de5a68","D17","BIGC","BIGC.AOS.reach",37.059719,-119.257549,1000.0,"WGS84",1197.0,1000.0,"stream","2019-10-01T15:57Z","BIGC.20191001",3,"BIGC.20191001.SURBER.4","A00000097901",,,,,"NEON.DOC.003046vC",,,"run","surber",4,"cobble",0.093,,,,,,,"0000-0001-5002-5407","0000-0003-3985-5922",
"7f82054e-4558-404a-88ca-d2ba1e5de6f4","D17","BIGC","BIGC.AOS.reach",37.059719,-119.257549,1000.0,"WGS84",1197.0,1000.0,"stream","2019-10-01T15:57Z","BIGC.20191001",3,"BIGC.20191001.SURBER.3","A00000097914",,"BIGC.20191001.SURBER.3.DNA","A00000097969",,"NEON.DOC.003046vC",,,"run","surber",3,"pebble",0.093,,,,,,,"0000-0001-5002-5407","0000-0003-3985-5922",
"0001f916-1da8-41a7-8a62-3be607004068","D17","BIGC","BIGC.AOS.reach",37.059719,-119.257549,1000.0,"WGS84",1197.0,1000.0,"stream","2019-10-01T15:57Z","BIGC.20191001",3,"BIGC.20191001.SURBER.8","A00000097916",,,,,"NEON.DOC.003046vC",,,"riffle","surber",8,"cobble",0.093,,,,,,,"0000-0001-5002-5407","0000-0003-3985-5922",
