uid,domainID,siteID,namedLocation,collectDate,sortDate,qcSortDate,sampleID,sampleCode,mixedInvertVialID,mixedInvertVialCode,chironomidVialID,chironomidVialCode,oligochaeteVialID,oligochaeteVialCode,largeInvertVialID,largeInvertVialCode,testProtocolVersion,primaryMatrix,preRinseVolume,postRinseVolume,subsamplePercent,qcSortingEfficacy,qcIterationCount,qcPercentSimilarity,laboratoryName,sortedBy,qcSortedBy,benchRemarks,dataQF,qcEnumerationDifference,qcTaxonomicDifference
"ac192b76-86b0-4e0c-a672-a38728560da0","D08","MAYF","MAYF.AOS.reach","2017-10-30T14:53Z","2018-04-20","2018-04-24","MAYF.20171030.SNAG.1",,"MAYF.20171030.SNAG.1",,,,,,,,"ECOANALYSTS_Macroinvertebrate_Identification_Revision4","fine organic",0.06,0.06,100.0,93.9,1,,"EcoAnalysts Inc.","pOEkMiK23Js6oQ5QN8ELrQ==","AWuQPoGBzik=",,,,
"43cad79f-41b7-4d8a-91e8-0d79267f8adc","D08","MAYF","MAYF.AOS.reach","2017-10-30T14:53Z","2018-04-19","2018-04-24","MAYF.20171030.SNAG.5",,"MAYF.20171030.SNAG.5",,,,,,,,"ECOANALYSTS_Macroinvertebrate_Identification_Revision4","coarse organic",0.05,0.05,56.3,91.9,1,,"EcoAnalysts Inc.","EIXK88y38gIHpPmL0qzVDQ==","CBtXit/4I2Wo31ut9nAUtQ==",,,,
"fa76777f-952d-41ef-907a-bbde4d8622a6","D08","MAYF","MAYF.AOS.reach","2017-10-30T14:53Z","2018-04-19","2018-04-24","MAYF.20171030.SNAG.2",,"MAYF.20171030.SNAG.2",,,,,,,,"ECOANALYSTS_Macroinvertebrate_Identification_Revision4","coarse organic",0.05,0.05,100.0,92.0,1,,"EcoAnalysts Inc.","bhpmOEkcKZsmnJoMzfHRiwvydZz6vvRn","AWuQPoGBzik=",,,,
"e6a24b84-3954-4f7f-8a99-f28de7814576","D08","MAYF","MAYF.AOS.reach","2017-10-30T14:53Z","2018-04-20","2018-04-25","MAYF.20171030.SNAG.4",,"MAYF.20171030.SNAG.4",,,,,,,,"ECOANALYSTS_Macroinvertebrate_Identification_Revision4","fine organic",0.02,0.02,75.0,97.4,2,,"EcoAnalysts Inc.","z3wo8/+tr2E3/uMn/wCDLw==","AWuQPoGBzik=","160 midges were lost at original sort due to a broken vail, so the proprotion of midges in the sample is off",,,
"e214acb0-d909-4fc3-9173-8314fcd0c545","D08","MAYF","MAYF.AOS.reach","2017-10-30T14:53Z","2018-04-19","2018-04-24","MAYF.20171030.SNAG.3",,"MAYF.20171030.SNAG.3",,,,,,,,"ECOANALYSTS_Macroinvertebrate_Identification_Revision4","coarse organic",0.05,0.05,100.0,96.0,1,,"EcoAnalysts Inc.","IlOUbzH28sSdl/b2F0LbQQ==","AWuQPoGBzik=",,,,
