uid,domainID,siteID,namedLocation,startDate,collectDate,sampleID,sampleCode,slideID,slideCode,scientificName,morphospeciesID,referenceCount,referenceID,referenceCode,archiveLabSampleMedium,laboratoryName,dataQF
"79064003-96f7-4e80-ad0c-922361843600","D08","MAYF","MAYF.AOS.reach","2017-10-30T14:53Z","2017-10-30T14:53Z","MAYF.20171030.SNAG.3",,,,"Rheosmittia sp.",,1,"MAYF.20171030.SNAG.3.RHEOSMITTIA SP.",,,"EcoAnalysts Inc.",
"187491f3-d1f6-468a-a939-554156e0ec27","D08","MAYF","MAYF.AOS.reach","2017-10-30T14:53Z","2017-10-30T14:53Z","MAYF.20171030.SNAG.1",,,,"Hydropsyche sp.",,1,"MAYF.20171030.SNAG.1.HYDROPSYCHE SP.",,,"EcoAnalysts Inc.",
"c102a622-0c9f-4644-b355-4023e4504387","D08","MAYF","MAYF.AOS.reach","2017-10-30T14:53Z","2017-10-30T14:53Z","MAYF.20171030.SNAG.1",,,,"Heptageniidae sp.",,1,"MAYF.20171030.SNAG.1.HEPTAGENIIDAE SP.",,,"EcoAnalysts Inc.",
"9c82c06f-28bf-4562-9657-18d1b21398ab","D08","MAYF","MAYF.AOS.reach","2017-10-30T14:53Z","2017-10-30T14:53Z","MAYF.20171030.SNAG.3",,,,"Acari sp.",,1,"MAYF.20171030.SNAG.3.ACARI SP.",,,"EcoAnalysts Inc.",
"73733de4-31e0-42c2-9faa-5a742624a729","D08","MAYF","MAYF.AOS.reach","2017-10-30T14:53Z","2017-10-30T14:53Z","MAYF.20171030.SNAG.1",,,,"Polypedilum sp.",,2,"MAYF.20171030.SNAG.1.POLYPEDILUM SP.",,,"EcoAnalysts Inc.",
"9458df6b-8d78-496e-8d97-a55b5327d9c7","D08","MAYF","MAYF.AOS.reach","2017-10-30T14:53Z","2017-10-30T14:53Z","MAYF.20171030.SNAG.2",,,,"Perlodidae sp.",,1,"MAYF.20171030.SNAG.2.PERLODIDAE SP.",,,"EcoAnalysts Inc.",
"ab6dfe3b-c495-4038-8fa3-2ee88ef61927","D08","MAYF","MAYF.AOS.reach","2017-10-30T14:53Z","2017-10-30T14:53Z","MAYF.20171030.SNAG.4",,,,"Helichus fastigiatus",,1,"MAYF.20171030.SNAG.4.HELICHUS FASTIGIATUS",,,"EcoAnalysts Inc.",
"f6ccf4cf-89ac-48ae-9bb0-a64693cadc29","D08","MAYF","MAYF.AOS.reach","2017-10-30T14:53Z","2017-10-30T14:53Z","MAYF.20171030.SNAG.1",,,,"Maccaffertium sp.",,1,"MAYF.20171030.SNAG.1.MACCAFFERTIUM SP.",,,"EcoAnalysts Inc.",
"65c9787d-e4ab-400f-a4d5-fb30aa5cd68e","D08","MAYF","MAYF.AOS.reach","2017-10-30T14:53Z","2017-10-30T14:53Z","MAYF.20171030.SNAG.1",,,,"Oribatida sp.",,1,"MAYF.20171030.SNAG.1.ORIBATEI SP.",,,"EcoAnalysts Inc.",
"a4cb9a4c-4de9-4897-b0c1-447e999781da","D08","MAYF","MAYF.AOS.reach","2017-10-30T14:53Z","2017-10-30T14:53Z","MAYF.20171030.SNAG.1",,,,"Ancyronyx variegata",,1,"MAYF.20171030.SNAG.1.ANCYRONYX VARIEGATUS",,,"EcoAnalysts Inc.",
"e6c20035-d337-45ef-b808-971b65e3b173","D08","MAYF","MAYF.AOS.reach","2017-10-30T14:53Z","2017-10-30T14:53Z","MAYF.20171030.SNAG.1",,,,"Sperchonopsis sp.",,1,"MAYF.20171030.SNAG.1.SPERCHONOPSIS SP.",,,"EcoAnalysts Inc.",
"4d48e272-ba90-4a12-b68a-8ebf52e53378","D08","MAYF","MAYF.AOS.reach","2017-10-30T14:53Z","2017-10-30T14:53Z","MAYF.20171030.SNAG.2",,,,"Lype diversa",,1,"MAYF.20171030.SNAG.2.LYPE DIVERSA",,,"EcoAnalysts Inc.",
"c7d2ac38-6fec-4fc9-b2c2-2dbb0084ef36","D08","MAYF","MAYF.AOS.reach","2017-10-30T14:53Z","2017-10-30T14:53Z","MAYF.20171030.SNAG.2",,,,"Hydroptilidae sp.",,1,"MAYF.20171030.SNAG.2.HYDROPTILIDAE SP.",,,"EcoAnalysts Inc.",
"a51bd735-0284-4572-aed1-f28821e65562","D08","MAYF","MAYF.AOS.reach","2017-10-30T14:53Z","2017-10-30T14:53Z","MAYF.20171030.SNAG.2",,,,"Taeniopteryx sp.",,1,"MAYF.20171030.SNAG.2.TAENIOPTERYX SP.",,,"EcoAnalysts Inc.",
"0cc56365-2783-4618-86a2-c15af05de45a","D08","MAYF","MAYF.AOS.reach","2017-10-30T14:53Z","2017-10-30T14:53Z","MAYF.20171030.SNAG.3",,,,"Calopteryx sp.",,1,"MAYF.20171030.SNAG.3.CALOPTERYX SP.",,,"EcoAnalysts Inc.",
"c3a90386-c992-4e49-aa53-27cab87cab18","D08","MAYF","MAYF.AOS.reach","2017-10-30T14:53Z","2017-10-30T14:53Z","MAYF.20171030.SNAG.1",,,,"Atractides sp.",,1,"MAYF.20171030.SNAG.1.ATRACTIDES SP.",,,"EcoAnalysts Inc.",
"4f27368d-3a1b-4a1e-ade3-3cbaea60a54e","D08","MAYF","MAYF.AOS.reach","2017-10-30T14:53Z","2017-10-30T14:53Z","MAYF.20171030.SNAG.2",,,,"Eurylophella sp.",,1,"MAYF.20171030.SNAG.2.EURYLOPHELLA SP.",,,"EcoAnalysts Inc.",
"d8a846aa-a468-48f4-9212-cd31b917b196","D08","MAYF","MAYF.AOS.reach","2017-10-30T14:53Z","2017-10-30T14:53Z","MAYF.20171030.SNAG.2",,,,"Polycentropodidae sp.",,1,"MAYF.20171030.SNAG.2.POLYCENTROPODIDAE SP.",,,"EcoAnalysts Inc.",
"65bd40d3-976f-40d9-a9d4-938d8167a4a2","D08","MAYF","MAYF.AOS.reach","2017-10-30T14:53Z","2017-10-30T14:53Z","MAYF.20171030.SNAG.1",,,,"Perlidae sp.",,1,"MAYF.20171030.SNAG.1.PERLIDAE SP.",,,"EcoAnalysts Inc.",
"1477eed9-84a8-4fae-9635-1173195a3210","D08","MAYF","MAYF.AOS.reach","2017-10-30T14:53Z","2017-10-30T14:53Z","MAYF.20171030.SNAG.1",,,,"Hemerodromia sp.",,1,"MAYF.20171030.SNAG.1.HEMERODROMIA SP.",,,"EcoAnalysts Inc.",
"57ca81aa-3137-481d-bd99-a682b1537f55","D08","MAYF","MAYF.AOS.reach","2017-10-30T14:53Z","2017-10-30T14:53Z","MAYF.20171030.SNAG.4",,,,"Ceratopogoninae sp.",,1,"MAYF.20171030.SNAG.4.CERATOPOGONINAE SP.",,,"EcoAnalysts Inc.",
"a3c6b164-dfe2-4651-8704-d3db0e54cd33","D08","MAYF","MAYF.AOS.reach","2017-10-30T14:53Z","2017-10-30T14:53Z","MAYF.20171030.SNAG.4",,,,"Coenagrionidae sp.",,1,"MAYF.20171030.SNAG.4.COENAGRIONIDAE SP.",,,"EcoAnalysts Inc.",
"78f100cf-c922-4f99-a6b1-a75f5c21d06b","D08","MAYF","MAYF.AOS.reach","2017-10-30T14:53Z","2017-10-30T14:53Z","MAYF.20171030.SNAG.4",,,,"Pristina leidyi",,1,"MAYF.20171030.SNAG.4.PRISTINA LEIDYI",,,"EcoAnalysts Inc.",
"b195726c-f326-4f50-b44a-42d61f714efc","D08","MAYF","MAYF.AOS.reach","2017-10-30T14:53Z","2017-10-30T14:53Z","MAYF.20171030.SNAG.2",,,,"Leptophlebiidae sp.",,1,"MAYF.20171030.SNAG.2.LEPTOPHLEBIIDAE SP.",,,"EcoAnalysts Inc.",
"9dfaaf2f-2b04-44dc-9cb7-904727918f50","D08","MAYF","MAYF.AOS.reach","2017-10-30T14:53Z","2017-10-30T14:53Z","MAYF.20171030.SNAG.1",,,,"Polypedilum scalaenum gr.",,3,"MAYF.20171030.SNAG.1.POLYPEDILUM SCALAENUM GR.",,,"EcoAnalysts Inc.",
"3eaed67c-e799-4856-81ff-e643a12f876b","D08","MAYF","MAYF.AOS.reach","2017-10-30T14:53Z","2017-10-30T14:53Z","MAYF.20171030.SNAG.2",,,,"Aturidae sp.",,1,"MAYF.20171030.SNAG.2.ATURIDAE SP.",,,"EcoAnalysts Inc.",
"39af5bcf-65f1-4023-83c0-2a63a27f80dd","D08","MAYF","MAYF.AOS.reach","2017-10-30T14:53Z","2017-10-30T14:53Z","MAYF.20171030.SNAG.1",,,,"Perlinella sp.",,1,"MAYF.20171030.SNAG.1.PERLINELLA SP.",,,"EcoAnalysts Inc.",
"02a5c7d2-6e8f-4d63-9d36-d7356dbd3a68","D08","MAYF","MAYF.AOS.reach","2017-10-30T14:53Z","2017-10-30T14:53Z","MAYF.20171030.SNAG.3",,,,"Dero sp.",,1,"MAYF.20171030.SNAG.3.DERO SP.",,,"EcoAnalysts Inc.",
"d42d7fd1-1d34-47d3-a685-275ad299fe1e","D08","MAYF","MAYF.AOS.reach","2017-10-30T14:53Z","2017-10-30T14:53Z","MAYF.20171030.SNAG.4",,,,"Ceratopogonidae sp.",,1,"MAYF.20171030.SNAG.4.CERATOPOGONIDAE SP.",,,"EcoAnalysts Inc.",
"d484d159-1700-4388-9ea4-933caf71355e","D08","MAYF","MAYF.AOS.reach","2017-10-30T14:53Z","2017-10-30T14:53Z","MAYF.20171030.SNAG.2",,,,"Collembola sp.",,1,"MAYF.20171030.SNAG.2.COLLEMBOLA SP.",,,"EcoAnalysts Inc.",
"a29d58f9-8f95-4916-aff4-9e0afe5d0e9f","D08","MAYF","MAYF.AOS.reach","2017-10-30T14:53Z","2017-10-30T14:53Z","MAYF.20171030.SNAG.2",,,,"Empididae sp.",,1,"MAYF.20171030.SNAG.2.EMPIDIDAE SP.",,,"EcoAnalysts Inc.",
"624deeae-c392-4639-b38f-4b5b2caf40b3","D08","MAYF","MAYF.AOS.reach","2017-10-30T14:53Z","2017-10-30T14:53Z","MAYF.20171030.SNAG.2",,,,"Clathrosperchon sp.",,1,"MAYF.20171030.SNAG.2.CLATHROSPERCHON SP.",,,"EcoAnalysts Inc.",
"756443c2-3835-4546-a319-7cb3731c837a","D08","MAYF","MAYF.AOS.reach","2017-10-30T14:53Z","2017-10-30T14:53Z","MAYF.20171030.SNAG.2",,,,"Nematoda sp.",,1,"MAYF.20171030.SNAG.2.NEMATODA SP.",,,"EcoAnalysts Inc.",
"3386ccbf-e48d-482d-8cf7-45b7d0f6ee33","D08","MAYF","MAYF.AOS.reach","2017-10-30T14:53Z","2017-10-30T14:53Z","MAYF.20171030.SNAG.1",,,,"Chloroperlidae sp.",,1,"MAYF.20171030.SNAG.1.CHLOROPERLIDAE SP.",,,"EcoAnalysts Inc.",
"e73cdbdf-0a92-4ea2-89eb-bff3b663beec","D08","MAYF","MAYF.AOS.reach","2017-10-30T14:53Z","2017-10-30T14:53Z","MAYF.20171030.SNAG.5",,,,"Enchytraeidae sp.",,1,"MAYF.20171030.SNAG.5.ENCHYTRAEIDAE SP.",,,"EcoAnalysts Inc.",
"850b2f81-6a83-495f-83d7-f2f1634a381e","D08","MAYF","MAYF.AOS.reach","2017-10-30T14:53Z","2017-10-30T14:53Z","MAYF.20171030.SNAG.1",,,,"Stenochironomus sp.",,3,"MAYF.20171030.SNAG.1.STENOCHIRONOMUS SP.",,,"EcoAnalysts Inc.",
"c1a785c6-14da-4b62-9bcc-f74886ab0c49","D08","MAYF","MAYF.AOS.reach","2017-10-30T14:53Z","2017-10-30T14:53Z","MAYF.20171030.SNAG.5",,,,"Lumbriculidae sp.",,1,"MAYF.20171030.SNAG.5.LUMBRICULIDAE SP.",,,"EcoAnalysts Inc.",
"43096d9c-b920-4410-ae32-c8e02cef0bc8","D08","MAYF","MAYF.AOS.reach","2017-10-30T14:53Z","2017-10-30T14:53Z","MAYF.20171030.SNAG.1",,,,"Bezzia/Palpomyia sp.",,1,"MAYF.20171030.SNAG.1.BEZZIA/PALPOMYIA SP.",,,"EcoAnalysts Inc.",
"7d3bedc2-6575-4985-87ac-b9f0c9f389e0","D08","MAYF","MAYF.AOS.reach","2017-10-30T14:53Z","2017-10-30T14:53Z","MAYF.20171030.SNAG.1",,,,"Torrenticola sp.",,1,"MAYF.20171030.SNAG.1.TORRENTICOLA SP.",,,"EcoAnalysts Inc.",
"624aba38-4030-4cc0-a8fa-a7dfc43e08d9","D08","MAYF","MAYF.AOS.reach","2017-10-30T14:53Z","2017-10-30T14:53Z","MAYF.20171030.SNAG.1",,,,"Simulium sp.",,1,"MAYF.20171030.SNAG.1.SIMULIUM SP.",,,"EcoAnalysts Inc.",
"54654248-a173-47c5-83a7-a792db59f719","D08","MAYF","MAYF.AOS.reach","2017-10-30T14:53Z","2017-10-30T14:53Z","MAYF.20171030.SNAG.5",,,,"Neoporus sp.",,1,"MAYF.20171030.SNAG.5.NEOPORUS SP.",,,"EcoAnalysts Inc.",
"8afeb26a-388b-43ce-8eb3-174596caa8ea","D08","MAYF","MAYF.AOS.reach","2017-10-30T14:53Z","2017-10-30T14:53Z","MAYF.20171030.SNAG.1",,,,"Hygrobates sp.",,1,"MAYF.20171030.SNAG.1.HYGROBATES SP.",,,"EcoAnalysts Inc.",
"e467104d-19e1-4abc-a9ee-6b5a5a5b4bd8","D08","MAYF","MAYF.AOS.reach","2017-10-30T14:53Z","2017-10-30T14:53Z","MAYF.20171030.SNAG.3",,,,"Polypedilum fallax gr.",,1,"MAYF.20171030.SNAG.3.POLYPEDILUM FALLAX GR.",,,"EcoAnalysts Inc.",
"998dc5f3-ade3-4e4b-969b-e8c43fc19787","D08","MAYF","MAYF.AOS.reach","2017-10-30T14:53Z","2017-10-30T14:53Z","MAYF.20171030.SNAG.1",,,,"Stenelmis sp.",,2,"MAYF.20171030.SNAG.1.STENELMIS SP.",,,"EcoAnalysts Inc.",
"5380f1c7-6d2f-4675-a9f8-9d1635be4a2d","D08","MAYF","MAYF.AOS.reach","2017-10-30T14:53Z","2017-10-30T14:53Z","MAYF.20171030.SNAG.3",,,,"Tipulidae sp.",,1,"MAYF.20171030.SNAG.3.TIPULIDAE SP.",,,"EcoAnalysts Inc.",
"77b3c18f-971c-42eb-9fc6-4d0d57548d65","D08","MAYF","MAYF.AOS.reach","2017-10-30T14:53Z","2017-10-30T14:53Z","MAYF.20171030.SNAG.2",,,,"Plecoptera sp.",,1,"MAYF.20171030.SNAG.2.PLECOPTERA SP.",,,"EcoAnalysts Inc.",
"32f489e2-b033-4711-9270-118004a86a54","D08","MAYF","MAYF.AOS.reach","2017-10-30T14:53Z","2017-10-30T14:53Z","MAYF.20171030.SNAG.2",,,,"Anchytarsus bicolor",,1,"MAYF.20171030.SNAG.2.ANCHYTARSUS BICOLOR",,,"EcoAnalysts Inc.",
"63c80d87-188f-4a8b-980c-ff9f25932148","D08","MAYF","MAYF.AOS.reach","2017-10-30T14:53Z","2017-10-30T14:53Z","MAYF.20171030.SNAG.2",,,,"Oecetis sp.",,1,"MAYF.20171030.SNAG.2.OECETIS SP.",,,"EcoAnalysts Inc.",
"627b1abe-4dc6-496a-85fc-beb3a25280f0","D08","MAYF","MAYF.AOS.reach","2017-10-30T14:53Z","2017-10-30T14:53Z","MAYF.20171030.SNAG.1",,,,"Acroneuria sp.",,1,"MAYF.20171030.SNAG.1.ACRONEURIA SP.",,,"EcoAnalysts Inc.",
"7a579458-5d92-45a2-ab29-b7787f10c30a","D08","MAYF","MAYF.AOS.reach","2017-10-30T14:53Z","2017-10-30T14:53Z","MAYF.20171030.SNAG.3",,,,"Nyctiophylax sp.",,1,"MAYF.20171030.SNAG.3.NYCTIOPHYLAX SP.",,,"EcoAnalysts Inc.",
