uid,domainID,siteID,namedLocation,decimalLatitude,decimalLongitude,coordinateUncertainty,geodeticDatum,elevation,elevationUncertainty,aquaticSiteType,collectDate,eventID,boutNumber,sampleID,sampleCode,sampleCondition,geneticSampleID,geneticSampleCode,geneticSampleCond,samplingProtocolVersion,samplingImpractical,biophysicalCriteria,habitatType,samplerType,sampleNumber,substratumSizeClass,benthicArea,ponarDepth,snagLength,snagDiameter,dnaSnagLength,dnaSnagDiameter,remarks,recordedBy,collectedBy,dataQF
"a2a9db3f-03a6-4d6f-8e6e-e305f9450a48","D08","MAYF","MAYF.AOS.reach",32.960365,-87.407688,1000.0,"WGS84",76.7,1000.0,"stream","2017-10-30T14:53Z","MAYF.20171030",3,"MAYF.20171030.SNAG.2",,,,,,"NEON.DOC.003046vA",,,"run","snag",2,"sand",0.119,,84.00,4.50,,,,"churak@battelleecology.org","kbrown01@battelleecology.org",
"2623c7b3-6175-4d88-9900-a3017d7d579c","D08","MAYF","MAYF.AOS.reach",32.960365,-87.407688,1000.0,"WGS84",76.7,1000.0,"stream","2017-10-30T14:53Z","MAYF.20171030",3,"MAYF.20171030.SNAG.5",,,,,,"NEON.DOC.003046vA",,,"run","snag",5,"sand",0.207,,55.00,12.00,,,,"churak@battelleecology.org","kbrown01@battelleecology.org",
"d3990cf8-b9fb-4a8f-a95c-aa76566a9e4e","D08","MAYF","MAYF.AOS.reach",32.960365,-87.407688,1000.0,"WGS84",76.7,1000.0,"stream","2017-10-30T14:53Z","MAYF.20171030",3,"MAYF.20171030.SNAG.3",,,,,,"NEON.DOC.003046vA",,,"run","snag",3,"sand",0.064,,51.00,4.00,,,,"churak@battelleecology.org","kbrown01@battelleecology.org",
"106fe2f5-21c9-408e-8d88-9ee24dae8366","D08","MAYF","MAYF.AOS.reach",32.960365,-87.407688,1000.0,"WGS84",76.7,1000.0,"stream","2017-10-30T14:53Z","MAYF.20171030",3,"MAYF.20171030.CORE.3",,,,,,"NEON.DOC.003046vA",,,"pool","core",3,"sand",0.006,,,,,,,"churak@battelleecology.org","kbrown01@battelleecology.org",
"27137682-bf27-49b7-a762-c0931a042236","D08","MAYF","MAYF.AOS.reach",32.960365,-87.407688,1000.0,"WGS84",76.7,1000.0,"stream","2017-10-30T14:53Z","MAYF.20171030",3,"MAYF.20171030.CORE.2",,,,,,"NEON.DOC.003046vA",,,"pool","core",2,"sand",0.006,,,,,,,"churak@battelleecology.org","kbrown01@battelleecology.org",
"ade142e4-3c9e-44ee-9c4c-9b2655eb810f","D08","MAYF","MAYF.AOS.reach",32.960365,-87.407688,1000.0,"WGS84",76.7,1000.0,"stream","2017-10-30T14:53Z","MAYF.20171030",3,"MAYF.20171030.CORE.1",,,,,,"NEON.DOC.003046vA",,,"run","core",1,"sand",0.006,,,,,,,"churak@battelleecology.org","kbrown01@battelleecology.org",
"32ec6d0c-069f-437a-939b-00a2d04a2625","D08","MAYF","MAYF.AOS.reach",32.960365,-87.407688,1000.0,"WGS84",76.7,1000.0,"stream","2017-10-30T14:53Z","MAYF.20171030",3,"MAYF.20171030.SNAG.1",,,,,,"NEON.DOC.003046vA",,,"run","snag",1,"sand",0.105,,74.00,4.50,,,,"churak@battelleecology.org","kbrown01@battelleecology.org",
"0c7773ad-b4d1-4217-81a5-b9c65072feee","D08","MAYF","MAYF.AOS.reach",32.960365,-87.407688,1000.0,"WGS84",76.7,1000.0,"stream","2017-10-30T14:53Z","MAYF.20171030",3,"MAYF.20171030.SNAG.4",,,,,,"NEON.DOC.003046vA",,,"run","snag",4,"sand",0.214,,91.00,7.50,,,,"churak@battelleecology.org","kbrown01@battelleecology.org",
