uid,domainID,siteID,namedLocation,collectDate,sortDate,qcSortDate,sampleID,sampleCode,mixedInvertVialID,mixedInvertVialCode,chironomidVialID,chironomidVialCode,oligochaeteVialID,oligochaeteVialCode,largeInvertVialID,largeInvertVialCode,testProtocolVersion,primaryMatrix,preRinseVolume,postRinseVolume,subsamplePercent,qcSortingEfficacy,qcIterationCount,qcPercentSimilarity,laboratoryName,sortedBy,qcSortedBy,benchRemarks,dataQF,qcEnumerationDifference,qcTaxonomicDifference
"3bd552ee-0325-48f4-bfe2-43c08dc30e29","D18","OKSR","OKSR.AOS.reach","2021-07-02T19:28Z","2021-08-30","2021-08-31","OKSR.20210702.SURBER.1","A00000305210",,,"BA21NEOMST12003C",,,,"BA21NEOMST12003LR",,"RHITHRON_Macroinvertebrate_Identification_Revision1","other (specified in remarks)",,,100.0,100.0,1,,"Rhithron Associates, Inc.","yZFSmq1jJzE=","jrNz6zwqS3Q=","fine inorganic",,0.2,3.0
"fd5209c2-a062-4e93-82d2-bccf87734950","D18","OKSR","OKSR.AOS.reach","2021-07-02T19:28Z","2021-08-31","2021-08-31","OKSR.20210702.KICKNET.1","A00000305145",,,"BA21NEOMST12008C",,,,"BA21NEOMST12008LR",,"RHITHRON_Macroinvertebrate_Identification_Revision1","coarse organic",,,100.0,98.3,1,,"Rhithron Associates, Inc.","kcNHfEa00olgOMivYV39aQ==","jrNz6zwqS3Q=",,,0.2,0.4
"bfa78385-e9ab-40c0-8f01-6a092ae38f10","D18","OKSR","OKSR.AOS.reach","2021-07-02T19:28Z","2021-08-27","2021-08-27","OKSR.20210702.SURBER.3","A00000305242",,,"BA21NEOMST12001C",,,,"BA21NEOMST12001LR",,"RHITHRON_Macroinvertebrate_Identification_Revision1","coarse organic",,,87.0,100.0,1,,"Rhithron Associates, Inc.","jrNz6zwqS3Q=","3hsarqkn53DnTHf+v6UBHA==",,,,
"3234412d-ac18-47b1-9206-c525eaf69fb6","D18","OKSR","OKSR.AOS.reach","2021-07-02T19:28Z","2021-08-27","2021-08-31","OKSR.20210702.SURBER.2","A00000305227",,,"BA21NEOMST12002C",,,,"BA21NEOMST12002LR",,"RHITHRON_Macroinvertebrate_Identification_Revision1","coarse organic",,,100.0,100.0,1,,"Rhithron Associates, Inc.","f4cEayqHT1iCvAVqokBXcA==","jrNz6zwqS3Q=",,,,
"6fba0a91-b66a-4dfb-ba31-7faa0aad9e2c","D18","OKSR","OKSR.AOS.reach","2021-07-02T19:28Z","2021-08-30","2021-08-31","OKSR.20210702.KICKNET.2","A00000305144",,,"BA21NEOMST12007C",,,,"BA21NEOMST12007LR",,"RHITHRON_Macroinvertebrate_Identification_Revision1","coarse organic",,,100.0,100.0,1,,"Rhithron Associates, Inc.","f4cEayqHT1iCvAVqokBXcA==","jrNz6zwqS3Q=",,,,
"db9890f4-7663-415f-aee2-e903f0799bc0","D18","OKSR","OKSR.AOS.reach","2021-07-02T19:28Z","2021-08-31","2021-08-31","OKSR.20210702.KICKNET.5","A00000305195",,,"BA21NEOMST12004C",,,,"BA21NEOMST12004LR",,"RHITHRON_Macroinvertebrate_Identification_Revision1","fine organic",,,37.0,100.0,1,,"Rhithron Associates, Inc.","egCH3wedmfhvZrvQbyFP8Q==","jrNz6zwqS3Q=",,,,
"39c1a41f-bf40-433d-9f1b-24e97ff30668","D18","OKSR","OKSR.AOS.reach","2021-07-02T19:28Z","2021-08-31","2021-08-31","OKSR.20210702.KICKNET.3","A00000305211",,,"BA21NEOMST12006C",,,,"BA21NEOMST12006LR",,"RHITHRON_Macroinvertebrate_Identification_Revision1","coarse organic",,,100.0,91.7,1,,"Rhithron Associates, Inc.","3hsarqkn53DnTHf+v6UBHA==","jrNz6zwqS3Q=",,,,
"e8c556dd-a905-43f0-a74d-b2e0c7b3f8ee","D18","OKSR","OKSR.AOS.reach","2021-07-02T19:28Z","2021-08-31","2021-08-31","OKSR.20210702.KICKNET.4","A00000305179",,,"BA21NEOMST12005C",,,,"BA21NEOMST12005LR",,"RHITHRON_Macroinvertebrate_Identification_Revision1","coarse organic",,,90.0,100.0,1,,"Rhithron Associates, Inc.","jrNz6zwqS3Q=","jrNz6zwqS3Q=",,,,
