uid,domainID,siteID,namedLocation,decimalLatitude,decimalLongitude,coordinateUncertainty,geodeticDatum,elevation,elevationUncertainty,aquaticSiteType,collectDate,eventID,boutNumber,sampleID,sampleCode,sampleCondition,geneticSampleID,geneticSampleCode,geneticSampleCond,samplingProtocolVersion,samplingImpractical,biophysicalCriteria,habitatType,samplerType,sampleNumber,substratumSizeClass,benthicArea,ponarDepth,snagLength,snagDiameter,dnaSnagLength,dnaSnagDiameter,remarks,recordedBy,collectedBy,dataQF
"46527e1b-e5ea-4f79-97a3-9991000f548c","D18","OKSR","OKSR.AOS.reach",68.669753,-149.143018,1000.0,"WGS84",766.0,1000.0,"stream","2017-08-07T20:05Z","OKSR.20170807",3,"OKSR.20170807.SURBER.4",,,,,,"NEON.DOC.003046vA",,,"riffle","surber",4,"cobble",0.093,,,,,,,"Hmasters@battelleecology.org","jbuza@battelleecology.org",
"502843ae-6894-4d7e-b4e5-4a3584cbc1c1","D18","OKSR","OKSR.AOS.reach",68.669753,-149.143018,1000.0,"WGS84",766.0,1000.0,"stream","2017-08-07T20:05Z","OKSR.20170807",3,"OKSR.20170807.KICKNET.5",,,,,,"NEON.DOC.003046vA",,,"run","modifiedKicknet",6,"cobble",0.250,,,,,,,"Hmasters@battelleecology.org","jbuza@battelleecology.org",
"82715d5b-a5dc-4080-ab78-c88b026e3dd8","D18","OKSR","OKSR.AOS.reach",68.669753,-149.143018,1000.0,"WGS84",766.0,1000.0,"stream","2017-08-07T20:05Z","OKSR.20170807",3,"OKSR.20170807.KICKNET.1",,,,,,"NEON.DOC.003046vA",,,"run","modifiedKicknet",1,"cobble",0.250,,,,,,,"Hmasters@battelleecology.org","jbuza@battelleecology.org",
"4099390d-067b-47c1-8c09-a4e75e4b691d","D18","OKSR","OKSR.AOS.reach",68.669753,-149.143018,1000.0,"WGS84",766.0,1000.0,"stream","2017-08-07T20:05Z","OKSR.20170807",3,"OKSR.20170807.SURBER.2",,,,,,"NEON.DOC.003046vA",,,"riffle","surber",2,"cobble",0.093,,,,,,,"Hmasters@battelleecology.org","jbuza@battelleecology.org",
"2b7d28bf-f5df-4fbd-8c84-cc84054733e6","D18","OKSR","OKSR.AOS.reach",68.669753,-149.143018,1000.0,"WGS84",766.0,1000.0,"stream","2017-08-07T20:05Z","OKSR.20170807",3,"OKSR.20170807.KICKNET.8",,,,,,"NEON.DOC.003046vA",,,"run","modifiedKicknet",8,"cobble",0.250,,,,,,,"Hmasters@battelleecology.org","jbuza@battelleecology.org",
"ceb87da7-70d5-4081-bc99-44e045daed9b","D18","OKSR","OKSR.AOS.reach",68.669753,-149.143018,1000.0,"WGS84",766.0,1000.0,"stream","2017-08-07T20:05Z","OKSR.20170807",3,"OKSR.20170807.KICKNET.7",,,,,,"NEON.DOC.003046vA",,,"run","modifiedKicknet",7,"cobble",0.250,,,,,,,"Hmasters@battelleecology.org","jbuza@battelleecology.org",
"3f5828e4-c08e-44d3-af83-7a7ff125c333","D18","OKSR","OKSR.AOS.reach",68.669753,-149.143018,1000.0,"WGS84",766.0,1000.0,"stream","2017-08-07T20:05Z","OKSR.20170807",3,"OKSR.20170807.KICKNET.3",,,,,,"NEON.DOC.003046vA",,,"run","modifiedKicknet",3,"cobble",0.250,,,,,,,"Hmasters@battelleecology.org","jbuza@battelleecology.org",
"ba505645-9d33-46c1-840e-53074b8befcd","D18","OKSR","OKSR.AOS.reach",68.669753,-149.143018,1000.0,"WGS84",766.0,1000.0,"stream","2017-08-07T20:05Z","OKSR.20170807",3,"OKSR.20170807.SURBER.6",,,,,,"NEON.DOC.003046vA",,,"riffle","surber",6,"cobble",0.093,,,,,,,"Hmasters@battelleecology.org","jbuza@battelleecology.org",
