uid,domainID,siteID,namedLocation,collectDate,sortDate,qcSortDate,sampleID,sampleCode,mixedInvertVialID,mixedInvertVialCode,chironomidVialID,chironomidVialCode,oligochaeteVialID,oligochaeteVialCode,largeInvertVialID,largeInvertVialCode,testProtocolVersion,primaryMatrix,preRinseVolume,postRinseVolume,subsamplePercent,qcSortingEfficacy,qcIterationCount,qcPercentSimilarity,laboratoryName,sortedBy,qcSortedBy,benchRemarks,dataQF,qcEnumerationDifference,qcTaxonomicDifference
"a3d5bb9d-315f-434d-b588-f69b4c574c2e","D18","OKSR","OKSR.AOS.reach","2017-08-07T20:05Z","2018-04-10","2018-04-13","OKSR.20170807.KICKNET.3",,"OKSR.20170807.KICKNET.3",,,,,,,,"ECOANALYSTS_Macroinvertebrate_Identification_Revision4","fine organic",0.10,0.04,100.0,100.0,1,,"EcoAnalysts Inc.","IlOUbzH28sSdl/b2F0LbQQ==","CBtXit/4I2Wo31ut9nAUtQ==",,,,
"1dc6c763-a21c-4913-8811-b118dc8fddfb","D18","OKSR","OKSR.AOS.reach","2017-08-07T20:05Z","2018-04-11","2018-04-13","OKSR.20170807.KICKNET.7",,"OKSR.20170807.KICKNET.7",,,,,,,,"ECOANALYSTS_Macroinvertebrate_Identification_Revision4","coarse organic",0.07,0.06,56.3,97.4,1,,"EcoAnalysts Inc.","bhpmOEkcKZsmnJoMzfHRiwvydZz6vvRn","BiR1PG3qYHnG+SNIMM2WVA==",,,,
"da0a6f45-8e10-4a98-acd3-fa14b7e90bd2","D18","OKSR","OKSR.AOS.reach","2017-08-07T20:05Z","2018-04-11","2018-04-13","OKSR.20170807.KICKNET.5",,"OKSR.20170807.KICKNET.5",,,,,,,,"ECOANALYSTS_Macroinvertebrate_Identification_Revision4","fine organic",0.10,0.10,100.0,97.0,1,,"EcoAnalysts Inc.","EIXK88y38gIHpPmL0qzVDQ==","CBtXit/4I2Wo31ut9nAUtQ==",,,1.1,4.1
"683e405f-8504-4a03-bb21-6bc45cfff203","D18","OKSR","OKSR.AOS.reach","2017-08-07T20:05Z","2018-04-11","2018-04-16","OKSR.20170807.KICKNET.8",,"OKSR.20170807.KICKNET.8",,,,,,,,"ECOANALYSTS_Macroinvertebrate_Identification_Revision4","fine organic",0.15,0.04,62.5,93.1,1,,"EcoAnalysts Inc.","IlOUbzH28sSdl/b2F0LbQQ==","CBtXit/4I2Wo31ut9nAUtQ==",,,,
"d7cbaab2-7a0a-465c-bc06-4c46dc08869b","D18","OKSR","OKSR.AOS.reach","2017-08-07T20:05Z","2018-04-10","2018-04-12","OKSR.20170807.SURBER.6",,"OKSR.20170807.SURBER.6",,,,,,,,"ECOANALYSTS_Macroinvertebrate_Identification_Revision4","coarse organic",0.01,0.01,100.0,100.0,2,,"EcoAnalysts Inc.","bhpmOEkcKZsmnJoMzfHRiwvydZz6vvRn","CBtXit/4I2Wo31ut9nAUtQ==",,,,
"35e28bb2-e0d5-4fa0-b29f-f56d76773ddb","D18","OKSR","OKSR.AOS.reach","2017-08-07T20:05Z","2018-04-10","2018-04-12","OKSR.20170807.SURBER.4",,"OKSR.20170807.SURBER.4",,,,,,,,"ECOANALYSTS_Macroinvertebrate_Identification_Revision4","coarse organic",0.03,0.03,100.0,100.0,2,,"EcoAnalysts Inc.","bhpmOEkcKZsmnJoMzfHRiwvydZz6vvRn","CBtXit/4I2Wo31ut9nAUtQ==",,,,
"036652d7-6de6-4810-adb2-ceac79fc9755","D18","OKSR","OKSR.AOS.reach","2017-08-07T20:05Z","2018-04-11","2018-04-12","OKSR.20170807.KICKNET.1",,"OKSR.20170807.KICKNET.1",,,,,,,,"ECOANALYSTS_Macroinvertebrate_Identification_Revision4","fine organic",0.55,0.05,100.0,90.1,1,,"EcoAnalysts Inc.","1vcFwuCrweea3e6drzmsAw==","CBtXit/4I2Wo31ut9nAUtQ==",,,,
"0273c0cf-e66a-4a09-84ec-84af1d23de80","D18","OKSR","OKSR.AOS.reach","2017-08-07T20:05Z","2018-04-10","2018-04-12","OKSR.20170807.SURBER.2",,"OKSR.20170807.SURBER.2",,,,,,,,"ECOANALYSTS_Macroinvertebrate_Identification_Revision4","other (specified in remarks)",0.03,0.03,100.0,98.1,1,,"EcoAnalysts Inc.","bhpmOEkcKZsmnJoMzfHRiwvydZz6vvRn","CBtXit/4I2Wo31ut9nAUtQ==","Primary Matrix is Vegetation",,,
