uid,domainID,siteID,namedLocation,startDate,collectDate,sampleID,sampleCode,slideID,slideCode,scientificName,morphospeciesID,referenceCount,referenceID,referenceCode,archiveLabSampleMedium,laboratoryName,dataQF
"e560d29e-570e-4556-a7b4-a9c57e54c57d","D18","OKSR","OKSR.AOS.reach","2017-08-07T20:05Z","2017-08-07T20:05Z","OKSR.20170807.KICKNET.7",,,,"Tokunagaia sp.",,1,"OKSR.20170807.KICKNET.7.TOKUNAGAIA SP.",,,"EcoAnalysts Inc.",
"24add635-fb23-4642-aa69-c141f5206939","D18","OKSR","OKSR.AOS.reach","2017-08-07T20:05Z","2017-08-07T20:05Z","OKSR.20170807.KICKNET.1",,,,"Ablabesmyia sp.",,1,"OKSR.20170807.KICKNET.1.ABLABESMYIA SP.",,,"EcoAnalysts Inc.",
"e27f123b-f4c4-45ad-a1c3-881bbadbc808","D18","OKSR","OKSR.AOS.reach","2017-08-07T20:05Z","2017-08-07T20:05Z","OKSR.20170807.KICKNET.3",,,,"Ablabesmyia sp.",,3,"OKSR.20170807.KICKNET.3.ABLABESMYIA SP.",,,"EcoAnalysts Inc.",
"2dd89211-4e09-4a52-a14f-b8ffaaae810e","D18","OKSR","OKSR.AOS.reach","2017-08-07T20:05Z","2017-08-07T20:05Z","OKSR.20170807.KICKNET.3",,,,"Hydrobaenus sp.",,1,"OKSR.20170807.KICKNET.3.HYDROBAENUS SP.",,,"EcoAnalysts Inc.",
"851f7fb4-8cbf-4f23-bdad-aaed62537ff4","D18","OKSR","OKSR.AOS.reach","2017-08-07T20:05Z","2017-08-07T20:05Z","OKSR.20170807.KICKNET.5",,,,"Orthocladius rivulorum",,1,"OKSR.20170807.KICKNET.5.ORTHOCLADIUS RIVULORUM",,,"EcoAnalysts Inc.",
"f3f6c071-5f84-481f-9bb3-4a501703016f","D18","OKSR","OKSR.AOS.reach","2017-08-07T20:05Z","2017-08-07T20:05Z","OKSR.20170807.KICKNET.1",,,,"Heterotanytarsus sp.",,1,"OKSR.20170807.KICKNET.1.HETEROTANYTARSUS SP.",,,"EcoAnalysts Inc.",
"cddf52a4-912a-4700-ad33-21d7ffb77ae3","D18","OKSR","OKSR.AOS.reach","2017-08-07T20:05Z","2017-08-07T20:05Z","OKSR.20170807.SURBER.6",,,,"Acentrella insignificans",,2,"OKSR.20170807.SURBER.6.ACENTRELLA INSIGNIFICANS",,,"EcoAnalysts Inc.",
"dfe0277f-66f1-4c60-84dc-f0288944cc51","D18","OKSR","OKSR.AOS.reach","2017-08-07T20:05Z","2017-08-07T20:05Z","OKSR.20170807.KICKNET.3",,,,"Tanytarsus sp.",,1,"OKSR.20170807.KICKNET.3.TANYTARSUS SP.",,,"EcoAnalysts Inc.",
"585a7f71-0c40-4d1a-82ee-cddddd59cffc","D18","OKSR","OKSR.AOS.reach","2017-08-07T20:05Z","2017-08-07T20:05Z","OKSR.20170807.SURBER.2",,,,"Orthocladius (Euorthocladius) sp.",,1,"OKSR.20170807.SURBER.2.ORTHOCLADIUS (EUORTHOCLADIUS) SP.",,,"EcoAnalysts Inc.",
"e1ef6933-6817-405d-8041-becfaf7af745","D18","OKSR","OKSR.AOS.reach","2017-08-07T20:05Z","2017-08-07T20:05Z","OKSR.20170807.KICKNET.3",,,,"Synorthocladius sp.",,1,"OKSR.20170807.KICKNET.3.SYNORTHOCLADIUS SP.",,,"EcoAnalysts Inc.",
"92a9d69e-c480-4688-b1b4-3d383b57f8a2","D18","OKSR","OKSR.AOS.reach","2017-08-07T20:05Z","2017-08-07T20:05Z","OKSR.20170807.KICKNET.3",,,,"Procladius sp.",,1,"OKSR.20170807.KICKNET.3.PROCLADIUS SP.",,,"EcoAnalysts Inc.",
"8149e97a-2229-4499-8d2d-acdb4a756352","D18","OKSR","OKSR.AOS.reach","2017-08-07T20:05Z","2017-08-07T20:05Z","OKSR.20170807.SURBER.2",,,,"Thienemanniella sp.",,1,"OKSR.20170807.SURBER.2.THIENEMANNIELLA SP.",,,"EcoAnalysts Inc.",
"c2bab20e-9adb-4d98-983c-799c67b91b68","D18","OKSR","OKSR.AOS.reach","2017-08-07T20:05Z","2017-08-07T20:05Z","OKSR.20170807.KICKNET.5",,,,"Chelifera/Metachela sp.",,2,"OKSR.20170807.KICKNET.5.CHELIFERA/METACHELA SP.",,,"EcoAnalysts Inc.",
"cd9f505a-12be-43f9-ba78-f2ec107b5840","D18","OKSR","OKSR.AOS.reach","2017-08-07T20:05Z","2017-08-07T20:05Z","OKSR.20170807.KICKNET.8",,,,"Pseudosmittia sp.",,1,"OKSR.20170807.KICKNET.8.PSEUDOSMITTIA SP.",,,"EcoAnalysts Inc.",
"8eb9cd2f-1305-459a-b295-4fe3a965c378","D18","OKSR","OKSR.AOS.reach","2017-08-07T20:05Z","2017-08-07T20:05Z","OKSR.20170807.KICKNET.8",,,,"Nanocladius sp.",,2,"OKSR.20170807.KICKNET.8.NANOCLADIUS SP.",,,"EcoAnalysts Inc.",
"e301832d-eea2-4ddb-9fdd-de498efa7e1f","D18","OKSR","OKSR.AOS.reach","2017-08-07T20:05Z","2017-08-07T20:05Z","OKSR.20170807.KICKNET.1",,,,"Hydrosmittia sp.",,2,"OKSR.20170807.KICKNET.1.HYDROSMITTIA SP.",,,"EcoAnalysts Inc.",
"a50370f4-013b-4ba8-957b-a625ed6a9a75","D18","OKSR","OKSR.AOS.reach","2017-08-07T20:05Z","2017-08-07T20:05Z","OKSR.20170807.KICKNET.1",,,,"Tvetenia bavarica gr.",,2,"OKSR.20170807.KICKNET.1.TVETENIA BAVARICA GR.",,,"EcoAnalysts Inc.",
"f0b01f37-2902-4604-a5ec-b6341975a5cc","D18","OKSR","OKSR.AOS.reach","2017-08-07T20:05Z","2017-08-07T20:05Z","OKSR.20170807.KICKNET.5",,,,"Psectrocladius sp.",,1,"OKSR.20170807.KICKNET.5.PSECTROCLADIUS SP.",,,"EcoAnalysts Inc.",
"700fd1b5-9b0f-40b5-b15b-a2f52233be65","D18","OKSR","OKSR.AOS.reach","2017-08-07T20:05Z","2017-08-07T20:05Z","OKSR.20170807.KICKNET.1",,,,"Paralimnophyes sp.",,1,"OKSR.20170807.KICKNET.1.PARALIMNOPHYES SP.",,,"EcoAnalysts Inc.",
"0b4a40a4-6484-4867-aa29-ec794ee47829","D18","OKSR","OKSR.AOS.reach","2017-08-07T20:05Z","2017-08-07T20:05Z","OKSR.20170807.KICKNET.3",,,,"Chaetogaster diastrophus",,1,"OKSR.20170807.KICKNET.3.CHAETOGASTER DIASTROPHUS",,,"EcoAnalysts Inc.",
"1ed7e828-6b2f-48f6-89f4-5f902a110fd2","D18","OKSR","OKSR.AOS.reach","2017-08-07T20:05Z","2017-08-07T20:05Z","OKSR.20170807.KICKNET.5",,,,"Hydrosmittia sp.",,1,"OKSR.20170807.KICKNET.5.HYDROSMITTIA SP.",,,"EcoAnalysts Inc.",
"1900c971-268d-4aa2-8ced-3377b8a96703","D18","OKSR","OKSR.AOS.reach","2017-08-07T20:05Z","2017-08-07T20:05Z","OKSR.20170807.SURBER.2",,,,"Orthocladiinae sp.",,1,"OKSR.20170807.SURBER.2.ORTHOCLADIINAE SP.",,,"EcoAnalysts Inc.",
"5dd18a8b-81b2-4f49-8c43-ae00dbf70701","D18","OKSR","OKSR.AOS.reach","2017-08-07T20:05Z","2017-08-07T20:05Z","OKSR.20170807.KICKNET.3",,,,"Heterotanytarsus sp.",,1,"OKSR.20170807.KICKNET.3.HETEROTANYTARSUS SP.",,,"EcoAnalysts Inc.",
"e3f73e3e-9098-4264-99ff-35a823b6370f","D18","OKSR","OKSR.AOS.reach","2017-08-07T20:05Z","2017-08-07T20:05Z","OKSR.20170807.KICKNET.1",,,,"Stictochironomus sp.",,3,"OKSR.20170807.KICKNET.1.STICTOCHIRONOMUS SP.",,,"EcoAnalysts Inc.",
"20dc1407-1f1a-495b-b699-8e0ad3130431","D18","OKSR","OKSR.AOS.reach","2017-08-07T20:05Z","2017-08-07T20:05Z","OKSR.20170807.SURBER.6",,,,"Rheotanytarsus sp.",,2,"OKSR.20170807.SURBER.6.RHEOTANYTARSUS SP.",,,"EcoAnalysts Inc.",
"768c9111-b4ac-4e06-8400-83d234dfdf11","D18","OKSR","OKSR.AOS.reach","2017-08-07T20:05Z","2017-08-07T20:05Z","OKSR.20170807.KICKNET.1",,,,"Constempellina sp.",,4,"OKSR.20170807.KICKNET.1.CONSTEMPELLINA SP.",,,"EcoAnalysts Inc.",
"2aa9a7c3-5224-4ea7-9e9a-90362b941300","D18","OKSR","OKSR.AOS.reach","2017-08-07T20:05Z","2017-08-07T20:05Z","OKSR.20170807.SURBER.2",,,,"Lepidoptera sp.",,1,"OKSR.20170807.SURBER.2.LEPIDOPTERA SP.",,,"EcoAnalysts Inc.",
"c7782804-0fd2-424e-baa1-51d7ee0a62c6","D18","OKSR","OKSR.AOS.reach","2017-08-07T20:05Z","2017-08-07T20:05Z","OKSR.20170807.KICKNET.1",,,,"Sublettea sp.",,3,"OKSR.20170807.KICKNET.1.SUBLETTEA SP.",,,"EcoAnalysts Inc.",
"0b3003c7-48bb-4153-8789-3cb5adee8a5c","D18","OKSR","OKSR.AOS.reach","2017-08-07T20:05Z","2017-08-07T20:05Z","OKSR.20170807.KICKNET.3",,,,"Polypedilum scalaenum gr.",,4,"OKSR.20170807.KICKNET.3.POLYPEDILUM SCALAENUM GR.",,,"EcoAnalysts Inc.",
"250595c9-740d-4b1b-979a-c5215468d784","D18","OKSR","OKSR.AOS.reach","2017-08-07T20:05Z","2017-08-07T20:05Z","OKSR.20170807.KICKNET.1",,,,"Stempellinella sp.",,1,"OKSR.20170807.KICKNET.1.STEMPELLINELLA SP.",,,"EcoAnalysts Inc.",
"9e503b90-59d7-4d62-aea0-e5cc34d88f7f","D18","OKSR","OKSR.AOS.reach","2017-08-07T20:05Z","2017-08-07T20:05Z","OKSR.20170807.KICKNET.7",,,,"Euryhapsis sp.",,2,"OKSR.20170807.KICKNET.7.EURYHAPSIS SP.",,,"EcoAnalysts Inc.",
"f1385504-9f7f-4bd0-adff-d8ba02f4e6df","D18","OKSR","OKSR.AOS.reach","2017-08-07T20:05Z","2017-08-07T20:05Z","OKSR.20170807.SURBER.2",,,,"Micropsectra/Tanytarsus sp.",,1,"OKSR.20170807.SURBER.2.MICROPSECTRA/TANYTARSUS SP.",,,"EcoAnalysts Inc.",
"6cb64e28-fbd6-4867-9665-6d169c12ee33","D18","OKSR","OKSR.AOS.reach","2017-08-07T20:05Z","2017-08-07T20:05Z","OKSR.20170807.KICKNET.1",,,,"Tanytarsini sp.",,1,"OKSR.20170807.KICKNET.1.TANYTARSINI SP.",,,"EcoAnalysts Inc.",
"37f1fb21-3275-4c21-a192-51da9aef9579","D18","OKSR","OKSR.AOS.reach","2017-08-07T20:05Z","2017-08-07T20:05Z","OKSR.20170807.KICKNET.3",,,,"Paratanytarsus sp.",,2,"OKSR.20170807.KICKNET.3.PARATANYTARSUS SP.",,,"EcoAnalysts Inc.",
"0d6192ce-f690-4e76-8b31-1f84b96754d5","D18","OKSR","OKSR.AOS.reach","2017-08-07T20:05Z","2017-08-07T20:05Z","OKSR.20170807.KICKNET.3",,,,"Chironomus sp.",,1,"OKSR.20170807.KICKNET.3.CHIRONOMUS SP.",,,"EcoAnalysts Inc.",
"e5d65ac1-700b-4341-960e-3e8e44fed7c1","D18","OKSR","OKSR.AOS.reach","2017-08-07T20:05Z","2017-08-07T20:05Z","OKSR.20170807.KICKNET.1",,,,"Nemoura sp.",,3,"OKSR.20170807.KICKNET.1.NEMOURA SP.",,,"EcoAnalysts Inc.",
"28168f99-c421-457f-8385-3d4538aa3e86","D18","OKSR","OKSR.AOS.reach","2017-08-07T20:05Z","2017-08-07T20:05Z","OKSR.20170807.KICKNET.1",,,,"Synorthocladius sp.",,1,"OKSR.20170807.KICKNET.1.SYNORTHOCLADIUS SP.",,,"EcoAnalysts Inc.",
"a096675e-51bf-4599-8235-b948f4bc2edd","D18","OKSR","OKSR.AOS.reach","2017-08-07T20:05Z","2017-08-07T20:05Z","OKSR.20170807.KICKNET.3",,,,"Sergentia sp.",,2,"OKSR.20170807.KICKNET.3.SERGENTIA SP.",,,"EcoAnalysts Inc.",
"aecfb13f-f56f-46cd-a137-69e888f0c228","D18","OKSR","OKSR.AOS.reach","2017-08-07T20:05Z","2017-08-07T20:05Z","OKSR.20170807.KICKNET.1",,,,"Corynoneura sp.",,3,"OKSR.20170807.KICKNET.1.CORYNONEURA SP.",,,"EcoAnalysts Inc.",
"0c93a8f2-1c7b-4fe5-94db-6bdc2be818c9","D18","OKSR","OKSR.AOS.reach","2017-08-07T20:05Z","2017-08-07T20:05Z","OKSR.20170807.SURBER.4",,,,"Brachycentrus sp.",,1,"OKSR.20170807.SURBER.4.BRACHYCENTRUS SP.",,,"EcoAnalysts Inc.",
"e348e49e-af23-4c36-810b-b4d14dd58048","D18","OKSR","OKSR.AOS.reach","2017-08-07T20:05Z","2017-08-07T20:05Z","OKSR.20170807.KICKNET.8",,,,"Cricotopus sp.",,1,"OKSR.20170807.KICKNET.8.CRICOTOPUS SP.",,,"EcoAnalysts Inc.",
"992ae34a-d041-429f-a0d6-14b00d7f5f86","D18","OKSR","OKSR.AOS.reach","2017-08-07T20:05Z","2017-08-07T20:05Z","OKSR.20170807.SURBER.6",,,,"Oxyethira sp.",,1,"OKSR.20170807.SURBER.6.OXYETHIRA SP.",,,"EcoAnalysts Inc.",
"f735e827-5c9f-4f64-a38b-2597c77c93ea","D18","OKSR","OKSR.AOS.reach","2017-08-07T20:05Z","2017-08-07T20:05Z","OKSR.20170807.SURBER.4",,,,"Eukiefferiella sp.",,2,"OKSR.20170807.SURBER.4.EUKIEFFERIELLA SP.",,,"EcoAnalysts Inc.",
"5ebd3461-ae60-4540-bb16-9a4ac097d5e1","D18","OKSR","OKSR.AOS.reach","2017-08-07T20:05Z","2017-08-07T20:05Z","OKSR.20170807.KICKNET.1",,,,"Krenosmittia sp.",,3,"OKSR.20170807.KICKNET.1.KRENOSMITTIA SP.",,,"EcoAnalysts Inc.",
"69d9e375-4081-43ef-ad54-e3e98ae9b2cb","D18","OKSR","OKSR.AOS.reach","2017-08-07T20:05Z","2017-08-07T20:05Z","OKSR.20170807.KICKNET.5",,,,"Potthastia sp.",,1,"OKSR.20170807.KICKNET.5.POTTHASTIA SP.",,,"EcoAnalysts Inc.",
"fb6dae05-ae2a-45bd-8972-b3d8aa1007e8","D18","OKSR","OKSR.AOS.reach","2017-08-07T20:05Z","2017-08-07T20:05Z","OKSR.20170807.KICKNET.5",,,,"Limnophyes sp.",,1,"OKSR.20170807.KICKNET.5.LIMNOPHYES SP.",,,"EcoAnalysts Inc.",
"151bad6a-ce76-4c2d-8d5c-6412b191b693","D18","OKSR","OKSR.AOS.reach","2017-08-07T20:05Z","2017-08-07T20:05Z","OKSR.20170807.KICKNET.1",,,,"Thienemannimyia gr.",,3,"OKSR.20170807.KICKNET.1.THIENEMANNIMYIA GR.",,,"EcoAnalysts Inc.",
"b375cb7a-ad18-4390-8f1c-a1da748280c2","D18","OKSR","OKSR.AOS.reach","2017-08-07T20:05Z","2017-08-07T20:05Z","OKSR.20170807.KICKNET.3",,,,"Pristina sp.",,1,"OKSR.20170807.KICKNET.3.PRISTINA SP.",,,"EcoAnalysts Inc.",
"3907c91e-6080-4c3f-9e76-915701163ded","D18","OKSR","OKSR.AOS.reach","2017-08-07T20:05Z","2017-08-07T20:05Z","OKSR.20170807.KICKNET.1",,,,"Cladotanytarsus sp.",,3,"OKSR.20170807.KICKNET.1.CLADOTANYTARSUS SP.",,,"EcoAnalysts Inc.",
"59ee7d40-b255-44c1-9bba-ced9338d57e6","D18","OKSR","OKSR.AOS.reach","2017-08-07T20:05Z","2017-08-07T20:05Z","OKSR.20170807.SURBER.4",,,,"Cricotopus/Orthocladius sp.",,1,"OKSR.20170807.SURBER.4.CRICOTOPUS/ORTHOCLADIUS SP.",,,"EcoAnalysts Inc.",
