uid,domainID,siteID,namedLocation,decimalLatitude,decimalLongitude,coordinateUncertainty,geodeticDatum,elevation,elevationUncertainty,aquaticSiteType,collectDate,eventID,boutNumber,sampleID,sampleCode,sampleCondition,geneticSampleID,geneticSampleCode,geneticSampleCond,samplingProtocolVersion,samplingImpractical,biophysicalCriteria,habitatType,samplerType,sampleNumber,substratumSizeClass,benthicArea,ponarDepth,snagLength,snagDiameter,dnaSnagLength,dnaSnagDiameter,remarks,recordedBy,collectedBy,dataQF
"ac26c76e-6903-4786-9d59-b44e8f4491ab","D17","BIGC","BIGC.AOS.reach",37.059719,-119.257549,1000.0,"WGS84",1197.0,1000.0,"stream","2020-03-31T22:12Z","BIGC.20200331",1,,,,,,,"NEON.DOC.003046vE","logistical","unknown - logistical","riffle",,7,,,,,,,,"Cancellation due to COVID-19 protocol.","0000-0002-5454-7533",,
"f246ef37-8551-40fb-ade1-263c154dc40a","D17","BIGC","BIGC.AOS.reach",37.059719,-119.257549,1000.0,"WGS84",1197.0,1000.0,"stream","2020-03-31T22:12Z","BIGC.20200331",1,,,,,,,"NEON.DOC.003046vE","logistical","unknown - logistical","run",,4,,,,,,,,"Cancellation due to COVID-19 protocol.","0000-0002-5454-7533",,
"12da4807-ad5e-46be-ae49-dabe446e231e","D17","BIGC","BIGC.AOS.reach",37.059719,-119.257549,1000.0,"WGS84",1197.0,1000.0,"stream","2020-03-31T22:12Z","BIGC.20200331",1,,,,,,,"NEON.DOC.003046vE","logistical","unknown - logistical","run",,5,,,,,,,,"Cancellation due to COVID-19 protocol.","0000-0002-5454-7533",,
"5ed9af8b-5abe-41ed-bdde-de25c96f5ae9","D17","BIGC","BIGC.AOS.reach",37.059719,-119.257549,1000.0,"WGS84",1197.0,1000.0,"stream","2020-03-31T22:12Z","BIGC.20200331",1,,,,,,,"NEON.DOC.003046vE","logistical","unknown - logistical","run",,1,,,,,,,,"Cancellation due to COVID-19 protocol.","0000-0002-5454-7533",,
"c01a1c9f-ba95-4efb-b370-df21af12e2b4","D17","BIGC","BIGC.AOS.reach",37.059719,-119.257549,1000.0,"WGS84",1197.0,1000.0,"stream","2020-03-31T22:12Z","BIGC.20200331",1,,,,,,,"NEON.DOC.003046vE","logistical","unknown - logistical","run",,2,,,,,,,,"Cancellation due to COVID-19 protocol.","0000-0002-5454-7533",,
"b6ebdbbd-ef71-4c28-87ae-cdd835cb3861","D17","BIGC","BIGC.AOS.reach",37.059719,-119.257549,1000.0,"WGS84",1197.0,1000.0,"stream","2020-03-31T22:12Z","BIGC.20200331",1,,,,,,,"NEON.DOC.003046vE","logistical","unknown - logistical","riffle",,8,,,,,,,,"Cancellation due to COVID-19 protocol.","0000-0002-5454-7533",,
"d659047a-63e1-4917-8370-d37c48ddb658","D17","BIGC","BIGC.AOS.reach",37.059719,-119.257549,1000.0,"WGS84",1197.0,1000.0,"stream","2020-03-31T22:12Z","BIGC.20200331",1,,,,,,,"NEON.DOC.003046vE","logistical","unknown - logistical","run",,3,,,,,,,,"Cancellation due to COVID-19 protocol.","0000-0002-5454-7533",,
"e28f3daa-50ef-4d30-b7ec-0fbb61d40082","D17","BIGC","BIGC.AOS.reach",37.059719,-119.257549,1000.0,"WGS84",1197.0,1000.0,"stream","2020-03-31T22:12Z","BIGC.20200331",1,,,,,,,"NEON.DOC.003046vE","logistical","unknown - logistical","riffle",,6,,,,,,,,"Cancellation due to COVID-19 protocol.","0000-0002-5454-7533",,
