uid,domainID,siteID,namedLocation,decimalLatitude,decimalLongitude,coordinateUncertainty,geodeticDatum,elevation,elevationUncertainty,aquaticSiteType,collectDate,eventID,boutNumber,sampleID,sampleCode,sampleCondition,geneticSampleID,geneticSampleCode,geneticSampleCond,samplingProtocolVersion,samplingImpractical,biophysicalCriteria,habitatType,samplerType,sampleNumber,substratumSizeClass,benthicArea,ponarDepth,snagLength,snagDiameter,dnaSnagLength,dnaSnagDiameter,remarks,recordedBy,collectedBy,dataQF
"83fd2d31-40bb-437f-bcdd-940e2c1c3963","D08","MAYF","MAYF.AOS.reach",32.960365,-87.407688,1000.0,"WGS84",76.7,1000.0,"stream","2020-03-10T14:49Z","MAYF.20200310",1,,,,,,,"NEON.DOC.003046vE","logistical","unknown - logistical","riffle",,2,,,,,,,,"COVID19","0000-0002-9743-3915","0000-0002-9743-3915",
"3e8d2622-6bc4-4011-805c-c0daed98a530","D08","MAYF","MAYF.AOS.reach",32.960365,-87.407688,1000.0,"WGS84",76.7,1000.0,"stream","2020-03-10T14:49Z","MAYF.20200310",1,,,,,,,"NEON.DOC.003046vE","logistical","unknown - logistical","riffle",,1,,,,,,,,"COVID19","0000-0002-9743-3915","0000-0002-9743-3915",
"4e10187e-bbf6-421d-a764-e7837cc2ec09","D08","MAYF","MAYF.AOS.reach",32.960365,-87.407688,1000.0,"WGS84",76.7,1000.0,"stream","2020-03-10T14:49Z","MAYF.20200310",1,,,,,,,"NEON.DOC.003046vE","logistical","unknown - logistical","run",,1,,,,,,,,"COVID19","0000-0002-9743-3915","0000-0002-9743-3915",
"59198112-136d-4987-a42b-4621ad35fee9","D08","MAYF","MAYF.AOS.reach",32.960365,-87.407688,1000.0,"WGS84",76.7,1000.0,"stream","2020-03-10T14:49Z","MAYF.20200310",1,,,,,,,"NEON.DOC.003046vE","logistical","unknown - logistical","run",,5,,,,,,,,"COVID19","0000-0002-9743-3915","0000-0002-9743-3915",
"8df9e8b7-f7ee-44bd-a11a-fe2ba2463798","D08","MAYF","MAYF.AOS.reach",32.960365,-87.407688,1000.0,"WGS84",76.7,1000.0,"stream","2020-03-10T14:49Z","MAYF.20200310",1,,,,,,,"NEON.DOC.003046vE","logistical","unknown - logistical","run",,3,,,,,,,,"COVID19","0000-0002-9743-3915","0000-0002-9743-3915",
"5b4ddb2b-6c44-48e4-a03e-a1ad1fc5d23f","D08","MAYF","MAYF.AOS.reach",32.960365,-87.407688,1000.0,"WGS84",76.7,1000.0,"stream","2020-03-10T14:49Z","MAYF.20200310",1,,,,,,,"NEON.DOC.003046vE","logistical","unknown - logistical","run",,4,,,,,,,,"COVID19","0000-0002-9743-3915","0000-0002-9743-3915",
"8ffb9975-332e-4a99-8b7f-06430d78bc83","D08","MAYF","MAYF.AOS.reach",32.960365,-87.407688,1000.0,"WGS84",76.7,1000.0,"stream","2020-03-10T14:49Z","MAYF.20200310",1,,,,,,,"NEON.DOC.003046vE","logistical","unknown - logistical","riffle",,3,,,,,,,,"COVID19","0000-0002-9743-3915","0000-0002-9743-3915",
"29c84e8a-a1b4-453e-a889-fef98c65ad9e","D08","MAYF","MAYF.AOS.reach",32.960365,-87.407688,1000.0,"WGS84",76.7,1000.0,"stream","2020-03-10T14:49Z","MAYF.20200310",1,,,,,,,"NEON.DOC.003046vE","logistical","unknown - logistical","run",,2,,,,,,,,"COVID19","0000-0002-9743-3915","0000-0002-9743-3915",
