uid,domainID,siteID,namedLocation,decimalLatitude,decimalLongitude,coordinateUncertainty,geodeticDatum,elevation,elevationUncertainty,aquaticSiteType,collectDate,eventID,boutNumber,sampleID,sampleCode,sampleCondition,geneticSampleID,geneticSampleCode,geneticSampleCond,samplingProtocolVersion,samplingImpractical,biophysicalCriteria,habitatType,samplerType,sampleNumber,substratumSizeClass,benthicArea,ponarDepth,snagLength,snagDiameter,dnaSnagLength,dnaSnagDiameter,remarks,recordedBy,collectedBy,dataQF
"88f1b6f0-995c-4ee7-8070-ae414e63146a","D18","OKSR","OKSR.AOS.reach",68.669753,-149.143018,1000.0,"WGS84",766.0,1000.0,"stream","2018-07-09T18:31Z","OKSR.20180709",2,"OKSR.20180709.KICKNET.4","A00000028849",,,,,"NEON.DOC.003046vC",,,"run","modifiedKicknet",4,"cobble",0.250,,,,,,,"Tsurgener@battelleecology.org","Tsurgener@battelleecology.org",
"a46c03cc-ab65-46ec-8f42-6ad9f251f016","D18","OKSR","OKSR.AOS.reach",68.669753,-149.143018,1000.0,"WGS84",766.0,1000.0,"stream","2018-07-09T18:31Z","OKSR.20180709",2,"OKSR.20180709.KICKNET.1","A00000028839",,"OKSR.20180709.KICKNET.1.DNA","A00000028816",,"NEON.DOC.003046vC",,,"run","modifiedKicknet",1,"cobble",0.250,,,,,,,"Tsurgener@battelleecology.org","Tsurgener@battelleecology.org",
"54fe957d-3f81-45fa-921b-5e8b6105c179","D18","OKSR","OKSR.AOS.reach",68.669753,-149.143018,1000.0,"WGS84",766.0,1000.0,"stream","2018-07-09T18:31Z","OKSR.20180709",2,"OKSR.20180709.KICKNET.2","A00000028845",,,,,"NEON.DOC.003046vC",,,"run","modifiedKicknet",2,"cobble",0.250,,,,,,,"Tsurgener@battelleecology.org","Tsurgener@battelleecology.org",
"feb3c554-f005-4f8f-b5ab-107439065540","D18","OKSR","OKSR.AOS.reach",68.669753,-149.143018,1000.0,"WGS84",766.0,1000.0,"stream","2018-07-09T18:31Z","OKSR.20180709",2,"OKSR.20180709.SURBER.3","A00000028829",,,,,"NEON.DOC.003046vC",,,"riffle","surber",3,"cobble",0.093,,,,,,,"Tsurgener@battelleecology.org","Tsurgener@battelleecology.org",
"e7e376eb-05ff-4f9e-b8c0-ea5732fdf4ee","D18","OKSR","OKSR.AOS.reach",68.669753,-149.143018,1000.0,"WGS84",766.0,1000.0,"stream","2018-07-09T18:31Z","OKSR.20180709",2,"OKSR.20180709.KICKNET.5","A00000028831",,"OKSR.20180709.KICKNET.5.DNA","A00000028850",,"NEON.DOC.003046vC",,,"run","modifiedKicknet",5,"cobble",0.250,,,,,,,"Tsurgener@battelleecology.org","Tsurgener@battelleecology.org",
"86b763e7-5c60-49a3-a401-45746498e3c8","D18","OKSR","OKSR.AOS.reach",68.669753,-149.143018,1000.0,"WGS84",766.0,1000.0,"stream","2018-07-09T18:31Z","OKSR.20180709",2,"OKSR.20180709.SURBER.2","A00000028836",,,,,"NEON.DOC.003046vC",,,"riffle","surber",2,"cobble",0.093,,,,,,,"Tsurgener@battelleecology.org","Tsurgener@battelleecology.org",
"7ca72bd7-ef0e-41c6-843a-ceef77a5e69e","D18","OKSR","OKSR.AOS.reach",68.669753,-149.143018,1000.0,"WGS84",766.0,1000.0,"stream","2018-07-09T18:31Z","OKSR.20180709",2,"OKSR.20180709.SURBER.1","A00000027938",,,,,"NEON.DOC.003046vC",,,"riffle","surber",1,"cobble",0.093,,,,,,,"Tsurgener@battelleecology.org","Tsurgener@battelleecology.org",
"a690db8e-0ee6-4db5-b231-44c7584c0846","D18","OKSR","OKSR.AOS.reach",68.669753,-149.143018,1000.0,"WGS84",766.0,1000.0,"stream","2018-07-09T18:31Z","OKSR.20180709",2,"OKSR.20180709.KICKNET.3","A00000028821",,"OKSR.20180709.KICKNET.3.DNA","A00000028851",,"NEON.DOC.003046vC",,,"run","modifiedKicknet",3,"cobble",0.250,,,,,,,"Tsurgener@battelleecology.org","Tsurgener@battelleecology.org",
