uid,domainID,siteID,namedLocation,collectDate,sortDate,qcSortDate,sampleID,sampleCode,mixedInvertVialID,mixedInvertVialCode,chironomidVialID,chironomidVialCode,oligochaeteVialID,oligochaeteVialCode,largeInvertVialID,largeInvertVialCode,testProtocolVersion,primaryMatrix,preRinseVolume,postRinseVolume,subsamplePercent,qcSortingEfficacy,qcIterationCount,qcPercentSimilarity,laboratoryName,sortedBy,qcSortedBy,benchRemarks,dataQF,qcEnumerationDifference,qcTaxonomicDifference
"428cc21b-a752-470a-b720-07e6822b57ba","D18","OKSR","OKSR.AOS.reach","2018-07-09T18:31Z","2018-10-04","2018-10-05","OKSR.20180709.SURBER.1","A00000027938","OKSR.20180709.SURBER.1",,,,,,,,"ECOANALYSTS_Macroinvertebrate_Identification_Revision4","coarse organic",0.05,0.05,100.0,94.6,1,,"EcoAnalysts Inc.","EIXK88y38gIHpPmL0qzVDQ==","nvO9dEMKYf3II1WEm9Fr0w==",,,1.6,5.8
"f7ace51c-c60b-49c8-88d5-ee9ffc2c3ecd","D18","OKSR","OKSR.AOS.reach","2018-07-09T18:31Z","2018-10-05","2018-10-07","OKSR.20180709.KICKNET.5","A00000028831","OKSR.20180709.KICKNET.5",,,,,,,,"ECOANALYSTS_Macroinvertebrate_Identification_Revision4","fine organic",0.13,0.08,41.7,96.4,1,,"EcoAnalysts Inc.","EIXK88y38gIHpPmL0qzVDQ==","nvO9dEMKYf3II1WEm9Fr0w==","0.05 silt washout",,,
"62e40eda-88f3-4c7e-99d1-bc622ed10f03","D18","OKSR","OKSR.AOS.reach","2018-07-09T18:31Z","2018-10-04","2018-10-05","OKSR.20180709.SURBER.2","A00000028836","OKSR.20180709.SURBER.2",,,,,,,,"ECOANALYSTS_Macroinvertebrate_Identification_Revision4","fine organic",0.01,0.01,100.0,92.9,1,,"EcoAnalysts Inc.","z3wo8/+tr2E3/uMn/wCDLw==","nvO9dEMKYf3II1WEm9Fr0w==",,,,
"e10f1352-7fe2-4957-adce-7dcdc455f694","D18","OKSR","OKSR.AOS.reach","2018-07-09T18:31Z","2018-10-05","2018-10-07","OKSR.20180709.KICKNET.2","A00000028845","OKSR.20180709.KICKNET.2",,,,,,,,"ECOANALYSTS_Macroinvertebrate_Identification_Revision4","fine organic",0.05,0.03,53.1,98.7,1,,"EcoAnalysts Inc.","1vcFwuCrweea3e6drzmsAw==","nvO9dEMKYf3II1WEm9Fr0w==",".02 washout of sediment",,,
"562066cf-8c1e-499c-b636-59be39ec80e8","D18","OKSR","OKSR.AOS.reach","2018-07-09T18:31Z","2018-10-04","2018-10-05","OKSR.20180709.SURBER.3","A00000028829","OKSR.20180709.SURBER.3",,,,,,,,"ECOANALYSTS_Macroinvertebrate_Identification_Revision4","fine organic",0.06,0.03,43.8,91.8,1,,"EcoAnalysts Inc.","1vcFwuCrweea3e6drzmsAw==","nvO9dEMKYf3II1WEm9Fr0w==",".03 washout of sediment",,,
"a26c6999-a158-40c7-80ba-58aa7892a42e","D18","OKSR","OKSR.AOS.reach","2018-07-09T18:31Z","2018-10-04","2018-10-05","OKSR.20180709.KICKNET.4","A00000028849","OKSR.20180709.KICKNET.4",,,,,,,,"ECOANALYSTS_Macroinvertebrate_Identification_Revision4","coarse organic",0.05,0.05,25.0,90.3,1,,"EcoAnalysts Inc.","z3wo8/+tr2E3/uMn/wCDLw==","nvO9dEMKYf3II1WEm9Fr0w==",,,,
"fcd9b4ed-3ef9-4214-a9ae-11313469ab9d","D18","OKSR","OKSR.AOS.reach","2018-07-09T18:31Z","2018-10-07","2018-10-08","OKSR.20180709.KICKNET.1","A00000028839","OKSR.20180709.KICKNET.1",,,,,,,,"ECOANALYSTS_Macroinvertebrate_Identification_Revision4","fine organic",0.10,0.10,66.7,93.7,1,,"EcoAnalysts Inc.","EIXK88y38gIHpPmL0qzVDQ==","nvO9dEMKYf3II1WEm9Fr0w==",,,,
"e187dba2-0230-4e6d-b6a2-c0bf9c7a547e","D18","OKSR","OKSR.AOS.reach","2018-07-09T18:31Z","2018-10-05","2018-10-07","OKSR.20180709.KICKNET.3","A00000028821","OKSR.20180709.KICKNET.3",,,,,,,,"ECOANALYSTS_Macroinvertebrate_Identification_Revision4","coarse organic",0.05,0.05,56.3,98.4,1,,"EcoAnalysts Inc.","z3wo8/+tr2E3/uMn/wCDLw==","nvO9dEMKYf3II1WEm9Fr0w==",,,,
