uid,domainID,siteID,namedLocation,startDate,collectDate,sampleID,sampleCode,slideID,slideCode,scientificName,morphospeciesID,referenceCount,referenceID,referenceCode,archiveLabSampleMedium,laboratoryName,dataQF
"ea237bac-0429-49c6-8700-4f8aaa8ffba2","D18","OKSR","OKSR.AOS.reach","2018-07-09T18:31Z","2018-07-09T18:31Z","OKSR.20180709.KICKNET.1","A00000028839",,,"Mesocapnia sp.",,1,"OKSR.20180709.KICKNET.1.MESOCAPNIA SP.",,,"EcoAnalysts Inc.",
"f06285f6-92b5-4d27-b492-c638ab1d4c79","D18","OKSR","OKSR.AOS.reach","2018-07-09T18:31Z","2018-07-09T18:31Z","OKSR.20180709.KICKNET.2","A00000028845",,,"Rhyacophila sp.",,1,"OKSR.20180709.KICKNET.2.RHYACOPHILA SP.",,,"EcoAnalysts Inc.",
"e81c204e-9f11-4bcf-92c2-229d8ef36d63","D18","OKSR","OKSR.AOS.reach","2018-07-09T18:31Z","2018-07-09T18:31Z","OKSR.20180709.KICKNET.1","A00000028839",,,"Plumiperla diversa",,2,"OKSR.20180709.KICKNET.1.PLUMIPERLA DIVERSA",,,"EcoAnalysts Inc.",
"05cbe263-6ce7-4e82-9c8c-276291d22d23","D18","OKSR","OKSR.AOS.reach","2018-07-09T18:31Z","2018-07-09T18:31Z","OKSR.20180709.KICKNET.5","A00000028831",,,"Heterotanytarsus sp.",,1,"OKSR.20180709.KICKNET.5.HETEROTANYTARSUS SP.",,,"EcoAnalysts Inc.",
"ec03194b-4e6d-4b59-9465-41286c065922","D18","OKSR","OKSR.AOS.reach","2018-07-09T18:31Z","2018-07-09T18:31Z","OKSR.20180709.SURBER.1","A00000027938",,,"Stegopterna sp.",,1,"OKSR.20180709.SURBER.1.STEGOPTERNA SP.",,,"EcoAnalysts Inc.",
"fd3a6494-eaac-479c-b879-4f20ccf3db26","D18","OKSR","OKSR.AOS.reach","2018-07-09T18:31Z","2018-07-09T18:31Z","OKSR.20180709.KICKNET.3","A00000028821",,,"Cricotopus bicinctus gr.",,1,"OKSR.20180709.KICKNET.3.CRICOTOPUS BICINCTUS GR.",,,"EcoAnalysts Inc.",
"78bca960-4767-4ada-adae-50e55bb2167b","D18","OKSR","OKSR.AOS.reach","2018-07-09T18:31Z","2018-07-09T18:31Z","OKSR.20180709.KICKNET.1","A00000028839",,,"Chloroperlidae sp.",,3,"OKSR.20180709.KICKNET.1.CHLOROPERLIDAE SP.",,,"EcoAnalysts Inc.",
"c80ba509-7a90-454c-bcbf-053661a84c72","D18","OKSR","OKSR.AOS.reach","2018-07-09T18:31Z","2018-07-09T18:31Z","OKSR.20180709.KICKNET.5","A00000028831",,,"Neozavrelia sp.",,4,"OKSR.20180709.KICKNET.5.NEOZAVRELIA SP.",,,"EcoAnalysts Inc.",
"bdcffe15-2e12-4d84-bb48-b80b0452f8cc","D18","OKSR","OKSR.AOS.reach","2018-07-09T18:31Z","2018-07-09T18:31Z","OKSR.20180709.SURBER.2","A00000028836",,,"Eukiefferiella brevicalcar gr.",,3,"OKSR.20180709.SURBER.2.EUKIEFFERIELLA BREVICALCAR GR.",,,"EcoAnalysts Inc.",
"4b52cbda-a425-43c5-a821-83616bcfe3b6","D18","OKSR","OKSR.AOS.reach","2018-07-09T18:31Z","2018-07-09T18:31Z","OKSR.20180709.KICKNET.4","A00000028849",,,"Valvata lewisi",,2,"OKSR.20180709.KICKNET.4.VALVATA LEWISI",,,"EcoAnalysts Inc.",
"ac5244fe-1aba-46c1-8b6a-3e48eefd887a","D18","OKSR","OKSR.AOS.reach","2018-07-09T18:31Z","2018-07-09T18:31Z","OKSR.20180709.KICKNET.1","A00000028839",,,"Dicosmoecus sp.",,1,"OKSR.20180709.KICKNET.1.DICOSMOECUS SP.",,,"EcoAnalysts Inc.",
"7926ad60-e4f8-4795-b216-36b27a2f2cda","D18","OKSR","OKSR.AOS.reach","2018-07-09T18:31Z","2018-07-09T18:31Z","OKSR.20180709.SURBER.1","A00000027938",,,"Matriella teresa",,1,"OKSR.20180709.SURBER.1.MATRIELLA TERESA",,,"EcoAnalysts Inc.",
"def05000-0c36-4746-a449-e7303542e892","D18","OKSR","OKSR.AOS.reach","2018-07-09T18:31Z","2018-07-09T18:31Z","OKSR.20180709.KICKNET.2","A00000028845",,,"Clinocera sp.",,3,"OKSR.20180709.KICKNET.2.CLINOCERA SP.",,,"EcoAnalysts Inc.",
"e8cc0d6e-de3d-4285-b587-db1397892b16","D18","OKSR","OKSR.AOS.reach","2018-07-09T18:31Z","2018-07-09T18:31Z","OKSR.20180709.SURBER.2","A00000028836",,,"Capniidae sp.",,1,"OKSR.20180709.SURBER.2.CAPNIIDAE SP.",,,"EcoAnalysts Inc.",
"eee2a68e-0dd6-411d-b848-55bd79926c86","D18","OKSR","OKSR.AOS.reach","2018-07-09T18:31Z","2018-07-09T18:31Z","OKSR.20180709.KICKNET.4","A00000028849",,,"Orthocladius annectens","(Symposiocladius)",1,"OKSR.20180709.KICKNET.4.ORTHOCLADIUS ANNECTENS",,,"EcoAnalysts Inc.",
"fb890bb8-5626-4fdf-a193-5a0655e3a9e8","D18","OKSR","OKSR.AOS.reach","2018-07-09T18:31Z","2018-07-09T18:31Z","OKSR.20180709.KICKNET.1","A00000028839",,,"Acentrella feropagus",,2,"OKSR.20180709.KICKNET.1.ACENTRELLA FEROPAGUS",,,"EcoAnalysts Inc.",
"aa072e55-7b47-4e4b-a6f2-419627a8eaba","D18","OKSR","OKSR.AOS.reach","2018-07-09T18:31Z","2018-07-09T18:31Z","OKSR.20180709.KICKNET.2","A00000028845",,,"Empididae sp.",,2,"OKSR.20180709.KICKNET.2.EMPIDIDAE SP.",,,"EcoAnalysts Inc.",
