uid,domainID,siteID,namedLocation,collectDate,identifiedDate,sampleID,sampleCode,slideID,taxonID,targetTaxaPresent,scientificName,morphospeciesID,taxonRank,phylum,subphylum,class,subclass,infraclass,superorder,order,suborder,infraorder,superfamily,family,subfamily,tribe,subtribe,genus,specificEpithet,infraspecificEpithet,invertebrateLifeStage,sizeClass,sizeCategory,individualCount,subsamplePercent,estimatedTotalCount,immatureSpecimen,indeterminateSpecies,sampleCondition,distinctTaxon,taxonDatabaseID,taxonDatabaseName,identificationQualifier,identificationReferences,qcChecked,laboratoryName,identifiedBy,identificationRemarks,dataQF
"78bbbe49-b49f-4fd1-9758-5d7e0baaaa68","D08","MAYF","MAYF.AOS.reach","2021-07-21T14:02Z","2022-01-11","MAYF.20210721.SNAG.5","A00000147686",,"CLASP6","Y","Cladotanytarsus sp.",,,"Arthropoda","Hexapoda","Insecta","Pterygota",,,"Diptera","Nematocera",,,"Chironomidae","Chironominae","Tanytarsini",,"Cladotanytarsus",,,"larva",1,,3,100,3,"N","N","condition OK","Y",,,,"Weiderholm, 1983; Weiderholm, 1986; Epler 2001; Ferrington et al. 2019; Andersen, Cranston and Epler 2013","Y","Rhithron Associates, Inc.","A. Fasbender",,
"27566162-624b-4193-97f8-83606dcc2808","D08","MAYF","MAYF.AOS.reach","2021-07-21T14:02Z","2022-01-11","MAYF.20210721.SNAG.4","A00000147685",,"TANSP11","Y","Tanytarsus sp.",,,"Arthropoda","Hexapoda","Insecta","Pterygota",,,"Diptera","Nematocera",,,"Chironomidae","Chironominae","Tanytarsini",,"Tanytarsus",,,"larva",1,,1,100,1,"N","N","condition OK","Y",,,,"Weiderholm, 1983; Weiderholm, 1986; Epler 2001; Ferrington et al. 2019; Andersen, Cranston and Epler 2013","N","Rhithron Associates, Inc.","A. Fasbender",,
"e9c1e7a3-bea8-4f80-9a02-2561c02fa1ff","D08","MAYF","MAYF.AOS.reach","2021-07-21T14:02Z","2022-01-11","MAYF.20210721.SNAG.3","A00000147675",,"THIGRO","Y","Thienemannimyia gr.",,,"Arthropoda","Hexapoda","Insecta","Pterygota",,,"Diptera","Nematocera",,,"Chironomidae","Tanypodinae","Pentaneurini",,,,,"larva",2,,2,100,2,"Y","N","condition OK","Y",,,,"Weiderholm, 1983; Weiderholm, 1986; Epler 2001; Ferrington et al. 2008; Andersen, Cranston and Epler 2017","N","Rhithron Associates, Inc.","A. Fasbender",,
"ab06c50d-7c2b-4063-bf60-e37d73ef18b8","D08","MAYF","MAYF.AOS.reach","2021-07-21T14:02Z","2022-01-11","MAYF.20210721.SNAG.5","A00000147686",,"STEPER","Y","Kribiodorum perpulchrum",,,"Arthropoda","Hexapoda","Insecta","Pterygota",,,"Diptera","Nematocera",,,"Chironomidae","Chironominae","Chironomini",,"Kribiodorum",,,"larva",2,,2,100,2,"N","N","condition OK","Y",,,,"Weiderholm, 1983; Weiderholm, 1986; Epler 2001; Ferrington et al. 2008; Andersen, Cranston and Epler 2013","Y","Rhithron Associates, Inc.","A. Fasbender",,
"4f9bc4ca-f9ff-41c4-a696-1fa7831f9ef4","D08","MAYF","MAYF.AOS.reach","2021-07-21T14:02Z","2022-01-11","MAYF.20210721.SNAG.3","A00000147675",,"THIGRO","Y","Thienemannimyia gr.",,,"Arthropoda","Hexapoda","Insecta","Pterygota",,,"Diptera","Nematocera",,,"Chironomidae","Tanypodinae","Pentaneurini",,,,,"larva",1,,3,100,3,"Y","N","condition OK","Y",,,,"Weiderholm, 1983; Weiderholm, 1986; Epler 2001; Ferrington et al. 2008; Andersen, Cranston and Epler 2017","N","Rhithron Associates, Inc.","A. Fasbender",,
"c343a861-6813-4c7d-9c33-22e1d8e29b6c","D08","MAYF","MAYF.AOS.reach","2021-07-21T14:02Z","2022-01-11","MAYF.20210721.SNAG.4","A00000147685",,"STEPER","Y","Kribiodorum perpulchrum",,,"Arthropoda","Hexapoda","Insecta","Pterygota",,,"Diptera","Nematocera",,,"Chironomidae","Chironominae","Chironomini",,"Kribiodorum",,,"larva",2,,2,100,2,"N","N","condition OK","Y",,,,"Weiderholm, 1983; Weiderholm, 1986; Epler 2001; Ferrington et al. 2008; Andersen, Cranston and Epler 2013","N","Rhithron Associates, Inc.","A. Fasbender",,
"3e317726-eba0-428c-b859-39908adf2ff1","D08","MAYF","MAYF.AOS.reach","2021-07-21T14:02Z","2022-01-11","MAYF.20210721.SNAG.4","A00000147685",,"STESP8","Y","Stenochironomus sp.",,,"Arthropoda","Hexapoda","Insecta","Pterygota",,,"Diptera","Nematocera",,,"Chironomidae","Chironominae","Chironomini",,"Stenochironomus",,,"larva",4,,1,100,1,"N","N","condition OK","Y",,,,"Weiderholm, 1983; Weiderholm, 1986; Epler 2001; Ferrington et al. 2019; Andersen, Cranston and Epler 2013","N","Rhithron Associates, Inc.","A. Fasbender",,
"9fac7cf4-2300-49d0-862e-e099cad824fb","D08","MAYF","MAYF.AOS.reach","2021-07-21T14:02Z","2022-01-11","MAYF.20210721.SNAG.4","A00000147685",,"PARSP26","Y","Parametriocnemus sp.",,,"Arthropoda","Hexapoda","Insecta","Pterygota",,,"Diptera","Nematocera",,,"Chironomidae","Orthocladiinae",,,"Parametriocnemus",,,"larva",4,,2,100,2,"N","N","condition OK","Y",,,,"Weiderholm, 1983; Weiderholm, 1986; Epler 2001; Ferrington et al. 2019; Andersen, Cranston and Epler 2013","N","Rhithron Associates, Inc.","A. Fasbender",,
"85cf4831-e8c7-4623-b763-f1c5e152237d","D08","MAYF","MAYF.AOS.reach","2021-07-21T14:02Z","2022-01-11","MAYF.20210721.SNAG.5","A00000147686",,"NIGSP","Y","Nigronia sp.",,,"Arthropoda","Hexapoda","Insecta","Pterygota",,,"Megaloptera",,,,"Corydalidae","Chauliodinae",,,"Nigronia",,,"larva",4,,1,100,1,"N","N","condition OK","Y",,,,"Merritt et al. 2019","Y","Rhithron Associates, Inc.","J. Webb",,
"3e515f20-a2b6-4a2e-bf4b-c5f90534e35b","D08","MAYF","MAYF.AOS.reach","2021-07-21T14:02Z","2022-01-11","MAYF.20210721.SNAG.4","A00000147685",,"SIMSP1","Y","Simulium sp.",,,"Arthropoda","Hexapoda","Insecta","Pterygota",,,"Diptera","Nematocera",,,"Simuliidae","Simuliinae","Simuliini",,"Simulium",,,"larva",2,,6,100,6,"N","N","condition OK","Y",,,,"Adler et al. 2004; Merritt et al. 2019","N","Rhithron Associates, Inc.","J. Webb",,
"c15fd218-737a-4257-ad5a-6c3346fe97f9","D08","MAYF","MAYF.AOS.reach","2021-07-21T14:02Z","2022-01-11","MAYF.20210721.SNAG.4","A00000147685",,"THISP2","Y","Thienemanniella sp.",,,"Arthropoda","Hexapoda","Insecta","Pterygota",,,"Diptera","Nematocera",,,"Chironomidae","Orthocladiinae",,,"Thienemanniella",,,"larva",1,,1,100,1,"N","N","condition OK","Y",,,,"Weiderholm, 1983; Weiderholm, 1986; Epler 2001; Ferrington et al. 2019; Andersen, Cranston and Epler 2013","N","Rhithron Associates, Inc.","A. Fasbender",,
"03db9854-a64f-4b03-a5e6-f983c5d97476","D08","MAYF","MAYF.AOS.reach","2021-07-21T14:02Z","2022-01-11","MAYF.20210721.CORE.3","A00000147676",,"POLLAE","Y","Polypedilum laetum",,,"Arthropoda","Hexapoda","Insecta","Pterygota",,,"Diptera","Nematocera",,,"Chironomidae","Chironominae","Chironomini",,"Polypedilum",,,"larva",3,,1,100,1,"N","N","condition OK","Y",,,,"Weiderholm, 1983; Weiderholm, 1986; Epler 2001; Ferrington et al. 2019; Andersen, Cranston and Epler 2013","N","Rhithron Associates, Inc.","A. Fasbender",,
"0a1d0b93-924d-4fb4-971d-0631b4f583b5","D08","MAYF","MAYF.AOS.reach","2021-07-21T14:02Z","2022-01-11","MAYF.20210721.SNAG.4","A00000147685",,"HYDSP23","Y","Hydropsyche sp.",,,"Arthropoda","Hexapoda","Insecta","Pterygota",,,"Trichoptera",,,,"Hydropsychidae","Hydropsychinae",,,"Hydropsyche",,,"larva",3,,5,100,5,"N","N","condition OK","Y",,,,"Wiggins, 1996; Geraci, 2010","N","Rhithron Associates, Inc.","J. Webb",,
"691e8133-e9b6-4ef3-9be1-77a7437c04d5","D08","MAYF","MAYF.AOS.reach","2021-07-21T14:02Z","2022-01-11","MAYF.20210721.SNAG.5","A00000147686",,"RHESP2","Y","Rheotanytarsus sp.",,,"Arthropoda","Hexapoda","Insecta","Pterygota",,,"Diptera","Nematocera",,,"Chironomidae","Chironominae","Tanytarsini",,"Rheotanytarsus",,,"larva",1,,8,100,8,"Y","N","condition OK","Y",,,,"Weiderholm, 1983; Weiderholm, 1986; Epler 2001; Ferrington et al. 2019; Andersen, Cranston and Epler 2013","Y","Rhithron Associates, Inc.","A. Fasbender",,
"be8d44ad-3f5e-4046-8d30-25365c75f819","D08","MAYF","MAYF.AOS.reach","2021-07-21T14:02Z","2022-01-11","MAYF.20210721.SNAG.5","A00000147686",,"SPESP5","Y","Sperchonopsis sp.",,,"Arthropoda","Chelicerata","Arachnida","Acari",,,"Trombidiformes","Prostigmata",,,"Sperchontidae",,,,"Sperchonopsis",,,"adult",1,,7,100,7,"N","N","condition OK","Y",,,,"Thorp and Rogers 2016","Y","Rhithron Associates, Inc.","J. Webb",,
"de283755-b301-4247-ba94-d3d92dc54a89","D08","MAYF","MAYF.AOS.reach","2021-07-21T14:02Z","2022-01-11","MAYF.20210721.SNAG.5","A00000147686",,"HEPSP","Y","Heptageniidae sp.",,,"Arthropoda","Hexapoda","Insecta","Pterygota",,,"Ephemeroptera","Pisciforma",,,"Heptageniidae",,,,,,,"larva",1,,4,100,4,"Y","N","condition OK","Y",,,,"Merritt et al. 2019","Y","Rhithron Associates, Inc.","J. Webb",,
"0d73d479-c465-4dc4-9073-4bce8bb289f2","D08","MAYF","MAYF.AOS.reach","2021-07-21T14:02Z","2022-01-11","MAYF.20210721.SNAG.1","A00000147669",,"CERSP10","Y","Ceratopogoninae sp.",,,"Arthropoda","Hexapoda","Insecta","Pterygota",,,"Diptera","Nematocera",,,"Ceratopogonidae","Ceratopogoninae",,,,,,"larva",1,,4,100,4,"N","N","condition OK","Y",,,,"Merritt et al. 2019","N","Rhithron Associates, Inc.","B. Moore",,
"0fd78999-d332-4227-846e-0b6e44befd31","D08","MAYF","MAYF.AOS.reach","2021-07-21T14:02Z","2022-01-11","MAYF.20210721.SNAG.5","A00000147686",,"STEPER","Y","Kribiodorum perpulchrum",,,"Arthropoda","Hexapoda","Insecta","Pterygota",,,"Diptera","Nematocera",,,"Chironomidae","Chironominae","Chironomini",,"Kribiodorum",,,"larva",1,,1,100,1,"N","N","condition OK","Y",,,,"Weiderholm, 1983; Weiderholm, 1986; Epler 2001; Ferrington et al. 2008; Andersen, Cranston and Epler 2013","Y","Rhithron Associates, Inc.","A. Fasbender",,
"7ba7b07d-e087-4e8d-bb8f-d080d91e89d6","D08","MAYF","MAYF.AOS.reach","2021-07-21T14:02Z","2022-01-11","MAYF.20210721.SNAG.5","A00000147686",,"RHESP1","Y","Rheocricotopus sp.",,,"Arthropoda","Hexapoda","Insecta","Pterygota",,,"Diptera","Nematocera",,,"Chironomidae","Orthocladiinae",,,"Rheocricotopus",,,"larva",3,,2,100,2,"N","N","condition OK","Y",,,,"Weiderholm, 1983; Weiderholm, 1986; Epler 2001; Ferrington et al. 2019; Andersen, Cranston and Epler 2013","Y","Rhithron Associates, Inc.","A. Fasbender",,
"1997b187-1584-424e-99fb-73457f7edb8e","D08","MAYF","MAYF.AOS.reach","2021-07-21T14:02Z","2022-01-11","MAYF.20210721.CORE.3","A00000147676",,"CERSP10","Y","Ceratopogoninae sp.",,,"Arthropoda","Hexapoda","Insecta","Pterygota",,,"Diptera","Nematocera",,,"Ceratopogonidae","Ceratopogoninae",,,,,,"larva",6,,1,100,1,"N","N","condition OK","Y",,,,"Merritt et al. 2019","N","Rhithron Associates, Inc.","B. Moore",,
"50db833d-8bc9-45a1-907c-7772a84be104","D08","MAYF","MAYF.AOS.reach","2021-07-21T14:02Z","2022-01-11","MAYF.20210721.SNAG.3","A00000147675",,"HEMSP4","Y","Hemerodromia sp.",,,"Arthropoda","Hexapoda","Insecta","Pterygota",,,"Diptera","Brachycera",,,"Empididae","Hemerodromiinae","Hemerodromiini",,"Hemerodromia",,,"larva",1,,2,100,2,"N","N","condition OK","Y",,,,"Merritt et al. 2019","N","Rhithron Associates, Inc.","B. Moore",,
"cc3b15b1-1f3f-4940-a7f2-f419b8c3946e","D08","MAYF","MAYF.AOS.reach","2021-07-21T14:02Z","2022-01-11","MAYF.20210721.SNAG.5","A00000147686",,"HYDSP5","Y","Hydroptilidae sp.",,,"Arthropoda","Hexapoda","Insecta","Pterygota",,,"Trichoptera",,,,"Hydroptilidae",,,,,,,"larva",1,,3,100,3,"Y","N","condition OK","N",,,,"Wiggins 1996; Merritt et al. 2019","Y","Rhithron Associates, Inc.","J. Webb",,
"f025c83d-e827-48aa-8131-a08f59816cb0","D08","MAYF","MAYF.AOS.reach","2021-07-21T14:02Z","2022-01-11","MAYF.20210721.SNAG.5","A00000147686",,"RHESP1","Y","Rheocricotopus sp.",,,"Arthropoda","Hexapoda","Insecta","Pterygota",,,"Diptera","Nematocera",,,"Chironomidae","Orthocladiinae",,,"Rheocricotopus",,,"larva",2,,4,100,4,"N","N","condition OK","Y",,,,"Weiderholm, 1983; Weiderholm, 1986; Epler 2001; Ferrington et al. 2019; Andersen, Cranston and Epler 2013","Y","Rhithron Associates, Inc.","A. Fasbender",,
"5ea152ce-8966-4291-b783-934dcce3dd24","D08","MAYF","MAYF.AOS.reach","2021-07-21T14:02Z","2022-01-11","MAYF.20210721.SNAG.5","A00000147686",,"HYGSP2","Y","Hygrobates sp.",,,"Arthropoda","Chelicerata","Arachnida","Acari",,,"Trombidiformes","Prostigmata",,,"Hygrobatidae",,,,"Hygrobates",,,"adult",1,,1,100,1,"N","N","condition OK","Y",,,,"Thorp and Rogers 2016","Y","Rhithron Associates, Inc.","J. Webb",,
"72241049-7bbb-4f65-83c8-216ee76e41e7","D08","MAYF","MAYF.AOS.reach","2021-07-21T14:02Z","2022-01-11","MAYF.20210721.SNAG.5","A00000147686",,"HYDSP23","Y","Hydropsyche sp.",,,"Arthropoda","Hexapoda","Insecta","Pterygota",,,"Trichoptera",,,,"Hydropsychidae","Hydropsychinae",,,"Hydropsyche",,,"larva",3,,2,100,2,"N","N","condition OK","Y",,,,"Wiggins, 1996; Geraci, 2010","Y","Rhithron Associates, Inc.","J. Webb",,
"6de4f35c-84a7-4ada-ae50-731e303a0494","D08","MAYF","MAYF.AOS.reach","2021-07-21T14:02Z","2022-01-11","MAYF.20210721.SNAG.5","A00000147686",,"PERSP6","Y","Perlesta sp.",,,"Arthropoda","Hexapoda","Insecta","Pterygota",,,"Plecoptera","Systellognatha",,,"Perlidae","Acroneuriinae","Acroneuriini",,"Perlesta",,,"larva",5,,2,100,2,"N","N","condition OK","Y",,,,"Stewart and Stark 2002; Merritt et al. 2019","Y","Rhithron Associates, Inc.","J. Webb",,
"16ce2d07-115b-40ef-8c27-0ab61f7b274b","D08","MAYF","MAYF.AOS.reach","2021-07-21T14:02Z","2022-01-11","MAYF.20210721.SNAG.3","A00000147675",,"STEPER","Y","Kribiodorum perpulchrum",,,"Arthropoda","Hexapoda","Insecta","Pterygota",,,"Diptera","Nematocera",,,"Chironomidae","Chironominae","Chironomini",,"Kribiodorum",,,"larva",2,,1,100,1,"N","N","condition OK","Y",,,,"Weiderholm, 1983; Weiderholm, 1986; Epler 2001; Ferrington et al. 2008; Andersen, Cranston and Epler 2013","N","Rhithron Associates, Inc.","A. Fasbender",,
"f9bebe5b-a2d4-47f3-a033-f0c433d75df7","D08","MAYF","MAYF.AOS.reach","2021-07-21T14:02Z","2022-01-11","MAYF.20210721.SNAG.5","A00000147686",,"RHESP1","Y","Rheocricotopus sp.",,,"Arthropoda","Hexapoda","Insecta","Pterygota",,,"Diptera","Nematocera",,,"Chironomidae","Orthocladiinae",,,"Rheocricotopus",,,"larva",1,,1,100,1,"N","N","condition OK","Y",,,,"Weiderholm, 1983; Weiderholm, 1986; Epler 2001; Ferrington et al. 2019; Andersen, Cranston and Epler 2013","Y","Rhithron Associates, Inc.","A. Fasbender",,
"6effa959-d7a3-4271-8f36-fba747063b59","D08","MAYF","MAYF.AOS.reach","2021-07-21T14:02Z","2022-01-11","MAYF.20210721.SNAG.4","A00000147685",,"DIPSP8","Y","Diplectrona sp.",,,"Arthropoda","Hexapoda","Insecta","Pterygota",,,"Trichoptera",,,,"Hydropsychidae","Diplectroninae",,,"Diplectrona",,,"larva",2,,1,100,1,"N","N","condition OK","Y",,,,"Wiggins 1996","N","Rhithron Associates, Inc.","J. Webb",,
"e6b3a4d1-045c-4f21-8f10-4f6fb7c8b5e0","D08","MAYF","MAYF.AOS.reach","2021-07-21T14:02Z","2022-01-11","MAYF.20210721.SNAG.5","A00000147686",,"TANSP11","Y","Tanytarsus sp.",,,"Arthropoda","Hexapoda","Insecta","Pterygota",,,"Diptera","Nematocera",,,"Chironomidae","Chironominae","Tanytarsini",,"Tanytarsus",,,"larva",1,,36,100,36,"N","N","condition OK","Y",,,,"Weiderholm, 1983; Weiderholm, 1986; Epler 2001; Ferrington et al. 2019; Andersen, Cranston and Epler 2013","Y","Rhithron Associates, Inc.","A. Fasbender",,
"214dbc37-7fa8-42db-96a0-858fd8609ab1","D08","MAYF","MAYF.AOS.reach","2021-07-21T14:02Z","2022-01-11","MAYF.20210721.SNAG.1","A00000147669",,"TANSP11","Y","Tanytarsus sp.",,,"Arthropoda","Hexapoda","Insecta","Pterygota",,,"Diptera","Nematocera",,,"Chironomidae","Chironominae","Tanytarsini",,"Tanytarsus",,,"larva",2,,4,100,4,"N","N","condition OK","Y",,,,"Weiderholm, 1983; Weiderholm, 1986; Epler 2001; Ferrington et al. 2019; Andersen, Cranston and Epler 2013","N","Rhithron Associates, Inc.","A. Fasbender",,
"2f990c02-f9f5-4189-abd3-4931ccc0853e","D08","MAYF","MAYF.AOS.reach","2021-07-21T14:02Z","2022-01-11","MAYF.20210721.SNAG.4","A00000147685",,"RHEEXI","Y","Rheotanytarsus exiguus gr.",,,"Arthropoda","Hexapoda","Insecta","Pterygota",,,"Diptera","Nematocera",,,"Chironomidae","Chironominae","Tanytarsini",,"Rheotanytarsus",,,"larva",1,,6,100,6,"N","N","condition OK","Y",,,,"Weiderholm, 1983; Weiderholm, 1986; Epler 2001; Ferrington et al. 2008; Andersen, Cranston and Epler 2013","N","Rhithron Associates, Inc.","A. Fasbender",,
"a43254b8-2eca-48c5-8a95-5818a81a597b","D08","MAYF","MAYF.AOS.reach","2021-07-21T14:02Z","2022-01-11","MAYF.20210721.SNAG.5","A00000147686",,"NEMSP","Y","Nematoda sp.",,,"Nematoda",,,,,,,,,,,,,,,,,"none",1,,1,100,1,"N","N","condition OK","Y",,,,"Thorp and Rogers 2016","Y","Rhithron Associates, Inc.","J. Webb",,
"3629812b-6b16-4594-8bc1-64c58c0cdf69","D08","MAYF","MAYF.AOS.reach","2021-07-21T14:02Z","2022-01-11","MAYF.20210721.SNAG.4","A00000147685",,"RHESP1","Y","Rheocricotopus sp.",,,"Arthropoda","Hexapoda","Insecta","Pterygota",,,"Diptera","Nematocera",,,"Chironomidae","Orthocladiinae",,,"Rheocricotopus",,,"larva",3,,4,100,4,"N","N","condition OK","Y",,,,"Weiderholm, 1983; Weiderholm, 1986; Epler 2001; Ferrington et al. 2019; Andersen, Cranston and Epler 2013","N","Rhithron Associates, Inc.","A. Fasbender",,
"20113074-c7cd-4ae9-affa-b9367bb5fdad","D08","MAYF","MAYF.AOS.reach","2021-07-21T14:02Z","2022-01-11","MAYF.20210721.SNAG.5","A00000147686",,"HYDSP4","Y","Hydropsychidae sp.",,,"Arthropoda","Hexapoda","Insecta","Pterygota",,,"Trichoptera",,,,"Hydropsychidae",,,,,,,"larva",2,,4,100,4,"Y","N","condition OK","N",,,,"Wiggins 1996, Merritt et al. 2019","Y","Rhithron Associates, Inc.","J. Webb",,
"d71cf286-1d43-4fd6-ac37-36d60693c94b","D08","MAYF","MAYF.AOS.reach","2021-07-21T14:02Z","2022-01-11","MAYF.20210721.SNAG.4","A00000147685",,"PERSP6","Y","Perlesta sp.",,,"Arthropoda","Hexapoda","Insecta","Pterygota",,,"Plecoptera","Systellognatha",,,"Perlidae","Acroneuriinae","Acroneuriini",,"Perlesta",,,"larva",5,,1,100,1,"N","N","condition OK","Y",,,,"Stewart and Stark 2002; Merritt et al. 2019","N","Rhithron Associates, Inc.","J. Webb",,
"2965109d-27fb-43c0-9cfc-1a513df0c805","D08","MAYF","MAYF.AOS.reach","2021-07-21T14:02Z","2022-01-11","MAYF.20210721.SNAG.4","A00000147685",,"RHESP1","Y","Rheocricotopus sp.",,,"Arthropoda","Hexapoda","Insecta","Pterygota",,,"Diptera","Nematocera",,,"Chironomidae","Orthocladiinae",,,"Rheocricotopus",,,"larva",2,,7,100,7,"N","N","condition OK","Y",,,,"Weiderholm, 1983; Weiderholm, 1986; Epler 2001; Ferrington et al. 2019; Andersen, Cranston and Epler 2013","N","Rhithron Associates, Inc.","A. Fasbender",,
"085a3426-a35f-4e40-96f0-1969ca2e90f7","D08","MAYF","MAYF.AOS.reach","2021-07-21T14:02Z","2022-01-11","MAYF.20210721.CORE.3","A00000147676",,"STESP6","Y","Stenelmis sp.",,,"Arthropoda","Hexapoda","Insecta","Pterygota",,,"Coleoptera","Polyphaga",,,"Elmidae",,,,"Stenelmis",,,"larva",3,,1,100,1,"N","N","condition OK","Y",,,,"Brown 1972; Merritt et al. 2019","N","Rhithron Associates, Inc.","B. Moore",,
"eec632b3-b99f-4e12-89d6-d16698a259ea","D08","MAYF","MAYF.AOS.reach","2021-07-21T14:02Z","2022-01-11","MAYF.20210721.SNAG.4","A00000147685",,"PERSP6","Y","Perlesta sp.",,,"Arthropoda","Hexapoda","Insecta","Pterygota",,,"Plecoptera","Systellognatha",,,"Perlidae","Acroneuriinae","Acroneuriini",,"Perlesta",,,"larva",2,,2,100,2,"N","N","condition OK","Y",,,,"Stewart and Stark 2002; Merritt et al. 2019","N","Rhithron Associates, Inc.","J. Webb",,
"bf5344b0-e9fd-4a3f-9e5d-935392c6e568","D08","MAYF","MAYF.AOS.reach","2021-07-21T14:02Z","2022-01-11","MAYF.20210721.SNAG.5","A00000147686",,"ATRSP3","Y","Atractides sp.",,,"Arthropoda","Chelicerata","Arachnida","Acari",,,"Trombidiformes","Prostigmata",,,"Hygrobatidae",,,,"Atractides",,,"adult",1,,3,100,3,"N","N","condition OK","Y",,,,"Thorp and Rogers 2016","Y","Rhithron Associates, Inc.","J. Webb",,
"854ed84c-69b1-4098-a128-09af668b5444","D08","MAYF","MAYF.AOS.reach","2021-07-21T14:02Z","2022-01-11","MAYF.20210721.SNAG.1","A00000147669",,"ORISP1","Y","Oribatida sp.",,,"Arthropoda","Chelicerata","Arachnida","Acari",,,"Sarcoptiformes","Oribatida",,,,,,,,,,"adult",1,,17,100,17,"N","N","condition OK","Y",,,,"Thorp and Rogers 2016","N","Rhithron Associates, Inc.","B. Moore",,
"1fb87f10-a925-414a-905d-e34cdea1e47b","D08","MAYF","MAYF.AOS.reach","2021-07-21T14:02Z","2022-01-11","MAYF.20210721.SNAG.5","A00000147686",,"THIGRO","Y","Thienemannimyia gr.",,,"Arthropoda","Hexapoda","Insecta","Pterygota",,,"Diptera","Nematocera",,,"Chironomidae","Tanypodinae","Pentaneurini",,,,,"larva",1,,20,100,20,"Y","N","condition OK","Y",,,,"Weiderholm, 1983; Weiderholm, 1986; Epler 2001; Ferrington et al. 2008; Andersen, Cranston and Epler 2017","Y","Rhithron Associates, Inc.","A. Fasbender",,
"54626eeb-1bef-464f-96c6-745d6d45a685","D08","MAYF","MAYF.AOS.reach","2021-07-21T14:02Z","2022-01-11","MAYF.20210721.SNAG.4","A00000147685",,"TANSP11","Y","Tanytarsus sp.",,,"Arthropoda","Hexapoda","Insecta","Pterygota",,,"Diptera","Nematocera",,,"Chironomidae","Chironominae","Tanytarsini",,"Tanytarsus",,,"larva",3,,1,100,1,"N","N","condition OK","Y",,,,"Weiderholm, 1983; Weiderholm, 1986; Epler 2001; Ferrington et al. 2019; Andersen, Cranston and Epler 2013","N","Rhithron Associates, Inc.","A. Fasbender",,
"19964e9c-6cfa-4628-a2a1-5aa1e8575ac9","D08","MAYF","MAYF.AOS.reach","2021-07-21T14:02Z","2022-01-11","MAYF.20210721.SNAG.4","A00000147685",,"HYDSP23","Y","Hydropsyche sp.",,,"Arthropoda","Hexapoda","Insecta","Pterygota",,,"Trichoptera",,,,"Hydropsychidae","Hydropsychinae",,,"Hydropsyche",,,"larva",5,,1,100,1,"N","N","condition OK","Y",,,,"Wiggins, 1996; Geraci, 2010","N","Rhithron Associates, Inc.","J. Webb",,
"9b6d6a30-a167-4bee-a52d-b4128f40da91","D08","MAYF","MAYF.AOS.reach","2021-07-21T14:02Z","2022-01-11","MAYF.20210721.SNAG.4","A00000147685",,"CRISP6","Y","Cricotopus/Orthocladius sp.",,,"Arthropoda","Hexapoda","Insecta","Pterygota",,,"Diptera","Nematocera",,,"Chironomidae","Orthocladiinae",,,"Cricotopus / Orthocladius",,,"larva",4,,2,100,2,"Y","N","condition OK","N",,,,"Weiderholm, 1983; Weiderholm, 1986; Epler 2001; Ferrington et al. 2008; Andersen, Cranston and Epler 2013","N","Rhithron Associates, Inc.","A. Fasbender",,
"50c3ee30-7773-4998-8909-9352734a7f60","D08","MAYF","MAYF.AOS.reach","2021-07-21T14:02Z","2022-01-11","MAYF.20210721.SNAG.5","A00000147686",,"TORSP6","Y","Torrenticola sp.",,,"Arthropoda","Chelicerata","Arachnida","Acari",,,"Trombidiformes","Prostigmata",,,"Torrenticolidae",,,,"Torrenticola",,,"adult",1,,8,100,8,"N","N","condition OK","Y",,,,"Thorp and Rogers 2016","Y","Rhithron Associates, Inc.","J. Webb",,
"f82b289e-8444-4c76-a126-d97492616532","D08","MAYF","MAYF.AOS.reach","2021-07-21T14:02Z","2022-01-11","MAYF.20210721.SNAG.4","A00000147685",,"PSESP18","Y","Pseudochironomus sp.",,,"Arthropoda","Hexapoda","Insecta","Pterygota",,,"Diptera","Nematocera",,,"Chironomidae","Chironominae","Pseudochironomini",,"Pseudochironomus",,,"larva",3,,8,100,8,"N","N","condition OK","Y",,,,"Weiderholm, 1983; Weiderholm, 1986; Epler 2001; Ferrington et al. 2019; Andersen, Cranston and Epler 2013","N","Rhithron Associates, Inc.","A. Fasbender",,
"9bdc6b19-be6c-4699-9250-6f7825025638","D08","MAYF","MAYF.AOS.reach","2021-07-21T14:02Z","2022-01-11","MAYF.20210721.SNAG.5","A00000147686",,"THIGRO","Y","Thienemannimyia gr.",,,"Arthropoda","Hexapoda","Insecta","Pterygota",,,"Diptera","Nematocera",,,"Chironomidae","Tanypodinae","Pentaneurini",,,,,"larva",3,,3,100,3,"Y","N","condition OK","Y",,,,"Weiderholm, 1983; Weiderholm, 1986; Epler 2001; Ferrington et al. 2008; Andersen, Cranston and Epler 2017","Y","Rhithron Associates, Inc.","A. Fasbender",,
"7db607f1-9f47-4bc5-b0db-4ef373c5ab77","D08","MAYF","MAYF.AOS.reach","2021-07-21T14:02Z","2022-01-11","MAYF.20210721.SNAG.4","A00000147685",,"ANCBIC","Y","Anchytarsus bicolor",,,"Arthropoda","Hexapoda","Insecta","Pterygota",,,"Coleoptera","Polyphaga",,,"Ptilodactylidae","Anchytarsinae",,,"Anchytarsus",,,"larva",2,,1,100,1,"N","N","condition OK","Y",,,,"Merritt et al. 2019","N","Rhithron Associates, Inc.","J. Webb",,
"940c6b22-b9c7-4078-acda-825925fd5e54","D08","MAYF","MAYF.AOS.reach","2021-07-21T14:02Z","2022-01-11","MAYF.20210721.SNAG.3","A00000147675",,"POLSCA","Y","Polypedilum scalaenum gr.",,,"Arthropoda","Hexapoda","Insecta","Pterygota",,,"Diptera","Nematocera",,,"Chironomidae","Chironominae","Chironomini",,"Polypedilum",,,"larva",4,,1,100,1,"N","N","condition OK","Y",,,,"Weiderholm, 1983; Weiderholm, 1986; Epler 2001; Ferrington et al. 2008; Andersen, Cranston and Epler 2018","N","Rhithron Associates, Inc.","A. Fasbender",,
"7b18ca0e-9a25-4c55-a4e7-5f1ab2ec834b","D08","MAYF","MAYF.AOS.reach","2021-07-21T14:02Z","2022-01-11","MAYF.20210721.SNAG.3","A00000147675",,"THIGRO","Y","Thienemannimyia gr.",,,"Arthropoda","Hexapoda","Insecta","Pterygota",,,"Diptera","Nematocera",,,"Chironomidae","Tanypodinae","Pentaneurini",,,,,"larva",4,,1,100,1,"Y","N","condition OK","Y",,,,"Weiderholm, 1983; Weiderholm, 1986; Epler 2001; Ferrington et al. 2008; Andersen, Cranston and Epler 2017","N","Rhithron Associates, Inc.","A. Fasbender",,
"c5ca8c93-397f-4291-8fc3-5dc0c06ed3e3","D08","MAYF","MAYF.AOS.reach","2021-07-21T14:02Z","2022-01-11","MAYF.20210721.SNAG.2","A00000147674",,"STESP8","Y","Stenochironomus sp.",,,"Arthropoda","Hexapoda","Insecta","Pterygota",,,"Diptera","Nematocera",,,"Chironomidae","Chironominae","Chironomini",,"Stenochironomus",,,"larva",2,,1,100,1,"N","N","condition OK","Y",,,,"Weiderholm, 1983; Weiderholm, 1986; Epler 2001; Ferrington et al. 2019; Andersen, Cranston and Epler 2013","N","Rhithron Associates, Inc.","A. Fasbender",,
"a707a0fd-8b28-4333-98c0-df42febfa608","D08","MAYF","MAYF.AOS.reach","2021-07-21T14:02Z","2022-01-11","MAYF.20210721.SNAG.4","A00000147685",,"RHEEXI","Y","Rheotanytarsus exiguus gr.",,,"Arthropoda","Hexapoda","Insecta","Pterygota",,,"Diptera","Nematocera",,,"Chironomidae","Chironominae","Tanytarsini",,"Rheotanytarsus",,,"larva",2,,6,100,6,"N","N","condition OK","Y",,,,"Weiderholm, 1983; Weiderholm, 1986; Epler 2001; Ferrington et al. 2008; Andersen, Cranston and Epler 2013","N","Rhithron Associates, Inc.","A. Fasbender",,
"660460ca-c6f3-426b-b6cb-819b62ce4ac6","D08","MAYF","MAYF.AOS.reach","2021-07-21T14:02Z","2022-01-11","MAYF.20210721.SNAG.4","A00000147685",,"RHEEXI","Y","Rheotanytarsus exiguus gr.",,,"Arthropoda","Hexapoda","Insecta","Pterygota",,,"Diptera","Nematocera",,,"Chironomidae","Chironominae","Tanytarsini",,"Rheotanytarsus",,,"larva",3,,2,100,2,"N","N","condition OK","Y",,,,"Weiderholm, 1983; Weiderholm, 1986; Epler 2001; Ferrington et al. 2008; Andersen, Cranston and Epler 2013","N","Rhithron Associates, Inc.","A. Fasbender",,
"d0ecc609-fe59-4b9b-9585-75f3c9123a5c","D08","MAYF","MAYF.AOS.reach","2021-07-21T14:02Z","2022-01-11","MAYF.20210721.SNAG.4","A00000147685",,"PELSP1","Y","Peltoperlidae sp.",,,"Arthropoda","Hexapoda","Insecta","Pterygota",,,"Plecoptera","Systellognatha",,,"Peltoperlidae",,,,,,,"larva",3,,1,100,1,"Y","N","condition OK","Y",,,,"Stewart and Stark 2002; Merritt et al. 2019","N","Rhithron Associates, Inc.","J. Webb","Peltoperla/Tallaperla",
"a8b8aefb-634a-4ab6-941a-3df76ae984a0","D08","MAYF","MAYF.AOS.reach","2021-07-21T14:02Z","2022-01-11","MAYF.20210721.SNAG.1","A00000147669",,"THIGRO","Y","Thienemannimyia gr.",,,"Arthropoda","Hexapoda","Insecta","Pterygota",,,"Diptera","Nematocera",,,"Chironomidae","Tanypodinae","Pentaneurini",,,,,"larva",1,,1,100,1,"Y","N","condition OK","Y",,,,"Weiderholm, 1983; Weiderholm, 1986; Epler 2001; Ferrington et al. 2008; Andersen, Cranston and Epler 2017","N","Rhithron Associates, Inc.","A. Fasbender",,
"dd753be1-1874-4162-96e3-67022627ad51","D08","MAYF","MAYF.AOS.reach","2021-07-21T14:02Z","2022-01-11","MAYF.20210721.CORE.3","A00000147676",,"POLLAE","Y","Polypedilum laetum",,,"Arthropoda","Hexapoda","Insecta","Pterygota",,,"Diptera","Nematocera",,,"Chironomidae","Chironominae","Chironomini",,"Polypedilum",,,"larva",2,,2,100,2,"N","N","condition OK","Y",,,,"Weiderholm, 1983; Weiderholm, 1986; Epler 2001; Ferrington et al. 2019; Andersen, Cranston and Epler 2013","N","Rhithron Associates, Inc.","A. Fasbender",,
"da4e4281-e23a-44a0-b0dc-978dd8922d04","D08","MAYF","MAYF.AOS.reach","2021-07-21T14:02Z","2022-01-11","MAYF.20210721.SNAG.4","A00000147685",,"ORISP1","Y","Oribatida sp.",,,"Arthropoda","Chelicerata","Arachnida","Acari",,,"Sarcoptiformes","Oribatida",,,,,,,,,,"adult",1,,7,100,7,"N","N","condition OK","Y",,,,"Thorp and Rogers 2016","N","Rhithron Associates, Inc.","J. Webb",,
"f2a007ae-df19-498e-8b15-b53a5ad91b49","D08","MAYF","MAYF.AOS.reach","2021-07-21T14:02Z","2022-01-11","MAYF.20210721.SNAG.4","A00000147685",,"CERSP10","Y","Ceratopogoninae sp.",,,"Arthropoda","Hexapoda","Insecta","Pterygota",,,"Diptera","Nematocera",,,"Ceratopogonidae","Ceratopogoninae",,,,,,"larva",1,,2,100,2,"N","N","condition OK","Y",,,,"Merritt et al. 2019","N","Rhithron Associates, Inc.","J. Webb",,
"2d2793ec-6ec5-4d16-9e07-d620f53c2af0","D08","MAYF","MAYF.AOS.reach","2021-07-21T14:02Z","2022-01-11","MAYF.20210721.SNAG.4","A00000147685","BA21NEOMST14002O1","ENCSP1","Y","Enchytraeidae sp.",,,"Annelida",,"Clitellata","Oligochaeta",,,"Enchytraeida",,,,"Enchytraeidae",,,,,,,"none",3,,1,100,1,"N","N","condition OK","Y",,,,"Kathman and Brinkhurst, 1999","N","Rhithron Associates, Inc.","A. Fasbender",,
"e9857448-967b-4e59-9638-03362978d1ab","D08","MAYF","MAYF.AOS.reach","2021-07-21T14:02Z","2022-01-11","MAYF.20210721.SNAG.4","A00000147685",,"PARSP26","Y","Parametriocnemus sp.",,,"Arthropoda","Hexapoda","Insecta","Pterygota",,,"Diptera","Nematocera",,,"Chironomidae","Orthocladiinae",,,"Parametriocnemus",,,"larva",1,,2,100,2,"N","N","condition OK","Y",,,,"Weiderholm, 1983; Weiderholm, 1986; Epler 2001; Ferrington et al. 2019; Andersen, Cranston and Epler 2013","N","Rhithron Associates, Inc.","A. Fasbender",,
"c7e45645-1e99-471c-842d-57d4989f187b","D08","MAYF","MAYF.AOS.reach","2021-07-21T14:02Z","2022-01-11","MAYF.20210721.SNAG.4","A00000147685",,"HYDSP5","Y","Hydroptilidae sp.",,,"Arthropoda","Hexapoda","Insecta","Pterygota",,,"Trichoptera",,,,"Hydroptilidae",,,,,,,"pupa",2,,2,100,2,"N","N","condition OK","N",,,,"Wiggins 1996; Merritt et al. 2019","N","Rhithron Associates, Inc.","J. Webb",,
"e6b8a9db-74eb-482a-b3c2-9b30134d70f7","D08","MAYF","MAYF.AOS.reach","2021-07-21T14:02Z","2022-01-11","MAYF.20210721.CORE.1","A00000147671",,"DJASP","Y","Djalmabatista sp.",,,"Arthropoda","Hexapoda","Insecta","Pterygota",,,"Diptera","Nematocera",,,"Chironomidae","Tanypodinae","Procladiini",,"Djalmabatista",,,"larva",6,,1,100,1,"N","N","condition OK","Y",,,,"Weiderholm, 1983; Weiderholm, 1986; Epler 2001; Ferrington et al. 2019; Andersen, Cranston and Epler 2013","N","Rhithron Associates, Inc.","A. Fasbender",,
"6e2e9875-b4dd-4151-ba69-130ffeb33070","D08","MAYF","MAYF.AOS.reach","2021-07-21T14:02Z","2022-01-11","MAYF.20210721.SNAG.5","A00000147686","BA21NEOMST14001O1","NAISP","Y","Naididae sp.",,,"Annelida",,"Clitellata","Oligochaeta",,,"Tubificida",,,,"Naididae","Tubificinae",,,,,,"none",2,,1,100,1,"Y","N","condition OK","Y",,,,"Kathman and Brinkhurst, 1999","Y","Rhithron Associates, Inc.","A. Fasbender","w/o HC",
"d7ebba1e-b438-435a-9d26-f163fb238b1f","D08","MAYF","MAYF.AOS.reach","2021-07-21T14:02Z","2022-01-11","MAYF.20210721.SNAG.1","A00000147669",,"PARSP26","Y","Parametriocnemus sp.",,,"Arthropoda","Hexapoda","Insecta","Pterygota",,,"Diptera","Nematocera",,,"Chironomidae","Orthocladiinae",,,"Parametriocnemus",,,"larva",2,,1,100,1,"N","N","condition OK","Y",,,,"Weiderholm, 1983; Weiderholm, 1986; Epler 2001; Ferrington et al. 2019; Andersen, Cranston and Epler 2013","N","Rhithron Associates, Inc.","A. Fasbender",,
"8e6dbe88-a163-40cd-b000-7a4cff40ef5c","D08","MAYF","MAYF.AOS.reach","2021-07-21T14:02Z","2022-01-11","MAYF.20210721.SNAG.5","A00000147686",,"PARSP26","Y","Parametriocnemus sp.",,,"Arthropoda","Hexapoda","Insecta","Pterygota",,,"Diptera","Nematocera",,,"Chironomidae","Orthocladiinae",,,"Parametriocnemus",,,"larva",2,,7,100,7,"N","N","condition OK","Y",,,,"Weiderholm, 1983; Weiderholm, 1986; Epler 2001; Ferrington et al. 2019; Andersen, Cranston and Epler 2013","Y","Rhithron Associates, Inc.","A. Fasbender",,
"44a328d2-788a-40a0-ac8b-21475ba3d1dd","D08","MAYF","MAYF.AOS.reach","2021-07-21T14:02Z","2022-01-11","MAYF.20210721.CORE.2","A00000147673",,"PARSP25","Y","Parakiefferiella sp.",,,"Arthropoda","Hexapoda","Insecta","Pterygota",,,"Diptera","Nematocera",,,"Chironomidae","Orthocladiinae",,,"Parakiefferiella",,,"larva",2,,1,100,1,"N","N","condition OK","Y",,,,"Weiderholm, 1983; Weiderholm, 1986; Epler 2001; Ferrington et al. 2019; Andersen, Cranston and Epler 2013","N","Rhithron Associates, Inc.","A. Fasbender",,
"cb3c9bfc-6154-4d44-afe3-3edc3a961381","D08","MAYF","MAYF.AOS.reach","2021-07-21T14:02Z","2022-01-11","MAYF.20210721.SNAG.4","A00000147685",,"LEUSP8","Y","Leuctra sp.",,,"Arthropoda","Hexapoda","Insecta","Pterygota",,,"Plecoptera","Euholognatha",,,"Leuctridae","Leuctrinae",,,"Leuctra",,,"larva",3,,36,100,36,"N","N","condition OK","Y",,,,"Stewart and Stark 2002; Merritt et al. 2019","N","Rhithron Associates, Inc.","J. Webb",,
"43f349bf-c64d-4411-a2f7-951fb8665dce","D08","MAYF","MAYF.AOS.reach","2021-07-21T14:02Z","2022-01-11","MAYF.20210721.SNAG.2","A00000147674",,"STESP6","Y","Stenelmis sp.",,,"Arthropoda","Hexapoda","Insecta","Pterygota",,,"Coleoptera","Polyphaga",,,"Elmidae",,,,"Stenelmis",,,"larva",1,,4,100,4,"N","N","condition OK","Y",,,,"Brown 1972; Merritt et al. 2019","N","Rhithron Associates, Inc.","B. Moore",,
"4211528a-501e-4d8d-b764-5452aeae65e3","D08","MAYF","MAYF.AOS.reach","2021-07-21T14:02Z","2022-01-11","MAYF.20210721.SNAG.5","A00000147686",,"POLSP13","Y","Polypedilum sp.",,,"Arthropoda","Hexapoda","Insecta","Pterygota",,,"Diptera","Nematocera",,,"Chironomidae","Chironominae","Chironomini",,"Polypedilum",,,"larva",1,,1,100,1,"Y","N","condition OK","Y",,,,"Weiderholm, 1983; Weiderholm, 1986; Epler 2001; Ferrington et al. 2008; Andersen, Cranston and Epler 2013","Y","Rhithron Associates, Inc.","A. Fasbender",,
"a7f5822a-fe6c-481d-836b-ffd1e7608184","D08","MAYF","MAYF.AOS.reach","2021-07-21T14:02Z","2022-01-11","MAYF.20210721.SNAG.4","A00000147685",,"CRISP6","Y","Cricotopus/Orthocladius sp.",,,"Arthropoda","Hexapoda","Insecta","Pterygota",,,"Diptera","Nematocera",,,"Chironomidae","Orthocladiinae",,,"Cricotopus / Orthocladius",,,"larva",1,,1,100,1,"Y","N","condition OK","N",,,,"Weiderholm, 1983; Weiderholm, 1986; Epler 2001; Ferrington et al. 2008; Andersen, Cranston and Epler 2013","N","Rhithron Associates, Inc.","A. Fasbender",,
"6089dc72-e691-48c7-b78f-14c43359ee6e","D08","MAYF","MAYF.AOS.reach","2021-07-21T14:02Z","2022-01-11","MAYF.20210721.SNAG.1","A00000147669",,"NEMSP","Y","Nematoda sp.",,,"Nematoda",,,,,,,,,,,,,,,,,"none",2,,2,100,2,"N","N","condition OK","Y",,,,"Thorp and Rogers 2016","N","Rhithron Associates, Inc.","B. Moore",,
"74613c7f-d67b-45e4-9b00-bf62fbe460ca","D08","MAYF","MAYF.AOS.reach","2021-07-21T14:02Z","2022-01-11","MAYF.20210721.SNAG.5","A00000147686",,"HYDSP24","Y","Hydroptila sp.",,,"Arthropoda","Hexapoda","Insecta","Pterygota",,,"Trichoptera",,,,"Hydroptilidae","Hydroptilinae","Hydroptilini",,"Hydroptila",,,"larva",2,,2,100,2,"N","N","condition OK","Y",,,,"Wiggins 1996; Merritt et al. 2019","Y","Rhithron Associates, Inc.","J. Webb",,
"591101c8-8027-491b-9848-9b6cce460aa2","D08","MAYF","MAYF.AOS.reach","2021-07-21T14:02Z","2022-01-11","MAYF.20210721.SNAG.5","A00000147686",,"THIGRO","Y","Thienemannimyia gr.",,,"Arthropoda","Hexapoda","Insecta","Pterygota",,,"Diptera","Nematocera",,,"Chironomidae","Tanypodinae","Pentaneurini",,,,,"larva",2,,6,100,6,"Y","N","condition OK","Y",,,,"Weiderholm, 1983; Weiderholm, 1986; Epler 2001; Ferrington et al. 2008; Andersen, Cranston and Epler 2017","Y","Rhithron Associates, Inc.","A. Fasbender",,
"977a862f-b172-4056-b293-a248b41e9d58","D08","MAYF","MAYF.AOS.reach","2021-07-21T14:02Z","2022-01-11","MAYF.20210721.SNAG.4","A00000147685",,"ANCVAR1","Y","Ancyronyx variegatus",,,"Arthropoda","Hexapoda","Insecta","Pterygota",,,"Coleoptera","Polyphaga",,,"Elmidae",,,,"Ancyronyx",,,"larva",2,,1,100,1,"N","N","condition OK","Y",,,,"Merritt et al. 2019","N","Rhithron Associates, Inc.","J. Webb",,
"ca82c309-763e-4167-95a6-406c7661301a","D08","MAYF","MAYF.AOS.reach","2021-07-21T14:02Z","2022-01-11","MAYF.20210721.SNAG.3","A00000147675",,"PARSP26","Y","Parametriocnemus sp.",,,"Arthropoda","Hexapoda","Insecta","Pterygota",,,"Diptera","Nematocera",,,"Chironomidae","Orthocladiinae",,,"Parametriocnemus",,,"larva",2,,2,100,2,"N","N","condition OK","Y",,,,"Weiderholm, 1983; Weiderholm, 1986; Epler 2001; Ferrington et al. 2019; Andersen, Cranston and Epler 2013","N","Rhithron Associates, Inc.","A. Fasbender",,
"c521b79a-798e-47c3-8fb5-f5f960544ebb","D08","MAYF","MAYF.AOS.reach","2021-07-21T14:02Z","2022-01-11","MAYF.20210721.SNAG.4","A00000147685",,"PSESP18","Y","Pseudochironomus sp.",,,"Arthropoda","Hexapoda","Insecta","Pterygota",,,"Diptera","Nematocera",,,"Chironomidae","Chironominae","Pseudochironomini",,"Pseudochironomus",,,"larva",4,,1,100,1,"N","N","condition OK","Y",,,,"Weiderholm, 1983; Weiderholm, 1986; Epler 2001; Ferrington et al. 2019; Andersen, Cranston and Epler 2013","N","Rhithron Associates, Inc.","A. Fasbender",,
"e85afc56-6e8c-45ac-921b-7c2d7d9a2db0","D08","MAYF","MAYF.AOS.reach","2021-07-21T14:02Z","2022-01-11","MAYF.20210721.SNAG.4","A00000147685",,"HYDSP24","Y","Hydroptila sp.",,,"Arthropoda","Hexapoda","Insecta","Pterygota",,,"Trichoptera",,,,"Hydroptilidae","Hydroptilinae","Hydroptilini",,"Hydroptila",,,"larva",2,,5,100,5,"N","N","condition OK","Y",,,,"Wiggins 1996; Merritt et al. 2019","N","Rhithron Associates, Inc.","J. Webb",,
"02bc944b-6116-4069-bb86-0f3e052c731b","D08","MAYF","MAYF.AOS.reach","2021-07-21T14:02Z","2022-01-11","MAYF.20210721.SNAG.3","A00000147675",,"THIGRO","Y","Thienemannimyia gr.",,,"Arthropoda","Hexapoda","Insecta","Pterygota",,,"Diptera","Nematocera",,,"Chironomidae","Tanypodinae","Pentaneurini",,,,,"larva",3,,1,100,1,"Y","N","condition OK","Y",,,,"Weiderholm, 1983; Weiderholm, 1986; Epler 2001; Ferrington et al. 2008; Andersen, Cranston and Epler 2017","N","Rhithron Associates, Inc.","A. Fasbender",,
"cb77cf2c-d9ab-49ca-bb68-bc9df34d5f7c","D08","MAYF","MAYF.AOS.reach","2021-07-21T14:02Z","2022-01-11","MAYF.20210721.SNAG.3","A00000147675",,"PARSP26","Y","Parametriocnemus sp.",,,"Arthropoda","Hexapoda","Insecta","Pterygota",,,"Diptera","Nematocera",,,"Chironomidae","Orthocladiinae",,,"Parametriocnemus",,,"larva",1,,1,100,1,"N","N","condition OK","Y",,,,"Weiderholm, 1983; Weiderholm, 1986; Epler 2001; Ferrington et al. 2019; Andersen, Cranston and Epler 2013","N","Rhithron Associates, Inc.","A. Fasbender",,
"e6f983b8-207a-4ac0-a32e-97c5b8280894","D08","MAYF","MAYF.AOS.reach","2021-07-21T14:02Z","2022-01-11","MAYF.20210721.SNAG.5","A00000147686",,"STESP6","Y","Stenelmis sp.",,,"Arthropoda","Hexapoda","Insecta","Pterygota",,,"Coleoptera","Polyphaga",,,"Elmidae",,,,"Stenelmis",,,"adult",3,,1,100,1,"N","N","condition OK","Y",,,,"Brown 1972; Merritt et al. 2019","Y","Rhithron Associates, Inc.","J. Webb",,
"09a45a30-ba93-42d9-a6a0-145b3b22d781","D08","MAYF","MAYF.AOS.reach","2021-07-21T14:02Z","2022-01-11","MAYF.20210721.SNAG.2","A00000147674",,"PARSP26","Y","Parametriocnemus sp.",,,"Arthropoda","Hexapoda","Insecta","Pterygota",,,"Diptera","Nematocera",,,"Chironomidae","Orthocladiinae",,,"Parametriocnemus",,,"larva",2,,1,100,1,"N","N","condition OK","Y",,,,"Weiderholm, 1983; Weiderholm, 1986; Epler 2001; Ferrington et al. 2019; Andersen, Cranston and Epler 2013","N","Rhithron Associates, Inc.","A. Fasbender",,
"45d38f8d-dc3b-4b91-a637-79204a034d24","D08","MAYF","MAYF.AOS.reach","2021-07-21T14:02Z","2022-01-11","MAYF.20210721.SNAG.4","A00000147685",,"HEPSP","Y","Heptageniidae sp.",,,"Arthropoda","Hexapoda","Insecta","Pterygota",,,"Ephemeroptera","Pisciforma",,,"Heptageniidae",,,,,,,"larva",3,,1,100,1,"N","N","damaged, affecting taxonomy and measurement","Y",,,,"Merritt et al. 2019","N","Rhithron Associates, Inc.","J. Webb","Maccaffertium/Stenonema head",
"1f8be9d0-1fe1-4fdf-93bf-11d8da4b8aef","D08","MAYF","MAYF.AOS.reach","2021-07-21T14:02Z","2022-01-11","MAYF.20210721.SNAG.5","A00000147686",,"ORISP1","Y","Oribatida sp.",,,"Arthropoda","Chelicerata","Arachnida","Acari",,,"Sarcoptiformes","Oribatida",,,,,,,,,,"adult",1,,1,100,1,"N","N","condition OK","Y",,,,"Thorp and Rogers 2016","Y","Rhithron Associates, Inc.","J. Webb",,
"7eda00a4-d979-4f81-810e-4cba6bfa77a4","D08","MAYF","MAYF.AOS.reach","2021-07-21T14:02Z","2022-01-11","MAYF.20210721.SNAG.4","A00000147685",,"STESP6","Y","Stenelmis sp.",,,"Arthropoda","Hexapoda","Insecta","Pterygota",,,"Coleoptera","Polyphaga",,,"Elmidae",,,,"Stenelmis",,,"adult",3,,14,100,14,"N","N","condition OK","Y",,,,"Brown 1972; Merritt et al. 2019","N","Rhithron Associates, Inc.","J. Webb",,
"5270102f-8bed-4712-892c-4d028ba24762","D08","MAYF","MAYF.AOS.reach","2021-07-21T14:02Z","2022-01-11","MAYF.20210721.SNAG.3","A00000147675",,"LEUSP8","Y","Leuctra sp.",,,"Arthropoda","Hexapoda","Insecta","Pterygota",,,"Plecoptera","Euholognatha",,,"Leuctridae","Leuctrinae",,,"Leuctra",,,"larva",2,,2,100,2,"N","N","condition OK","Y",,,,"Stewart and Stark 2002; Merritt et al. 2019","N","Rhithron Associates, Inc.","B. Moore",,
"11dcf944-adc0-4888-8de5-5bc853dd725c","D08","MAYF","MAYF.AOS.reach","2021-07-21T14:02Z","2022-01-11","MAYF.20210721.SNAG.4","A00000147685",,"PSESP18","Y","Pseudochironomus sp.",,,"Arthropoda","Hexapoda","Insecta","Pterygota",,,"Diptera","Nematocera",,,"Chironomidae","Chironominae","Pseudochironomini",,"Pseudochironomus",,,"larva",1,,3,100,3,"N","N","condition OK","Y",,,,"Weiderholm, 1983; Weiderholm, 1986; Epler 2001; Ferrington et al. 2019; Andersen, Cranston and Epler 2013","N","Rhithron Associates, Inc.","A. Fasbender",,
"05c718df-d7d4-4051-8174-088acb358cf8","D08","MAYF","MAYF.AOS.reach","2021-07-21T14:02Z","2022-01-11","MAYF.20210721.SNAG.5","A00000147686",,"PSESP18","Y","Pseudochironomus sp.",,,"Arthropoda","Hexapoda","Insecta","Pterygota",,,"Diptera","Nematocera",,,"Chironomidae","Chironominae","Pseudochironomini",,"Pseudochironomus",,,"larva",1,,4,100,4,"N","N","condition OK","Y",,,,"Weiderholm, 1983; Weiderholm, 1986; Epler 2001; Ferrington et al. 2019; Andersen, Cranston and Epler 2013","Y","Rhithron Associates, Inc.","A. Fasbender",,
"cb83119e-0972-43cb-855f-05e96cbb97f3","D08","MAYF","MAYF.AOS.reach","2021-07-21T14:02Z","2022-01-11","MAYF.20210721.SNAG.1","A00000147669",,"THISP2","Y","Thienemanniella sp.",,,"Arthropoda","Hexapoda","Insecta","Pterygota",,,"Diptera","Nematocera",,,"Chironomidae","Orthocladiinae",,,"Thienemanniella",,,"larva",1,,3,100,3,"N","N","condition OK","Y",,,,"Weiderholm, 1983; Weiderholm, 1986; Epler 2001; Ferrington et al. 2019; Andersen, Cranston and Epler 2013","N","Rhithron Associates, Inc.","A. Fasbender",,
"4985a2eb-e008-47b0-9fdc-d407bc441522","D08","MAYF","MAYF.AOS.reach","2021-07-21T14:02Z","2022-01-11","MAYF.20210721.SNAG.4","A00000147685",,"PSESP18","Y","Pseudochironomus sp.",,,"Arthropoda","Hexapoda","Insecta","Pterygota",,,"Diptera","Nematocera",,,"Chironomidae","Chironominae","Pseudochironomini",,"Pseudochironomus",,,"larva",2,,14,100,14,"N","N","condition OK","Y",,,,"Weiderholm, 1983; Weiderholm, 1986; Epler 2001; Ferrington et al. 2019; Andersen, Cranston and Epler 2013","N","Rhithron Associates, Inc.","A. Fasbender",,
"c2406d81-5037-40d1-a659-15ea331f7f52","D08","MAYF","MAYF.AOS.reach","2021-07-21T14:02Z","2022-01-11","MAYF.20210721.SNAG.5","A00000147686",,"HEMSP4","Y","Hemerodromia sp.",,,"Arthropoda","Hexapoda","Insecta","Pterygota",,,"Diptera","Brachycera",,,"Empididae","Hemerodromiinae","Hemerodromiini",,"Hemerodromia",,,"larva",1,,4,100,4,"N","N","condition OK","Y",,,,"Merritt et al. 2019","Y","Rhithron Associates, Inc.","J. Webb",,
"8d85499b-433a-4d09-abef-59dd4d29a11b","D08","MAYF","MAYF.AOS.reach","2021-07-21T14:02Z","2022-01-11","MAYF.20210721.SNAG.5","A00000147686",,"PARSP26","Y","Parametriocnemus sp.",,,"Arthropoda","Hexapoda","Insecta","Pterygota",,,"Diptera","Nematocera",,,"Chironomidae","Orthocladiinae",,,"Parametriocnemus",,,"larva",1,,8,100,8,"N","N","condition OK","Y",,,,"Weiderholm, 1983; Weiderholm, 1986; Epler 2001; Ferrington et al. 2019; Andersen, Cranston and Epler 2013","Y","Rhithron Associates, Inc.","A. Fasbender",,
"e45cc4ef-941d-44f1-9f02-4e546b046e25","D08","MAYF","MAYF.AOS.reach","2021-07-21T14:02Z","2022-01-11","MAYF.20210721.SNAG.5","A00000147686",,"PARSP26","Y","Parametriocnemus sp.",,,"Arthropoda","Hexapoda","Insecta","Pterygota",,,"Diptera","Nematocera",,,"Chironomidae","Orthocladiinae",,,"Parametriocnemus",,,"larva",3,,3,100,3,"N","N","condition OK","Y",,,,"Weiderholm, 1983; Weiderholm, 1986; Epler 2001; Ferrington et al. 2019; Andersen, Cranston and Epler 2013","Y","Rhithron Associates, Inc.","A. Fasbender",,
"d1efe371-1ba0-4dc5-961b-d7c23e049801","D08","MAYF","MAYF.AOS.reach","2021-07-21T14:02Z","2022-01-11","MAYF.20210721.CORE.3","A00000147676",,"CORSP19","Y","Corynoneura sp.",,,"Arthropoda","Hexapoda","Insecta","Pterygota",,,"Diptera","Nematocera",,,"Chironomidae","Orthocladiinae",,,"Corynoneura",,,"larva",1,,1,100,1,"N","N","condition OK","Y",,,,"Weiderholm, 1983; Weiderholm, 1986; Epler 2001; Ferrington et al. 2019; Andersen, Cranston and Epler 2013","N","Rhithron Associates, Inc.","A. Fasbender",,
"8451f145-f52d-4346-9365-f0789cea0088","D08","MAYF","MAYF.AOS.reach","2021-07-21T14:02Z","2022-01-11","MAYF.20210721.SNAG.5","A00000147686",,"LEUSP8","Y","Leuctra sp.",,,"Arthropoda","Hexapoda","Insecta","Pterygota",,,"Plecoptera","Euholognatha",,,"Leuctridae","Leuctrinae",,,"Leuctra",,,"larva",3,,34,100,34,"N","N","condition OK","Y",,,,"Stewart and Stark 2002; Merritt et al. 2019","Y","Rhithron Associates, Inc.","J. Webb",,
"5fd7d0be-ebb4-4976-bc5a-71ac251089d6","D08","MAYF","MAYF.AOS.reach","2021-07-21T14:02Z","2022-01-11","MAYF.20210721.SNAG.5","A00000147686",,"DIPSP8","Y","Diplectrona sp.",,,"Arthropoda","Hexapoda","Insecta","Pterygota",,,"Trichoptera",,,,"Hydropsychidae","Diplectroninae",,,"Diplectrona",,,"larva",3,,2,100,2,"N","N","condition OK","Y",,,,"Wiggins 1996","Y","Rhithron Associates, Inc.","J. Webb",,
"af7038cf-7d45-40c3-96e5-dfe673f31258","D08","MAYF","MAYF.AOS.reach","2021-07-21T14:02Z","2022-01-11","MAYF.20210721.SNAG.4","A00000147685",,"STESP6","Y","Stenelmis sp.",,,"Arthropoda","Hexapoda","Insecta","Pterygota",,,"Coleoptera","Polyphaga",,,"Elmidae",,,,"Stenelmis",,,"larva",1,,23,100,23,"N","N","condition OK","N",,,,"Brown 1972; Merritt et al. 2019","N","Rhithron Associates, Inc.","J. Webb",,
"ac462960-fec6-44da-8a38-fc3ad1c7e667","D08","MAYF","MAYF.AOS.reach","2021-07-21T14:02Z","2022-01-11","MAYF.20210721.SNAG.1","A00000147669","BA21NEOMST14005O1","ENCSP1","Y","Enchytraeidae sp.",,,"Annelida",,"Clitellata","Oligochaeta",,,"Enchytraeida",,,,"Enchytraeidae",,,,,,,"none",1,,1,100,1,"N","N","condition OK","Y",,,,"Kathman and Brinkhurst, 1999","N","Rhithron Associates, Inc.","A. Fasbender",,
"bf41657b-54d5-4ef0-a203-bcafe367f77d","D08","MAYF","MAYF.AOS.reach","2021-07-21T14:02Z","2022-01-11","MAYF.20210721.SNAG.5","A00000147686",,"NILSP","Y","Nilotanypus sp.",,,"Arthropoda","Hexapoda","Insecta","Pterygota",,,"Diptera","Nematocera",,,"Chironomidae","Tanypodinae","Pentaneurini",,"Nilotanypus",,,"larva",1,,7,100,7,"N","N","condition OK","Y",,,,"Weiderholm, 1983; Weiderholm, 1986; Epler 2001; Ferrington et al. 2019; Andersen, Cranston and Epler 2013","Y","Rhithron Associates, Inc.","A. Fasbender",,
"11df6b7c-49b6-4433-bbc5-ba57a193bf40","D08","MAYF","MAYF.AOS.reach","2021-07-21T14:02Z","2022-01-11","MAYF.20210721.SNAG.4","A00000147685",,"CRISP6","Y","Cricotopus/Orthocladius sp.",,,"Arthropoda","Hexapoda","Insecta","Pterygota",,,"Diptera","Nematocera",,,"Chironomidae","Orthocladiinae",,,"Cricotopus / Orthocladius",,,"larva",2,,4,100,4,"Y","N","condition OK","N",,,,"Weiderholm, 1983; Weiderholm, 1986; Epler 2001; Ferrington et al. 2008; Andersen, Cranston and Epler 2013","N","Rhithron Associates, Inc.","A. Fasbender",,
"c8074b4c-7c8e-4b39-8a50-7532b002cae0","D08","MAYF","MAYF.AOS.reach","2021-07-21T14:02Z","2022-01-11","MAYF.20210721.SNAG.1","A00000147669",,"POLSP13","Y","Polypedilum sp.",,,"Arthropoda","Hexapoda","Insecta","Pterygota",,,"Diptera","Nematocera",,,"Chironomidae","Chironominae","Chironomini",,"Polypedilum",,,"larva",1,,1,100,1,"Y","N","condition OK","Y",,,,"Weiderholm, 1983; Weiderholm, 1986; Epler 2001; Ferrington et al. 2008; Andersen, Cranston and Epler 2013","N","Rhithron Associates, Inc.","A. Fasbender",,
"7b1a8a95-6862-4536-bb02-5d040a4f22be","D08","MAYF","MAYF.AOS.reach","2021-07-21T14:02Z","2022-01-11","MAYF.20210721.SNAG.4","A00000147685",,"SIMSP","Y","Simuliidae sp.",,,"Arthropoda","Hexapoda","Insecta","Pterygota",,,"Diptera","Nematocera",,,"Simuliidae",,,,,,,"larva",1,,4,100,4,"Y","N","condition OK","N",,,,"Adler et al. 2004; Merritt et al. 2019","N","Rhithron Associates, Inc.","J. Webb",,
"346993d2-f8cd-4911-bc53-67cde446b323","D08","MAYF","MAYF.AOS.reach","2021-07-21T14:02Z","2022-01-11","MAYF.20210721.SNAG.5","A00000147686",,"PSESP18","Y","Pseudochironomus sp.",,,"Arthropoda","Hexapoda","Insecta","Pterygota",,,"Diptera","Nematocera",,,"Chironomidae","Chironominae","Pseudochironomini",,"Pseudochironomus",,,"larva",2,,2,100,2,"N","N","condition OK","Y",,,,"Weiderholm, 1983; Weiderholm, 1986; Epler 2001; Ferrington et al. 2019; Andersen, Cranston and Epler 2013","Y","Rhithron Associates, Inc.","A. Fasbender",,
"51274156-6065-4e23-b79f-280760308c94","D08","MAYF","MAYF.AOS.reach","2021-07-21T14:02Z","2022-01-11","MAYF.20210721.SNAG.4","A00000147685",,"MAYSP","Y","Mayatrichia sp.",,,"Arthropoda","Hexapoda","Insecta","Pterygota",,,"Trichoptera",,,,"Hydroptilidae","Hydroptilinae","Neotrichiini",,"Mayatrichia",,,"larva",1,,5,100,5,"N","N","condition OK","Y",,,,"Wiggins 1996; Merritt et al. 2019","N","Rhithron Associates, Inc.","J. Webb","Reference Collection(1)",
"e265aaa8-3073-490f-b5f9-95daeed3b5f9","D08","MAYF","MAYF.AOS.reach","2021-07-21T14:02Z","2022-01-11","MAYF.20210721.SNAG.5","A00000147686",,"TANSP11","Y","Tanytarsus sp.",,,"Arthropoda","Hexapoda","Insecta","Pterygota",,,"Diptera","Nematocera",,,"Chironomidae","Chironominae","Tanytarsini",,"Tanytarsus",,,"pupa",2,,1,100,1,"N","N","condition OK","N",,,,"Weiderholm, 1983; Weiderholm, 1986; Epler 2001; Ferrington et al. 2019; Andersen, Cranston and Epler 2013","Y","Rhithron Associates, Inc.","A. Fasbender",,
"ceef9cf3-928b-4b57-a39b-8388c429a71b","D08","MAYF","MAYF.AOS.reach","2021-07-21T14:02Z","2022-01-11","MAYF.20210721.SNAG.4","A00000147685",,"PARSP26","Y","Parametriocnemus sp.",,,"Arthropoda","Hexapoda","Insecta","Pterygota",,,"Diptera","Nematocera",,,"Chironomidae","Orthocladiinae",,,"Parametriocnemus",,,"larva",3,,3,100,3,"N","N","condition OK","Y",,,,"Weiderholm, 1983; Weiderholm, 1986; Epler 2001; Ferrington et al. 2019; Andersen, Cranston and Epler 2013","N","Rhithron Associates, Inc.","A. Fasbender",,
"8685567d-0461-4e1f-82a6-1f20ba48a552","D08","MAYF","MAYF.AOS.reach","2021-07-21T14:02Z","2022-01-11","MAYF.20210721.SNAG.5","A00000147686",,"EMPSP","Y","Empididae sp.",,,"Arthropoda","Hexapoda","Insecta","Pterygota",,,"Diptera","Brachycera",,,"Empididae",,,,,,,"larva",1,,1,100,1,"N","N","damaged, affecting taxonomy and measurement","N",,,,"Merritt et al. 2019","Y","Rhithron Associates, Inc.","J. Webb",,
"a4b49498-f5d2-47bb-bf28-cf55ebdae119","D08","MAYF","MAYF.AOS.reach","2021-07-21T14:02Z","2022-01-11","MAYF.20210721.SNAG.2","A00000147674",,"ORISP1","Y","Oribatida sp.",,,"Arthropoda","Chelicerata","Arachnida","Acari",,,"Sarcoptiformes","Oribatida",,,,,,,,,,"adult",1,,1,100,1,"N","N","condition OK","Y",,,,"Thorp and Rogers 2016","N","Rhithron Associates, Inc.","B. Moore",,
"a61c55e7-fc64-4d40-b214-ef7818758fc9","D08","MAYF","MAYF.AOS.reach","2021-07-21T14:02Z","2022-01-11","MAYF.20210721.SNAG.4","A00000147685",,"PARSP26","Y","Parametriocnemus sp.",,,"Arthropoda","Hexapoda","Insecta","Pterygota",,,"Diptera","Nematocera",,,"Chironomidae","Orthocladiinae",,,"Parametriocnemus",,,"larva",2,,9,100,9,"N","N","condition OK","Y",,,,"Weiderholm, 1983; Weiderholm, 1986; Epler 2001; Ferrington et al. 2019; Andersen, Cranston and Epler 2013","N","Rhithron Associates, Inc.","A. Fasbender",,
"1b04ba4c-ada8-405d-80ba-846c35412019","D08","MAYF","MAYF.AOS.reach","2021-07-21T14:02Z","2022-01-11","MAYF.20210721.SNAG.4","A00000147685",,"CRISP6","Y","Cricotopus/Orthocladius sp.",,,"Arthropoda","Hexapoda","Insecta","Pterygota",,,"Diptera","Nematocera",,,"Chironomidae","Orthocladiinae",,,"Cricotopus / Orthocladius",,,"larva",3,,2,100,2,"Y","N","condition OK","N",,,,"Weiderholm, 1983; Weiderholm, 1986; Epler 2001; Ferrington et al. 2008; Andersen, Cranston and Epler 2013","N","Rhithron Associates, Inc.","A. Fasbender",,
"3e3f4c9d-6984-44fc-b08e-c4b650efe36a","D08","MAYF","MAYF.AOS.reach","2021-07-21T14:02Z","2022-01-11","MAYF.20210721.SNAG.4","A00000147685",,"HYDSP5","Y","Hydroptilidae sp.",,,"Arthropoda","Hexapoda","Insecta","Pterygota",,,"Trichoptera",,,,"Hydroptilidae",,,,,,,"larva",1,,6,100,6,"Y","N","condition OK","N",,,,"Wiggins 1996; Merritt et al. 2019","N","Rhithron Associates, Inc.","J. Webb",,
"deb9909d-abeb-4715-b64a-237d5c691554","D08","MAYF","MAYF.AOS.reach","2021-07-21T14:02Z","2022-01-11","MAYF.20210721.SNAG.5","A00000147686",,"NIGSP","Y","Nigronia sp.",,,"Arthropoda","Hexapoda","Insecta","Pterygota",,,"Megaloptera",,,,"Corydalidae","Chauliodinae",,,"Nigronia",,,"larva",5,,1,100,1,"N","N","condition OK","Y",,,,"Merritt et al. 2019","Y","Rhithron Associates, Inc.","J. Webb",,
"e93a5941-0dc6-4984-b42c-cffdcc4adc48","D08","MAYF","MAYF.AOS.reach","2021-07-21T14:02Z","2022-01-11","MAYF.20210721.CORE.2","A00000147673",,"ORTSP1","Y","Orthocladiinae sp.",,,"Arthropoda","Hexapoda","Insecta","Pterygota",,,"Diptera","Nematocera",,,"Chironomidae","Orthocladiinae",,,,,,"larva",2,,1,100,1,"Y","N","condition OK","N",,,,"Weiderholm, 1983; Weiderholm, 1986; Epler 2001; Ferrington et al. 2019; Andersen, Cranston and Epler 2013","N","Rhithron Associates, Inc.","A. Fasbender",,
"7fe97971-3da2-43cf-ad36-e5b85d035b39","D08","MAYF","MAYF.AOS.reach","2021-07-21T14:02Z","2022-01-11","MAYF.20210721.SNAG.2","A00000147674",,"HEMSP3","Y","Hemerodromiinae sp.",,,"Arthropoda","Hexapoda","Insecta","Pterygota",,,"Diptera","Brachycera",,,"Empididae","Hemerodromiinae",,,,,,"larva",3,,1,100,1,"Y","N","condition OK","Y",,,,"Merrit, Cumming and Berg 2019","N","Rhithron Associates, Inc.","B. Moore",,
"13515f51-680d-47d3-ba7a-7d3373194890","D08","MAYF","MAYF.AOS.reach","2021-07-21T14:02Z","2022-01-11","MAYF.20210721.SNAG.4","A00000147685",,"THISP2","Y","Thienemanniella sp.",,,"Arthropoda","Hexapoda","Insecta","Pterygota",,,"Diptera","Nematocera",,,"Chironomidae","Orthocladiinae",,,"Thienemanniella",,,"larva",2,,1,100,1,"N","N","condition OK","Y",,,,"Weiderholm, 1983; Weiderholm, 1986; Epler 2001; Ferrington et al. 2019; Andersen, Cranston and Epler 2013","N","Rhithron Associates, Inc.","A. Fasbender",,
"6f261821-e8ae-4bcf-b246-146e791ae899","D08","MAYF","MAYF.AOS.reach","2021-07-21T14:02Z","2022-01-11","MAYF.20210721.SNAG.5","A00000147686",,"ANISP1","Y","Anisoptera sp.",,,"Arthropoda","Hexapoda","Insecta","Pterygota",,,"Odonata","Anisoptera",,,,,,,,,,"larva",1,,1,100,1,"Y","N","condition OK","Y",,,,"Needham et al. 2000; Merritt et al. 2019; Tennessen 2019","Y","Rhithron Associates, Inc.","J. Webb",,
"c3e602d2-9ea8-448b-ae15-4f798f7dd888","D08","MAYF","MAYF.AOS.reach","2021-07-21T14:02Z","2022-01-11","MAYF.20210721.SNAG.3","A00000147675",,"TANSP11","Y","Tanytarsus sp.",,,"Arthropoda","Hexapoda","Insecta","Pterygota",,,"Diptera","Nematocera",,,"Chironomidae","Chironominae","Tanytarsini",,"Tanytarsus",,,"larva",2,,2,100,2,"N","N","condition OK","Y",,,,"Weiderholm, 1983; Weiderholm, 1986; Epler 2001; Ferrington et al. 2019; Andersen, Cranston and Epler 2013","N","Rhithron Associates, Inc.","A. Fasbender",,
"7a8e84d0-f2f4-4c5c-a43a-2459a78903c6","D08","MAYF","MAYF.AOS.reach","2021-07-21T14:02Z","2022-01-11","MAYF.20210721.SNAG.4","A00000147685",,"MAYSP","Y","Mayatrichia sp.",,,"Arthropoda","Hexapoda","Insecta","Pterygota",,,"Trichoptera",,,,"Hydroptilidae","Hydroptilinae","Neotrichiini",,"Mayatrichia",,,"larva",2,,4,100,4,"N","N","condition OK","Y",,,,"Wiggins 1996; Merritt et al. 2019","N","Rhithron Associates, Inc.","J. Webb",,
"859ad8f6-db6f-406d-99c7-342301a434bf","D08","MAYF","MAYF.AOS.reach","2021-07-21T14:02Z","2022-01-11","MAYF.20210721.SNAG.4","A00000147685",,"POLFLA1","Y","Polypedilum flavum",,,"Arthropoda","Hexapoda","Insecta","Pterygota",,,"Diptera","Nematocera",,,"Chironomidae","Chironominae","Chironomini",,"Polypedilum",,,"larva",2,,1,100,1,"N","N","condition OK","Y",,,,"Weiderholm, 1983; Weiderholm, 1986; Epler 2001; Ferrington et al. 2008; Andersen, Cranston and Epler 2015","N","Rhithron Associates, Inc.","A. Fasbender",,
"ccbf41fe-bb65-420d-a08c-c94f12121268","D08","MAYF","MAYF.AOS.reach","2021-07-21T14:02Z","2022-01-11","MAYF.20210721.SNAG.4","A00000147685",,"STEPER","Y","Kribiodorum perpulchrum",,,"Arthropoda","Hexapoda","Insecta","Pterygota",,,"Diptera","Nematocera",,,"Chironomidae","Chironominae","Chironomini",,"Kribiodorum",,,"larva",3,,1,100,1,"N","N","condition OK","Y",,,,"Weiderholm, 1983; Weiderholm, 1986; Epler 2001; Ferrington et al. 2008; Andersen, Cranston and Epler 2013","N","Rhithron Associates, Inc.","A. Fasbender",,
"47e4a4ea-6a38-4476-8a70-521ef90e670d","D08","MAYF","MAYF.AOS.reach","2021-07-21T14:02Z","2022-01-11","MAYF.20210721.SNAG.5","A00000147686",,"NEOSP30","Y","Neoplasta sp.",,,"Arthropoda","Hexapoda","Insecta","Pterygota",,,"Diptera","Brachycera",,,"Empididae","Hemerodromiinae","Hemerodromiini",,"Neoplasta",,,"larva",2,,1,100,1,"N","N","condition OK","Y",,,,"Merritt et al. 2019","Y","Rhithron Associates, Inc.","J. Webb",,
"dab2350b-a4a8-4056-bb79-43051921cb70","D08","MAYF","MAYF.AOS.reach","2021-07-21T14:02Z","2022-01-11","MAYF.20210721.SNAG.5","A00000147686",,"STESP6","Y","Stenelmis sp.",,,"Arthropoda","Hexapoda","Insecta","Pterygota",,,"Coleoptera","Polyphaga",,,"Elmidae",,,,"Stenelmis",,,"larva",2,,4,100,4,"N","N","condition OK","N",,,,"Brown 1972; Merritt et al. 2019","Y","Rhithron Associates, Inc.","J. Webb",,
"6ed97af2-fc66-4b5d-9dd2-685789878312","D08","MAYF","MAYF.AOS.reach","2021-07-21T14:02Z","2022-01-11","MAYF.20210721.SNAG.5","A00000147686",,"RHESP2","Y","Rheotanytarsus sp.",,,"Arthropoda","Hexapoda","Insecta","Pterygota",,,"Diptera","Nematocera",,,"Chironomidae","Chironominae","Tanytarsini",,"Rheotanytarsus",,,"larva",2,,1,100,1,"Y","N","condition OK","Y",,,,"Weiderholm, 1983; Weiderholm, 1986; Epler 2001; Ferrington et al. 2019; Andersen, Cranston and Epler 2013","Y","Rhithron Associates, Inc.","A. Fasbender",,
"a60893cc-1f2c-4cd6-895b-30e7d8123d72","D08","MAYF","MAYF.AOS.reach","2021-07-21T14:02Z","2022-01-11","MAYF.20210721.SNAG.3","A00000147675",,"CORSP19","Y","Corynoneura sp.",,,"Arthropoda","Hexapoda","Insecta","Pterygota",,,"Diptera","Nematocera",,,"Chironomidae","Orthocladiinae",,,"Corynoneura",,,"pupa",1,,1,100,1,"N","N","condition OK","Y",,,,"Weiderholm, 1983; Weiderholm, 1986; Epler 2001; Ferrington et al. 2019; Andersen, Cranston and Epler 2013","N","Rhithron Associates, Inc.","A. Fasbender",,
"f5e79e0a-85fc-40a6-b99c-4aa982e318da","D08","MAYF","MAYF.AOS.reach","2021-07-21T14:02Z","2022-01-11","MAYF.20210721.SNAG.5","A00000147686",,"ANCVAR1","Y","Ancyronyx variegatus",,,"Arthropoda","Hexapoda","Insecta","Pterygota",,,"Coleoptera","Polyphaga",,,"Elmidae",,,,"Ancyronyx",,,"larva",3,,1,100,1,"N","N","condition OK","Y",,,,"Merritt et al. 2019","Y","Rhithron Associates, Inc.","J. Webb",,
"24e0b09d-eaa3-44ea-b71c-8af4b2ee7a8d","D08","MAYF","MAYF.AOS.reach","2021-07-21T14:02Z","2022-01-11","MAYF.20210721.SNAG.4","A00000147685",,"HEMSP3","Y","Hemerodromiinae sp.",,,"Arthropoda","Hexapoda","Insecta","Pterygota",,,"Diptera","Brachycera",,,"Empididae","Hemerodromiinae",,,,,,"larva",1,,15,100,15,"Y","N","condition OK","Y",,,,"Merrit, Cumming and Berg 2019","N","Rhithron Associates, Inc.","J. Webb",,
"33340506-28b3-4b77-a7e1-f03d1c2785c6","D08","MAYF","MAYF.AOS.reach","2021-07-21T14:02Z","2022-01-11","MAYF.20210721.SNAG.5","A00000147686",,"CRYSP2","Y","Cryptochironomus sp.",,,"Arthropoda","Hexapoda","Insecta","Pterygota",,,"Diptera","Nematocera",,,"Chironomidae","Chironominae","Chironomini",,"Cryptochironomus",,,"larva",1,,1,100,1,"N","N","condition OK","Y",,,,"Weiderholm, 1983; Weiderholm, 1986; Epler 2001; Ferrington et al. 2019; Andersen, Cranston and Epler 2013","Y","Rhithron Associates, Inc.","A. Fasbender",,
"f8ab3bab-972a-4cc7-add8-68a5116b0c8c","D08","MAYF","MAYF.AOS.reach","2021-07-21T14:02Z","2022-01-11","MAYF.20210721.SNAG.4","A00000147685",,"TVESP","Y","Tvetenia sp.",,,"Arthropoda","Hexapoda","Insecta","Pterygota",,,"Diptera","Nematocera",,,"Chironomidae","Orthocladiinae",,,"Tvetenia",,,"larva",2,,3,100,3,"N","N","condition OK","Y",,,,"Weiderholm, 1983; Weiderholm, 1986; Epler 2001; Ferrington et al. 2019; Andersen, Cranston and Epler 2013","N","Rhithron Associates, Inc.","A. Fasbender",,
"1d8cfce9-0cd0-44e6-a64b-c7c516efded7","D08","MAYF","MAYF.AOS.reach","2021-07-21T14:02Z","2022-01-11","MAYF.20210721.SNAG.5","A00000147686",,"OSTSP","Y","Ostracoda sp.",,,"Arthropoda","Crustacea","Ostracoda",,,,,,,,,,,,,,,"none",1,,1,100,1,"N","N","condition OK","Y",,,,"Thorp and Rogers 2016","Y","Rhithron Associates, Inc.","J. Webb",,
"d4b60416-db9e-4e29-bf5f-534e9ad75dcb","D08","MAYF","MAYF.AOS.reach","2021-07-21T14:02Z","2022-01-11","MAYF.20210721.SNAG.4","A00000147685",,"STESP8","Y","Stenochironomus sp.",,,"Arthropoda","Hexapoda","Insecta","Pterygota",,,"Diptera","Nematocera",,,"Chironomidae","Chironominae","Chironomini",,"Stenochironomus",,,"larva",3,,1,100,1,"N","N","condition OK","Y",,,,"Weiderholm, 1983; Weiderholm, 1986; Epler 2001; Ferrington et al. 2019; Andersen, Cranston and Epler 2013","N","Rhithron Associates, Inc.","A. Fasbender",,
"a76c5958-f994-42f5-8635-5fdec7753b53","D08","MAYF","MAYF.AOS.reach","2021-07-21T14:02Z","2022-01-11","MAYF.20210721.SNAG.4","A00000147685",,"HYDSP4","Y","Hydropsychidae sp.",,,"Arthropoda","Hexapoda","Insecta","Pterygota",,,"Trichoptera",,,,"Hydropsychidae",,,,,,,"larva",1,,3,100,3,"Y","N","condition OK","N",,,,"Wiggins 1996, Merritt et al. 2019","N","Rhithron Associates, Inc.","J. Webb",,
"a95e6834-d535-4c9f-98b9-243d8c2a89d9","D08","MAYF","MAYF.AOS.reach","2021-07-21T14:02Z","2022-01-11","MAYF.20210721.SNAG.5","A00000147686",,"CORSP19","Y","Corynoneura sp.",,,"Arthropoda","Hexapoda","Insecta","Pterygota",,,"Diptera","Nematocera",,,"Chironomidae","Orthocladiinae",,,"Corynoneura",,,"larva",1,,3,100,3,"N","N","condition OK","Y",,,,"Weiderholm, 1983; Weiderholm, 1986; Epler 2001; Ferrington et al. 2019; Andersen, Cranston and Epler 2013","Y","Rhithron Associates, Inc.","A. Fasbender",,
"272a97a0-49c5-450b-ab21-0d46730cc840","D08","MAYF","MAYF.AOS.reach","2021-07-21T14:02Z","2022-01-11","MAYF.20210721.SNAG.5","A00000147686",,"THISP2","Y","Thienemanniella sp.",,,"Arthropoda","Hexapoda","Insecta","Pterygota",,,"Diptera","Nematocera",,,"Chironomidae","Orthocladiinae",,,"Thienemanniella",,,"larva",1,,2,100,2,"N","N","condition OK","Y",,,,"Weiderholm, 1983; Weiderholm, 1986; Epler 2001; Ferrington et al. 2019; Andersen, Cranston and Epler 2013","Y","Rhithron Associates, Inc.","A. Fasbender",,
"37ec79c2-9b72-44f1-9b6b-f290d85ad2de","D08","MAYF","MAYF.AOS.reach","2021-07-21T14:02Z","2022-01-11","MAYF.20210721.CORE.3","A00000147676",,"HEXSP3","Y","Hexatoma sp.",,,"Arthropoda","Hexapoda","Insecta","Pterygota",,,"Diptera","Nematocera",,,"Limoniidae","Limnophilinae",,,"Hexatoma",,,"larva",3,,1,100,1,"N","N","condition OK","Y",,,,"Gelhaus and Podeniene 2018; Merritt et al. 2019","N","Rhithron Associates, Inc.","B. Moore",,
"63fc8953-3923-41fe-9ac2-0da9c95966a3","D08","MAYF","MAYF.AOS.reach","2021-07-21T14:02Z","2022-01-11","MAYF.20210721.SNAG.5","A00000147686",,"CRISP6","Y","Cricotopus/Orthocladius sp.",,,"Arthropoda","Hexapoda","Insecta","Pterygota",,,"Diptera","Nematocera",,,"Chironomidae","Orthocladiinae",,,"Cricotopus / Orthocladius",,,"larva",1,,1,100,1,"Y","N","condition OK","Y",,,,"Weiderholm, 1983; Weiderholm, 1986; Epler 2001; Ferrington et al. 2008; Andersen, Cranston and Epler 2013","Y","Rhithron Associates, Inc.","A. Fasbender",,
"9d2dd56d-781f-4d95-ac2b-8312701d8882","D08","MAYF","MAYF.AOS.reach","2021-07-21T14:02Z","2022-01-11","MAYF.20210721.SNAG.5","A00000147686",,"ATUSP1","Y","Aturus sp.",,,"Arthropoda","Chelicerata","Arachnida","Acari",,,"Trombidiformes","Prostigmata",,,"Aturidae",,,,"Aturus",,,"adult",1,,1,100,1,"N","N","condition OK","Y",,,,"Thorp and Rogers 2016","Y","Rhithron Associates, Inc.","J. Webb",,
"e8d429bd-2b19-4787-b3db-57697f213055","D08","MAYF","MAYF.AOS.reach","2021-07-21T14:02Z","2022-01-11","MAYF.20210721.SNAG.4","A00000147685",,"ORTLIG","Y","Orthocladius lignicola",,,"Arthropoda","Hexapoda","Insecta","Pterygota",,,"Diptera","Nematocera",,,"Chironomidae","Orthocladiinae",,,"Orthocladius",,,"larva",2,,2,100,2,"N","N","condition OK","Y",,,,"Weiderholm, 1983; Weiderholm, 1986; Epler 2001; Ferrington et al. 2019; Andersen, Cranston and Epler 2013","N","Rhithron Associates, Inc.","A. Fasbender",,
"e5f62086-6e73-4c63-9e39-e6ed856f682b","D08","MAYF","MAYF.AOS.reach","2021-07-21T14:02Z","2022-01-11","MAYF.20210721.SNAG.4","A00000147685",,"STESP6","Y","Stenelmis sp.",,,"Arthropoda","Hexapoda","Insecta","Pterygota",,,"Coleoptera","Polyphaga",,,"Elmidae",,,,"Stenelmis",,,"larva",3,,1,100,1,"N","N","condition OK","N",,,,"Brown 1972; Merritt et al. 2019","N","Rhithron Associates, Inc.","J. Webb",,
"34cce4bd-d7dc-400d-a2bb-9e6894d8af84","D08","MAYF","MAYF.AOS.reach","2021-07-21T14:02Z","2022-01-11","MAYF.20210721.SNAG.4","A00000147685",,"TVESP","Y","Tvetenia sp.",,,"Arthropoda","Hexapoda","Insecta","Pterygota",,,"Diptera","Nematocera",,,"Chironomidae","Orthocladiinae",,,"Tvetenia",,,"larva",1,,3,100,3,"N","N","condition OK","Y",,,,"Weiderholm, 1983; Weiderholm, 1986; Epler 2001; Ferrington et al. 2019; Andersen, Cranston and Epler 2013","N","Rhithron Associates, Inc.","A. Fasbender",,
"465abe50-cce3-4081-8b25-27bc61ba94eb","D08","MAYF","MAYF.AOS.reach","2021-07-21T14:02Z","2022-01-11","MAYF.20210721.SNAG.2","A00000147674",,"STESP6","Y","Stenelmis sp.",,,"Arthropoda","Hexapoda","Insecta","Pterygota",,,"Coleoptera","Polyphaga",,,"Elmidae",,,,"Stenelmis",,,"larva",3,,2,100,2,"N","N","condition OK","Y",,,,"Brown 1972; Merritt et al. 2019","N","Rhithron Associates, Inc.","B. Moore",,
"b2a1505e-c000-4112-8f98-dbacbb8f3bad","D08","MAYF","MAYF.AOS.reach","2021-07-21T14:02Z","2022-01-11","MAYF.20210721.SNAG.5","A00000147686",,"CHISP6","Y","Chironomini sp.",,,"Arthropoda","Hexapoda","Insecta","Pterygota",,,"Diptera","Nematocera",,,"Chironomidae","Chironominae","Chironomini",,,,,"larva",1,,1,100,1,"Y","N","condition OK","N",,,,"Weiderholm, 1983; Weiderholm, 1986; Epler 2001; Ferrington et al. 2019; Andersen, Cranston and Epler 2013","Y","Rhithron Associates, Inc.","A. Fasbender",,
"b3dd81f2-e2eb-401a-a110-f95e3a6684c1","D08","MAYF","MAYF.AOS.reach","2021-07-21T14:02Z","2022-01-11","MAYF.20210721.SNAG.5","A00000147686",,"DIPSP8","Y","Diplectrona sp.",,,"Arthropoda","Hexapoda","Insecta","Pterygota",,,"Trichoptera",,,,"Hydropsychidae","Diplectroninae",,,"Diplectrona",,,"larva",2,,1,100,1,"N","N","condition OK","Y",,,,"Wiggins 1996","Y","Rhithron Associates, Inc.","J. Webb",,
"ef36c16d-7177-4af9-bf33-ff8fe0fb7dab","D08","MAYF","MAYF.AOS.reach","2021-07-21T14:02Z","2022-01-11","MAYF.20210721.SNAG.1","A00000147669",,"OECTES","Y","Oecetis testacea gr.",,,"Arthropoda","Hexapoda","Insecta","Pterygota",,,"Trichoptera",,,,"Leptoceridae","Leptocerinae","Oecetini",,"Oecetis",,,"larva",1,,1,100,1,"N","N","condition OK","Y",,,,"Floyd 1995","N","Rhithron Associates, Inc.","B. Moore",,
"e5da5660-a446-4209-a236-6654dfd9a291","D08","MAYF","MAYF.AOS.reach","2021-07-21T14:02Z","2022-01-11","MAYF.20210721.SNAG.5","A00000147686",,"TANSP11","Y","Tanytarsus sp.",,,"Arthropoda","Hexapoda","Insecta","Pterygota",,,"Diptera","Nematocera",,,"Chironomidae","Chironominae","Tanytarsini",,"Tanytarsus",,,"larva",2,,16,100,16,"N","N","condition OK","Y",,,,"Weiderholm, 1983; Weiderholm, 1986; Epler 2001; Ferrington et al. 2019; Andersen, Cranston and Epler 2013","Y","Rhithron Associates, Inc.","A. Fasbender",,
"2af48ac0-8c41-448d-86c1-63c204582d04","D08","MAYF","MAYF.AOS.reach","2021-07-21T14:02Z","2022-01-11","MAYF.20210721.SNAG.5","A00000147686",,"CERSP10","Y","Ceratopogoninae sp.",,,"Arthropoda","Hexapoda","Insecta","Pterygota",,,"Diptera","Nematocera",,,"Ceratopogonidae","Ceratopogoninae",,,,,,"larva",1,,5,100,5,"N","N","condition OK","Y",,,,"Merritt et al. 2019","Y","Rhithron Associates, Inc.","J. Webb",,
"d374aa96-772a-408f-8d4d-0b948d42577c","D08","MAYF","MAYF.AOS.reach","2021-07-21T14:02Z","2022-01-11","MAYF.20210721.SNAG.4","A00000147685",,"STEPER","Y","Kribiodorum perpulchrum",,,"Arthropoda","Hexapoda","Insecta","Pterygota",,,"Diptera","Nematocera",,,"Chironomidae","Chironominae","Chironomini",,"Kribiodorum",,,"larva",1,,2,100,2,"N","N","condition OK","Y",,,,"Weiderholm, 1983; Weiderholm, 1986; Epler 2001; Ferrington et al. 2008; Andersen, Cranston and Epler 2013","N","Rhithron Associates, Inc.","A. Fasbender",,
"4593f047-33cb-490e-ad0f-a2272f834c5f","D08","MAYF","MAYF.AOS.reach","2021-07-21T14:02Z","2022-01-11","MAYF.20210721.SNAG.5","A00000147686",,"THIGRO","Y","Thienemannimyia gr.",,,"Arthropoda","Hexapoda","Insecta","Pterygota",,,"Diptera","Nematocera",,,"Chironomidae","Tanypodinae","Pentaneurini",,,,,"larva",4,,1,100,1,"Y","N","condition OK","Y",,,,"Weiderholm, 1983; Weiderholm, 1986; Epler 2001; Ferrington et al. 2008; Andersen, Cranston and Epler 2017","Y","Rhithron Associates, Inc.","A. Fasbender",,
"9e49dc8b-7858-436e-8604-0b925da54612","D08","MAYF","MAYF.AOS.reach","2021-07-21T14:02Z","2022-01-11","MAYF.20210721.SNAG.4","A00000147685",,"TANSP11","Y","Tanytarsus sp.",,,"Arthropoda","Hexapoda","Insecta","Pterygota",,,"Diptera","Nematocera",,,"Chironomidae","Chironominae","Tanytarsini",,"Tanytarsus",,,"larva",2,,1,100,1,"N","N","condition OK","Y",,,,"Weiderholm, 1983; Weiderholm, 1986; Epler 2001; Ferrington et al. 2019; Andersen, Cranston and Epler 2013","N","Rhithron Associates, Inc.","A. Fasbender",,
"19b80f2f-9ca2-4bca-bc34-485435f78555","D08","MAYF","MAYF.AOS.reach","2021-07-21T14:02Z","2022-01-11","MAYF.20210721.SNAG.5","A00000147686","BA21NEOMST14001O1","ENCSP1","Y","Enchytraeidae sp.",,,"Annelida",,"Clitellata","Oligochaeta",,,"Enchytraeida",,,,"Enchytraeidae",,,,,,,"none",1,,2,100,2,"N","N","condition OK","Y",,,,"Kathman and Brinkhurst, 1999","Y","Rhithron Associates, Inc.","A. Fasbender",,
"ca318ae2-c3c1-46b1-b36a-45ea927ca877","D08","MAYF","MAYF.AOS.reach","2021-07-21T14:02Z","2022-01-11","MAYF.20210721.SNAG.2","A00000147674",,"STESP6","Y","Stenelmis sp.",,,"Arthropoda","Hexapoda","Insecta","Pterygota",,,"Coleoptera","Polyphaga",,,"Elmidae",,,,"Stenelmis",,,"larva",5,,1,100,1,"N","N","condition OK","Y",,,,"Brown 1972; Merritt et al. 2019","N","Rhithron Associates, Inc.","B. Moore",,
"b1ab8d02-0bf4-48dd-8e8c-08a7711f52eb","D08","MAYF","MAYF.AOS.reach","2021-07-21T14:02Z","2022-01-11","MAYF.20210721.SNAG.5","A00000147686",,"ANCBIC","Y","Anchytarsus bicolor",,,"Arthropoda","Hexapoda","Insecta","Pterygota",,,"Coleoptera","Polyphaga",,,"Ptilodactylidae","Anchytarsinae",,,"Anchytarsus",,,"larva",2,,1,100,1,"N","N","condition OK","Y",,,,"Merritt et al. 2019","Y","Rhithron Associates, Inc.","J. Webb",,
