uid,domainID,siteID,namedLocation,collectDate,sortDate,qcSortDate,sampleID,sampleCode,mixedInvertVialID,mixedInvertVialCode,chironomidVialID,chironomidVialCode,oligochaeteVialID,oligochaeteVialCode,largeInvertVialID,largeInvertVialCode,testProtocolVersion,primaryMatrix,preRinseVolume,postRinseVolume,subsamplePercent,qcSortingEfficacy,qcIterationCount,qcPercentSimilarity,laboratoryName,sortedBy,qcSortedBy,benchRemarks,dataQF,qcEnumerationDifference,qcTaxonomicDifference
"9b4a1ff8-4510-412f-89f4-3866031af0b1","D08","MAYF","MAYF.AOS.reach","2021-07-21T14:02Z","2022-01-04","2022-01-04","MAYF.20210721.CORE.2","A00000147673",,,"BA21NEOMST14007C",,,,"BA21NEOMST14007LR",,"RHITHRON_Macroinvertebrate_Identification_Revision1","other (specified in remarks)",,,100.0,100.0,1,,"Rhithron Associates, Inc.","HoJKUEaBlIWcVZrQzHKCwUtkjcbrResP","LOdFES9HN1w=","fine inorganic",,,
"1acd2a55-6059-4522-a1bb-70eb7818682f","D08","MAYF","MAYF.AOS.reach","2021-07-21T14:02Z","2022-01-04","2022-01-05","MAYF.20210721.SNAG.1","A00000147669",,,"BA21NEOMST14005C",,,,"BA21NEOMST14005LR",,"RHITHRON_Macroinvertebrate_Identification_Revision1","fine organic",,,100.0,100.0,1,,"Rhithron Associates, Inc.","LOdFES9HN1w=","kcNHfEa00olgOMivYV39aQ==",,,,
"fcac2eef-6d6f-4ba9-b634-c3ac45d7b6ab","D08","MAYF","MAYF.AOS.reach","2021-07-21T14:02Z","2022-01-04","2022-01-04","MAYF.20210721.CORE.3","A00000147676",,,"BA21NEOMST14006C",,,,"BA21NEOMST14006LR",,"RHITHRON_Macroinvertebrate_Identification_Revision1","fine organic",,,100.0,100.0,1,,"Rhithron Associates, Inc.","3hsarqkn53DnTHf+v6UBHA==","LOdFES9HN1w=",,,,
"8d66e6a0-5f5c-482e-b522-da2cdf115465","D08","MAYF","MAYF.AOS.reach","2021-07-21T14:02Z","2022-01-04","2022-01-04","MAYF.20210721.SNAG.2","A00000147674",,,"BA21NEOMST14004C",,,,"BA21NEOMST14004LR",,"RHITHRON_Macroinvertebrate_Identification_Revision1","fine organic",,,100.0,100.0,1,,"Rhithron Associates, Inc.","3hsarqkn53DnTHf+v6UBHA==","LOdFES9HN1w=",,,,
"6a1d587f-d916-45f9-8992-74926569bda3","D08","MAYF","MAYF.AOS.reach","2021-07-21T14:02Z","2022-01-04","2022-01-05","MAYF.20210721.CORE.1","A00000147671",,,"BA21NEOMST14008C",,,,"BA21NEOMST14008LR",,"RHITHRON_Macroinvertebrate_Identification_Revision1","other (specified in remarks)",,,100.0,100.0,1,,"Rhithron Associates, Inc.","LOdFES9HN1w=","kcNHfEa00olgOMivYV39aQ==","fine organic",,,
"36059141-2990-46e2-97a1-8641a8253b4f","D08","MAYF","MAYF.AOS.reach","2021-07-21T14:02Z","2022-01-04","2022-01-04","MAYF.20210721.SNAG.3","A00000147675",,,"BA21NEOMST14003C",,,,"BA21NEOMST14003LR",,"RHITHRON_Macroinvertebrate_Identification_Revision1","coarse organic",,,100.0,100.0,1,,"Rhithron Associates, Inc.","HoJKUEaBlIWcVZrQzHKCwUtkjcbrResP","LOdFES9HN1w=",,,,
"78c2c4a0-72b7-432b-bedd-0b77759f589c","D08","MAYF","MAYF.AOS.reach","2021-07-21T14:02Z","2022-01-04","2022-01-04","MAYF.20210721.SNAG.4","A00000147685",,,"BA21NEOMST14002C",,,,"BA21NEOMST14002LR",,"RHITHRON_Macroinvertebrate_Identification_Revision1","fine organic",,,100.0,93.8,1,,"Rhithron Associates, Inc.","kcNHfEa00olgOMivYV39aQ==","LOdFES9HN1w=",,,,
"11fc6838-3444-4cea-9f1f-bbccf64f0ace","D08","MAYF","MAYF.AOS.reach","2021-07-21T14:02Z","2022-01-04","2022-01-04","MAYF.20210721.SNAG.5","A00000147686",,,"BA21NEOMST14001C",,,,"BA21NEOMST14001LR",,"RHITHRON_Macroinvertebrate_Identification_Revision1","fine organic",,,100.0,94.4,1,,"Rhithron Associates, Inc.","f4cEayqHT1iCvAVqokBXcA==","LOdFES9HN1w=",,,1.3,5.3
