uid,domainID,siteID,namedLocation,decimalLatitude,decimalLongitude,coordinateUncertainty,geodeticDatum,elevation,elevationUncertainty,aquaticSiteType,collectDate,eventID,boutNumber,sampleID,sampleCode,sampleCondition,geneticSampleID,geneticSampleCode,geneticSampleCond,samplingProtocolVersion,samplingImpractical,biophysicalCriteria,habitatType,samplerType,sampleNumber,substratumSizeClass,benthicArea,ponarDepth,snagLength,snagDiameter,dnaSnagLength,dnaSnagDiameter,remarks,recordedBy,collectedBy,dataQF
"66eb9b8d-8cf0-4bcf-8a9a-6b317caab5b0","D08","MAYF","MAYF.AOS.reach",32.960365,-87.407688,1000.0,"WGS84",76.7,1000.0,"stream","2021-07-21T14:02Z","MAYF.20210721",2,"MAYF.20210721.SNAG.3","A00000147675",,"MAYF.20210721.SNAG.3.DNA","A00000147684",,"NEON.DOC.003046vE",,"OK - no known exceptions","riffle","snag",3,"sand",0.052,,52.00,3.20,,,"dnaSnagLength and dnaSnagDiameter not collected","0000-0003-1224-3096","0000-0003-1224-3096",
"f48f6089-4a35-46cd-831b-50911a9d5b1d","D08","MAYF","MAYF.AOS.reach",32.960365,-87.407688,1000.0,"WGS84",76.7,1000.0,"stream","2021-07-21T14:02Z","MAYF.20210721",2,"MAYF.20210721.CORE.1","A00000147671",,,,,"NEON.DOC.003046vE",,"OK - no known exceptions","run","core",1,"sand",0.006,,,,,,,"0000-0003-1224-3096","0000-0003-1224-3096",
"6999db54-4ab2-4899-85ea-da139f9c9c9e","D08","MAYF","MAYF.AOS.reach",32.960365,-87.407688,1000.0,"WGS84",76.7,1000.0,"stream","2021-07-21T14:02Z","MAYF.20210721",2,"MAYF.20210721.SNAG.4","A00000147685",,,,,"NEON.DOC.003046vE",,"OK - no known exceptions","riffle","snag",4,"pebble",0.081,,57.00,4.50,,,,"0000-0003-1224-3096","0000-0003-1224-3096",
"cae9e671-1d42-4f8b-860b-0c0cb38cea34","D08","MAYF","MAYF.AOS.reach",32.960365,-87.407688,1000.0,"WGS84",76.7,1000.0,"stream","2021-07-21T14:02Z","MAYF.20210721",2,"MAYF.20210721.SNAG.5","A00000147686",,,,,"NEON.DOC.003046vE",,"OK - no known exceptions","riffle","snag",5,"sand",0.074,,45.00,5.20,,,,"0000-0003-1224-3096","0000-0003-1224-3096",
"b8119014-9fda-4b5a-a732-17d9efd74bae","D08","MAYF","MAYF.AOS.reach",32.960365,-87.407688,1000.0,"WGS84",76.7,1000.0,"stream","2021-07-21T14:02Z","MAYF.20210721",2,"MAYF.20210721.CORE.3","A00000147676",,,,,"NEON.DOC.003046vE",,"OK - no known exceptions","run","core",3,"sand",0.006,,,,,,,"0000-0003-1224-3096","0000-0003-1224-3096",
"934ab6c0-96e5-4081-9791-f9d5fbd44318","D08","MAYF","MAYF.AOS.reach",32.960365,-87.407688,1000.0,"WGS84",76.7,1000.0,"stream","2021-07-21T14:02Z","MAYF.20210721",2,"MAYF.20210721.SNAG.1","A00000147669",,"MAYF.20210721.SNAG.1.DNA","A00000147670",,"NEON.DOC.003046vE",,"OK - no known exceptions","riffle","snag",1,"sand",0.076,,54.00,4.50,49.00,2.60,,"0000-0003-1224-3096","0000-0003-1224-3096",
"928e3ea9-de0b-4298-9f80-384389442ad7","D08","MAYF","MAYF.AOS.reach",32.960365,-87.407688,1000.0,"WGS84",76.7,1000.0,"stream","2021-07-21T14:02Z","MAYF.20210721",2,"MAYF.20210721.SNAG.2","A00000147674",,"MAYF.20210721.SNAG.2.DNA","A00000147672",,"NEON.DOC.003046vE",,"OK - no known exceptions","riffle","snag",2,"sand",0.068,,50.00,4.30,51.00,3.80,,"0000-0003-1224-3096","0000-0003-1224-3096",
"f09ac086-b8c9-4629-b063-5313706c72cc","D08","MAYF","MAYF.AOS.reach",32.960365,-87.407688,1000.0,"WGS84",76.7,1000.0,"stream","2021-07-21T14:02Z","MAYF.20210721",2,"MAYF.20210721.CORE.2","A00000147673",,,,,"NEON.DOC.003046vE",,"OK - no known exceptions","run","core",2,"sand",0.006,,,,,,,"0000-0003-1224-3096","0000-0003-1224-3096",
