uid,domainID,siteID,namedLocation,collectDate,sortDate,qcSortDate,sampleID,sampleCode,mixedInvertVialID,mixedInvertVialCode,chironomidVialID,chironomidVialCode,oligochaeteVialID,oligochaeteVialCode,largeInvertVialID,largeInvertVialCode,testProtocolVersion,primaryMatrix,preRinseVolume,postRinseVolume,subsamplePercent,qcSortingEfficacy,qcIterationCount,qcPercentSimilarity,laboratoryName,sortedBy,qcSortedBy,benchRemarks,dataQF,qcEnumerationDifference,qcTaxonomicDifference
"2e7cf7ac-39c3-4be1-a91c-50e897597fd7","D08","MAYF","MAYF.AOS.reach","2018-03-26T14:50Z","2018-05-11","2018-05-11","MAYF.20180326.CORE.2",,"MAYF.20180326.CORE.2",,,,,,,,"ECOANALYSTS_Macroinvertebrate_Identification_Revision4","other (specified in remarks)",0.02,0.02,100.0,100.0,1,,"EcoAnalysts Inc.","gEqrl/7gTgHVxG4vhU3kcg==","uHoo3kTsBG4=","Primary matrix is inorganic",,,
"3fc93509-445c-4069-a834-f7cc971a3ed1","D08","MAYF","MAYF.AOS.reach","2018-03-26T14:50Z","2018-05-11","2018-05-12","MAYF.20180326.SNAG.1",,"MAYF.20180326.SNAG.1",,,,,,,,"ECOANALYSTS_Macroinvertebrate_Identification_Revision4","coarse organic",0.07,0.06,75.0,99.1,1,,"EcoAnalysts Inc.","1vcFwuCrweea3e6drzmsAw==","CFv/wVYuLpRAmonKqVea5w==",".01 washout",,,
"c3f8c017-0891-4e1b-ae9a-32b38acc7c8f","D08","MAYF","MAYF.AOS.reach","2018-03-26T14:50Z","2018-05-14","2018-05-14","MAYF.20180326.SNAG.4",,"MAYF.20180326.SNAG.4",,,,,,,,"ECOANALYSTS_Macroinvertebrate_Identification_Revision4","fine organic",0.02,0.02,100.0,98.8,1,,"EcoAnalysts Inc.","1vcFwuCrweea3e6drzmsAw==","CFv/wVYuLpRAmonKqVea5w==",,,,
"05d0ce22-60e3-4e75-8c67-1bf4f3a08d9d","D08","MAYF","MAYF.AOS.reach","2018-03-26T14:50Z","2018-05-11","2018-05-12","MAYF.20180326.SNAG.2",,"MAYF.20180326.SNAG.2",,,,,,,,"ECOANALYSTS_Macroinvertebrate_Identification_Revision4","fine organic",0.02,0.02,100.0,96.8,1,,"EcoAnalysts Inc.","gEqrl/7gTgHVxG4vhU3kcg==","CFv/wVYuLpRAmonKqVea5w==",,,0.9,9.8
"5347310d-9862-4764-9c5c-f7b7d489c005","D08","MAYF","MAYF.AOS.reach","2018-03-26T14:50Z","2018-05-11","2018-05-11","MAYF.20180326.CORE.1",,"MAYF.20180326.CORE.1",,,,,,,,"ECOANALYSTS_Macroinvertebrate_Identification_Revision4","other (specified in remarks)",0.02,0.02,100.0,100.0,1,,"EcoAnalysts Inc.","1vcFwuCrweea3e6drzmsAw==","uHoo3kTsBG4=","Primary matrix is inorganic",,,
"2950ab29-d35b-4215-a07d-99b70e721c68","D08","MAYF","MAYF.AOS.reach","2018-03-26T14:50Z","2018-05-14","2018-05-14","MAYF.20180326.SNAG.3",,"MAYF.20180326.SNAG.3",,,,,,,,"ECOANALYSTS_Macroinvertebrate_Identification_Revision4","coarse organic",0.03,0.03,100.0,100.0,1,,"EcoAnalysts Inc.","1vcFwuCrweea3e6drzmsAw==","uHoo3kTsBG4=",,,,
"f7d11440-7684-456c-9e4f-094e7411bbbf","D08","MAYF","MAYF.AOS.reach","2018-03-26T14:50Z","2018-05-14","2018-05-15","MAYF.20180326.SNAG.5",,"MAYF.20180326.SNAG.5",,,,,,,,"ECOANALYSTS_Macroinvertebrate_Identification_Revision4","coarse organic",0.05,0.05,93.8,98.0,1,,"EcoAnalysts Inc.","1vcFwuCrweea3e6drzmsAw==","CFv/wVYuLpRAmonKqVea5w==",,,,
"681746ff-f9e6-4577-8b8d-fc808724f29c","D08","MAYF","MAYF.AOS.reach","2018-03-26T14:50Z","2018-05-11","2018-05-11","MAYF.20180326.CORE.3",,"MAYF.20180326.CORE.3",,,,,,,,"ECOANALYSTS_Macroinvertebrate_Identification_Revision4","other (specified in remarks)",0.01,0.01,100.0,100.0,1,,"EcoAnalysts Inc.","1vcFwuCrweea3e6drzmsAw==","uHoo3kTsBG4=","Primary matrix is inorganic",,,
