uid,domainID,siteID,namedLocation,startDate,collectDate,sampleID,sampleCode,slideID,slideCode,scientificName,morphospeciesID,referenceCount,referenceID,referenceCode,archiveLabSampleMedium,laboratoryName,dataQF
"90376679-929c-4e99-a948-00fd48875aea","D08","MAYF","MAYF.AOS.reach","2018-03-26T14:50Z","2018-03-26T14:50Z","MAYF.20180326.SNAG.1",,,,"Polypedilum convictum",,1,"MAYF.20180326.SNAG.1.POLYPEDILUM CONVICTUM",,,"EcoAnalysts Inc.",
"6fbbce16-81d4-4f8b-a10d-ce9aab17db2b","D08","MAYF","MAYF.AOS.reach","2018-03-26T14:50Z","2018-03-26T14:50Z","MAYF.20180326.SNAG.5",,,,"Parametriocnemus sp.",,1,"MAYF.20180326.SNAG.5.PARAMETRIOCNEMUS SP.",,,"EcoAnalysts Inc.",
"3a5f0bd1-108d-4f1e-a5e7-0b9438360664","D08","MAYF","MAYF.AOS.reach","2018-03-26T14:50Z","2018-03-26T14:50Z","MAYF.20180326.CORE.1",,,,"Polypedilum halterale gr.",,1,"MAYF.20180326.CORE.1.POLYPEDILUM HALTERALE GR.",,,"EcoAnalysts Inc.",
"459c34a9-a2e5-4422-86a1-f3c2e81ac73a","D08","MAYF","MAYF.AOS.reach","2018-03-26T14:50Z","2018-03-26T14:50Z","MAYF.20180326.SNAG.1",,,,"Xestochironomus sp.",,1,"MAYF.20180326.SNAG.1.XESTOCHIRONOMUS SP.",,,"EcoAnalysts Inc.",
"e6b9bc76-e993-464f-ba3a-eeb4809b1b31","D08","MAYF","MAYF.AOS.reach","2018-03-26T14:50Z","2018-03-26T14:50Z","MAYF.20180326.SNAG.1",,,,"Nilothauma sp.",,1,"MAYF.20180326.SNAG.1.NILOTHAUMA SP.",,,"EcoAnalysts Inc.",
"ea7d880a-c379-47ca-9d40-3aab2cc8c261","D08","MAYF","MAYF.AOS.reach","2018-03-26T14:50Z","2018-03-26T14:50Z","MAYF.20180326.CORE.2",,,,"Robackia demeijerei",,1,"MAYF.20180326.CORE.2.ROBACKIA DEMEIJEREI",,,"EcoAnalysts Inc.",
"3af729ce-c1f4-4419-bfec-162630e5f0c9","D08","MAYF","MAYF.AOS.reach","2018-03-26T14:50Z","2018-03-26T14:50Z","MAYF.20180326.SNAG.5",,,,"Orthocladius lignicola","(Symposiocladius)",1,"MAYF.20180326.SNAG.5.ORTHOCLADIUS (SYMPOSIOCLADIUS) LIGNICOLA",,,"EcoAnalysts Inc.",
"c71a76ad-88ed-4900-82cf-14f902ec5bd6","D08","MAYF","MAYF.AOS.reach","2018-03-26T14:50Z","2018-03-26T14:50Z","MAYF.20180326.SNAG.1",,,,"Unniella multivirga",,1,"MAYF.20180326.SNAG.1.UNNIELLA MULTIVIRGA",,,"EcoAnalysts Inc.",
"6932f589-3998-473a-9e1e-51ac09c8de1c","D08","MAYF","MAYF.AOS.reach","2018-03-26T14:50Z","2018-03-26T14:50Z","MAYF.20180326.SNAG.1",,,,"Rheocricotopus sp.",,1,"MAYF.20180326.SNAG.1.RHEOCRICOTOPUS SP.",,,"EcoAnalysts Inc.",
