uid,domainID,siteID,namedLocation,collectDate,identifiedDate,sampleID,sampleCode,slideID,taxonID,targetTaxaPresent,scientificName,morphospeciesID,taxonRank,phylum,subphylum,class,subclass,infraclass,superorder,order,suborder,infraorder,superfamily,family,subfamily,tribe,subtribe,genus,specificEpithet,infraspecificEpithet,invertebrateLifeStage,sizeClass,sizeCategory,individualCount,subsamplePercent,estimatedTotalCount,immatureSpecimen,indeterminateSpecies,sampleCondition,distinctTaxon,taxonDatabaseID,taxonDatabaseName,identificationQualifier,identificationReferences,qcChecked,laboratoryName,identifiedBy,identificationRemarks,dataQF
"dab56563-2d0c-40f6-9672-eb161976276a","D08","MAYF","MAYF.AOS.reach","2018-03-26T14:50Z","2018-09-05","MAYF.20180326.SNAG.5",,,"UNNMUL","Y","Unniella multivirga",,,"Arthropoda","Hexapoda","Insecta",,,,"Diptera","Nematocera",,,"Chironomidae","Orthocladiinae",,,"Unniella",,,"larva",4,,1,94,1,"N","N","condition OK","Y","129207","ITIS",,"Epler 2001, and Maschwitz and Cook 2000","N","EcoAnalysts Inc.","U. Rai",,
"b731e39f-00a7-4c57-8362-afd763582400","D08","MAYF","MAYF.AOS.reach","2018-03-26T14:50Z","2018-08-01","MAYF.20180326.CORE.1",,,"HYGSP2","Y","Hygrobates sp.",,,"Arthropoda","Chelicerata","Arachnida","Acari",,"Acariformes","Trombidiformes",,,,"Hygrobatidae",,,,"Hygrobates",,,"adult",1,,1,100,1,"N","N","condition OK","Y","83297","ITIS",,"Thorp and Covich 2001","N","EcoAnalysts Inc.","A. Navesky",,
"3f33847a-ac69-467e-a497-f937714a7979","D08","MAYF","MAYF.AOS.reach","2018-03-26T14:50Z","2018-09-05","MAYF.20180326.SNAG.4",,,"ORTSP1","Y","Orthocladiinae sp.",,,"Arthropoda","Hexapoda","Insecta",,,,"Diptera","Nematocera",,,"Chironomidae","Orthocladiinae",,,,,,"pupa",1,,1,100,1,"N","N","damaged, affecting measurement","Y","128457","ITIS",,"Epler 2001","N","EcoAnalysts Inc.","U. Rai",,
"27ef44a2-577f-41c3-8af1-6e95e09da35b","D08","MAYF","MAYF.AOS.reach","2018-03-26T14:50Z","2018-09-05","MAYF.20180326.SNAG.5",,,"STEPER","Y","Kribiodorum perpulchrum",,,"Arthropoda","Hexapoda","Insecta",,,,"Diptera","Nematocera",,,"Chironomidae","Chironominae","Chironomini",,"Kribiodorum",,,"larva",5,,1,94,1,"N","N","condition OK","Y",,,,"Epler 2001, and Maschwitz and Cook 2000","N","EcoAnalysts Inc.","U. Rai",,
"6ac67300-4d86-449e-9ae2-3ae99f6cd5d6","D08","MAYF","MAYF.AOS.reach","2018-03-26T14:50Z","2018-08-02","MAYF.20180326.SNAG.2",,,"ATUSP","Y","Aturidae sp.",,,"Arthropoda","Chelicerata","Arachnida","Acari",,"Acariformes","Trombidiformes",,,,"Aturidae",,,,,,,"adult",1,,1,100,1,"N","N","damaged, affecting taxonomy","Y","82973","ITIS",,"Thorp and Covich 2001","Y","EcoAnalysts Inc.","A. Navesky",,
"d4d7cf0a-390f-4625-a7d4-f47d7fc0e0f3","D08","MAYF","MAYF.AOS.reach","2018-03-26T14:50Z","2018-09-05","MAYF.20180326.SNAG.4",,,"PARSP26","Y","Parametriocnemus sp.",,,"Arthropoda","Hexapoda","Insecta",,,,"Diptera","Nematocera",,,"Chironomidae","Orthocladiinae",,,"Parametriocnemus",,,"larva",2,,1,100,1,"N","N","condition OK","Y","128978","ITIS",,"Epler 2001","N","EcoAnalysts Inc.","U. Rai",,
"b1ced194-bac7-4042-bad5-2a9d4db9812b","D08","MAYF","MAYF.AOS.reach","2018-03-26T14:50Z","2018-08-01","MAYF.20180326.SNAG.1",,,"PERSP1","Y","Perlidae sp.",,,"Arthropoda","Hexapoda","Insecta","Pterygota","Neoptera",,"Plecoptera",,,,"Perlidae",,,,,,,"larva",1,,5,75,7,"Y","N","condition OK","N","102914","ITIS",,"Stewart and Stark, 2002","N","EcoAnalysts Inc.","A. Navesky",,
"5e057ce8-ab28-4fac-9ff2-1a4bb5af3caa","D08","MAYF","MAYF.AOS.reach","2018-03-26T14:50Z","2018-09-05","MAYF.20180326.SNAG.1",,,"PENSP6","Y","Pentaneurini sp.",,,"Arthropoda","Hexapoda","Insecta",,,,"Diptera","Nematocera",,,"Chironomidae","Tanypodinae","Pentaneurini",,,,,"larva",1,,1,75,1,"N","N","damaged, affecting taxonomy","N","128078","ITIS",,"Epler 2001","N","EcoAnalysts Inc.","U. Rai",,
"f9a530c7-5b2a-4298-8351-e20acf62dab2","D08","MAYF","MAYF.AOS.reach","2018-03-26T14:50Z","2018-07-27","MAYF.20180326.SNAG.1",,,"ENCSP1","Y","Enchytraeidae sp.",,,"Annelida",,"Clitellata","Oligochaeta",,,"Enchytraeida",,,,"Enchytraeidae",,,,,,,"larva",3,,1,75,1,"N","N","condition OK","Y","68510","ITIS",,"Kathman and Brinkhurst, 1999","N","EcoAnalysts Inc.","L. Flaherty",,
"cf6310a2-efdb-4e35-bd35-037a5230f6e8","D08","MAYF","MAYF.AOS.reach","2018-03-26T14:50Z","2018-09-05","MAYF.20180326.CORE.1",,,"POLHAL","Y","Polypedilum halterale gr.",,,"Arthropoda","Hexapoda","Insecta",,,,"Diptera","Nematocera",,,"Chironomidae","Chironominae","Chironomini",,"Polypedilum",,,"larva",5,,1,100,1,"N","N","condition OK","Y",,,,"Epler 2001, and Maschwitz and Cook 2000","N","EcoAnalysts Inc.","U. Rai",,
"49a81dc5-5526-4057-b3f4-a4f6a37b6613","D08","MAYF","MAYF.AOS.reach","2018-03-26T14:50Z","2018-09-05","MAYF.20180326.SNAG.5",,,"STESP8","Y","Stenochironomus sp.",,,"Arthropoda","Hexapoda","Insecta",,,,"Diptera","Nematocera",,,"Chironomidae","Chironominae","Chironomini",,"Stenochironomus",,,"larva",4,,1,94,1,"N","N","condition OK","Y","129746","ITIS",,"Epler 2001","N","EcoAnalysts Inc.","U. Rai",,
"aa71f05d-47a7-47e5-aacb-f67b7304a883","D08","MAYF","MAYF.AOS.reach","2018-03-26T14:50Z","2018-09-05","MAYF.20180326.SNAG.1",,,"THIGRO","Y","Thienemannimyia gr.",,,"Arthropoda","Hexapoda","Insecta",,,,"Diptera","Nematocera",,,"Chironomidae","Tanypodinae","Pentaneurini",,"Thienemannimyia gr.",,,"larva",2,,3,75,4,"N","N","condition OK","Y",,,,"Epler 2001","N","EcoAnalysts Inc.","U. Rai",,
"d05d43cb-4c62-4d7f-a246-8f09d85e07b6","D08","MAYF","MAYF.AOS.reach","2018-03-26T14:50Z","2018-09-05","MAYF.20180326.SNAG.1",,,"NILSP","Y","Nilotanypus sp.",,,"Arthropoda","Hexapoda","Insecta",,,,"Diptera","Nematocera",,,"Chironomidae","Tanypodinae","Pentaneurini",,"Nilotanypus",,,"larva",2,,1,75,1,"N","N","condition OK","Y","128202","ITIS",,"Epler 2001","N","EcoAnalysts Inc.","U. Rai",,
"174cb85f-d135-4323-9f75-afaee30ba673","D08","MAYF","MAYF.AOS.reach","2018-03-26T14:50Z","2018-09-05","MAYF.20180326.SNAG.1",,,"CORSP19","Y","Corynoneura sp.",,,"Arthropoda","Hexapoda","Insecta",,,,"Diptera","Nematocera",,,"Chironomidae","Orthocladiinae",,,"Corynoneura",,,"larva",2,,7,75,9,"N","N","condition OK","Y","128563","ITIS",,"Epler 2001","N","EcoAnalysts Inc.","U. Rai",,
"4d344020-b61f-4ec9-9428-3d83ccfe0db6","D08","MAYF","MAYF.AOS.reach","2018-03-26T14:50Z","2018-09-05","MAYF.20180326.SNAG.5",,,"PARSP26","Y","Parametriocnemus sp.",,,"Arthropoda","Hexapoda","Insecta",,,,"Diptera","Nematocera",,,"Chironomidae","Orthocladiinae",,,"Parametriocnemus",,,"pupa",2,,1,94,1,"N","N","condition OK","Y","128978","ITIS",,"Epler 2001","N","EcoAnalysts Inc.","U. Rai",,
"acf56621-b1e7-4e05-b5f3-e48c8de49029","D08","MAYF","MAYF.AOS.reach","2018-03-26T14:50Z","2018-08-02","MAYF.20180326.SNAG.2",,,"ACASP1","Y","Acari sp.",,,"Arthropoda","Chelicerata","Arachnida","Acari",,,,,,,,,,,,,,"adult",1,,1,100,1,"Y","N","condition OK","Y","733321","ITIS",,"Thorp and Covich 2001","Y","EcoAnalysts Inc.","A. Navesky",,
"38f46d18-e308-4850-9089-e6bd57f59b2c","D08","MAYF","MAYF.AOS.reach","2018-03-26T14:50Z","2018-09-05","MAYF.20180326.CORE.1",,,"PARSP31","Y","Paracladopelma sp.",,,"Arthropoda","Hexapoda","Insecta",,,,"Diptera","Nematocera",,,"Chironomidae","Chironominae","Chironomini",,"Paracladopelma",,,"larva",2,,1,100,1,"N","N","condition OK","Y","129597","ITIS",,"Epler 2001, and Maschwitz and Cook 2000","N","EcoAnalysts Inc.","U. Rai",,
"c1362698-e4c4-4806-941f-8115250b8894","D08","MAYF","MAYF.AOS.reach","2018-03-26T14:50Z","2018-09-05","MAYF.20180326.SNAG.2",,,"XESSP","Y","Xestochironomus sp.",,,"Arthropoda","Hexapoda","Insecta",,,,"Diptera","Nematocera",,,"Chironomidae","Chironominae","Chironomini",,"Xestochironomus",,,"larva",1,,1,100,1,"N","N","damaged, affecting measurement","Y","129842","ITIS",,"Epler 2001, and Maschwitz and Cook 2000","Y","EcoAnalysts Inc.","U. Rai",,
"7274afe1-5aee-4eff-b25d-0002c826bcbd","D08","MAYF","MAYF.AOS.reach","2018-03-26T14:50Z","2018-08-02","MAYF.20180326.SNAG.2",,,"NEMSP","Y","Nematoda sp.",,,"Nematoda",,,,,,,,,,,,,,,,,"larva",5,,1,100,1,"N","N","condition OK","Y","59490","ITIS",,"Thorp and Covich 2001","Y","EcoAnalysts Inc.","A. Navesky",,
"4bcf2d15-d5ac-48a7-a2ac-326da10af45a","D08","MAYF","MAYF.AOS.reach","2018-03-26T14:50Z","2018-08-02","MAYF.20180326.SNAG.4",,,"LEUSP8","Y","Leuctra sp.",,,"Arthropoda","Hexapoda","Insecta","Pterygota","Neoptera",,"Plecoptera",,,,"Leuctridae",,,,"Leuctra",,,"larva",2,,1,100,1,"N","N","condition OK","Y","102844","ITIS",,"Stewart and Stark, 2002","N","EcoAnalysts Inc.","A. Navesky",,
"0e435dbf-27ce-4db3-b9b0-55c9b8faa8c7","D08","MAYF","MAYF.AOS.reach","2018-03-26T14:50Z","2018-08-01","MAYF.20180326.SNAG.1",,,"STESP6","Y","Stenelmis sp.",,,"Arthropoda","Hexapoda","Insecta","Pterygota","Neoptera",,"Coleoptera","Polyphaga",,,"Elmidae",,,,"Stenelmis",,,"larva",6,,1,75,1,"N","N","damaged, affecting measurement","Y","114095","ITIS",,"Merritt and Cummins 2008","N","EcoAnalysts Inc.","A. Navesky",,
"4d9a14e1-cf4a-402c-b56f-992bb56df8c8","D08","MAYF","MAYF.AOS.reach","2018-03-26T14:50Z","2018-09-05","MAYF.20180326.SNAG.1",,,"TANSP11","Y","Tanytarsus sp.",,,"Arthropoda","Hexapoda","Insecta",,,,"Diptera","Nematocera",,,"Chironomidae","Chironominae","Tanytarsini",,"Tanytarsus",,,"larva",3,,3,75,4,"N","N","condition OK","Y","129978","ITIS",,"Epler 2001","N","EcoAnalysts Inc.","U. Rai",,
"91e93e45-5e39-41fd-9a52-b10ca6831f63","D08","MAYF","MAYF.AOS.reach","2018-03-26T14:50Z","2018-09-05","MAYF.20180326.SNAG.3",,,"STEPER","Y","Kribiodorum perpulchrum",,,"Arthropoda","Hexapoda","Insecta",,,,"Diptera","Nematocera",,,"Chironomidae","Chironominae","Chironomini",,"Kribiodorum",,,"larva",1,,1,100,1,"N","N","condition OK","Y",,,,"Epler 2001, and Maschwitz and Cook 2000","N","EcoAnalysts Inc.","U. Rai",,
"b3dd44b4-80f4-405d-945a-51f5f9c381f7","D08","MAYF","MAYF.AOS.reach","2018-03-26T14:50Z","2018-09-05","MAYF.20180326.SNAG.4",,,"POLSCA","Y","Polypedilum scalaenum gr.",,,"Arthropoda","Hexapoda","Insecta",,,,"Diptera","Nematocera",,,"Chironomidae","Chironominae","Chironomini",,"Polypedilum",,,"larva",3,,1,100,1,"N","N","condition OK","Y",,,,"Epler 2001, and Maschwitz and Cook 2000","N","EcoAnalysts Inc.","U. Rai",,
"b1eb0972-b5af-41bd-83f4-c4fff3f518b2","D08","MAYF","MAYF.AOS.reach","2018-03-26T14:50Z","2018-09-05","MAYF.20180326.CORE.1",,,"RHESP4","Y","Rheosmittia sp.",,,"Arthropoda","Hexapoda","Insecta",,,,"Diptera","Nematocera",,,"Chironomidae","Orthocladiinae",,,"Rheosmittia",,,"larva",2,,4,100,4,"N","N","condition OK","Y","129107","ITIS",,"Epler 2001, and Maschwitz and Cook 2000","N","EcoAnalysts Inc.","U. Rai",,
"88157c97-f966-4b72-9d26-34b7de51e453","D08","MAYF","MAYF.AOS.reach","2018-03-26T14:50Z","2018-08-01","MAYF.20180326.SNAG.1",,,"PERSP1","Y","Perlidae sp.",,,"Arthropoda","Hexapoda","Insecta","Pterygota","Neoptera",,"Plecoptera",,,,"Perlidae",,,,,,,"larva",2,,1,75,1,"Y","N","condition OK","N","102914","ITIS",,"Stewart and Stark, 2002","N","EcoAnalysts Inc.","A. Navesky",,
"7a4da6b5-4315-4188-bdd1-80d293e2d4e1","D08","MAYF","MAYF.AOS.reach","2018-03-26T14:50Z","2018-08-02","MAYF.20180326.SNAG.4",,,"TORSP6","Y","Torrenticola sp.",,,"Arthropoda","Chelicerata","Arachnida","Acari",,"Acariformes","Trombidiformes",,,,"Torrenticolidae",,,,"Torrenticola",,,"adult",1,,2,100,2,"N","N","condition OK","Y","83254","ITIS",,"Thorp and Covich 2001","N","EcoAnalysts Inc.","A. Navesky",,
"e3c1b8a9-7ecb-4df5-9dc0-d46b93ef5349","D08","MAYF","MAYF.AOS.reach","2018-03-26T14:50Z","2018-08-02","MAYF.20180326.SNAG.2",,,"ATRSP3","Y","Atractides sp.",,,"Arthropoda","Chelicerata","Arachnida","Acari",,"Acariformes","Trombidiformes",,,,"Hygrobatidae",,,,"Atractides",,,"adult",1,,1,100,1,"N","N","condition OK","Y","83282","ITIS",,"Thorp and Covich 2001","Y","EcoAnalysts Inc.","A. Navesky",,
"5a509342-3194-451a-8b75-935e680bb8e9","D08","MAYF","MAYF.AOS.reach","2018-03-26T14:50Z","2018-08-02","MAYF.20180326.SNAG.3",,,"HEMSP4","Y","Hemerodromia sp.",,,"Arthropoda","Hexapoda","Insecta",,,,"Diptera","Brachycera",,,"Empididae",,,,"Hemerodromia",,,"larva",2,,1,100,1,"N","N","condition OK","Y","136327","ITIS",,"Merritt and Cummins 2008","N","EcoAnalysts Inc.","A. Navesky",,
"eeeee15f-bfa4-40b0-b30c-c86b667286c7","D08","MAYF","MAYF.AOS.reach","2018-03-26T14:50Z","2018-09-05","MAYF.20180326.SNAG.5",,,"CORSP19","Y","Corynoneura sp.",,,"Arthropoda","Hexapoda","Insecta",,,,"Diptera","Nematocera",,,"Chironomidae","Orthocladiinae",,,"Corynoneura",,,"larva",2,,2,94,2,"N","N","condition OK","Y","128563","ITIS",,"Epler 2001","N","EcoAnalysts Inc.","U. Rai",,
"361ed517-4e31-4dc3-b6e2-b8e1d4d36700","D08","MAYF","MAYF.AOS.reach","2018-03-26T14:50Z","2018-08-02","MAYF.20180326.SNAG.4",,,"HYDSP5","Y","Hydroptilidae sp.",,,"Arthropoda","Hexapoda","Insecta","Pterygota","Neoptera",,"Trichoptera",,,,"Hydroptilidae",,,,,,,"larva",1,,1,100,1,"Y","N","condition OK","N","115629","ITIS",,"Wiggins 1996","N","EcoAnalysts Inc.","A. Navesky",,
"e2187039-39f3-45d3-a10b-82581118a412","D08","MAYF","MAYF.AOS.reach","2018-03-26T14:50Z","2018-09-05","MAYF.20180326.SNAG.3",,,"ORTSP1","Y","Orthocladiinae sp.",,,"Arthropoda","Hexapoda","Insecta",,,,"Diptera","Nematocera",,,"Chironomidae","Orthocladiinae",,,,,,"pupa",1,,2,100,2,"N","N","damaged, affecting taxonomy and measurement","N","128457","ITIS",,"Epler 2001","N","EcoAnalysts Inc.","U. Rai",,
"1ffac4a7-3638-40c1-8c30-b1d1c9d3f34d","D08","MAYF","MAYF.AOS.reach","2018-03-26T14:50Z","2018-08-02","MAYF.20180326.SNAG.3",,,"NEMSP","Y","Nematoda sp.",,,"Nematoda",,,,,,,,,,,,,,,,,"larva",3,,1,100,1,"N","Y","condition OK","Y","59490","ITIS",,"Thorp and Covich 2001","N","EcoAnalysts Inc.","A. Navesky",,
"12a3a087-2c9b-4524-a0fe-252cc72e90fa","D08","MAYF","MAYF.AOS.reach","2018-03-26T14:50Z","2018-08-02","MAYF.20180326.SNAG.4",,,"ORISP1","Y","Oribatei sp.",,,"Arthropoda","Chelicerata","Arachnida","Acari",,"Acariformes",,"Oribatei",,,,,,,,,,"adult",1,,2,100,2,"N","N","condition OK","Y","83544","ITIS",,"Thorp and Covich 2001","N","EcoAnalysts Inc.","A. Navesky",,
"67089724-a060-415a-8766-37c1b3dbc4ec","D08","MAYF","MAYF.AOS.reach","2018-03-26T14:50Z","2018-08-01","MAYF.20180326.CORE.2",,,"CERSP10","Y","Ceratopogoninae sp.",,,"Arthropoda","Hexapoda","Insecta",,,,"Diptera","Nematocera",,,"Ceratopogonidae","Ceratopogoninae",,,,,,"larva",7,,1,100,1,"N","Y","condition OK","Y","127338","ITIS",,"Merritt and Cummins 2008","N","EcoAnalysts Inc.","A. Navesky",,
"28d73d48-ff11-4ce2-8267-6cbc1d2e4056","D08","MAYF","MAYF.AOS.reach","2018-03-26T14:50Z","2018-08-01","MAYF.20180326.SNAG.1",,,"STESP6","Y","Stenelmis sp.",,,"Arthropoda","Hexapoda","Insecta","Pterygota","Neoptera",,"Coleoptera","Polyphaga",,,"Elmidae",,,,"Stenelmis",,,"larva",3,,2,75,3,"N","N","condition OK","Y","114095","ITIS",,"Merritt and Cummins 2008","N","EcoAnalysts Inc.","A. Navesky",,
"1be635c1-d7a2-4c07-ad45-683e90a311cf","D08","MAYF","MAYF.AOS.reach","2018-03-26T14:50Z","2018-09-05","MAYF.20180326.SNAG.4",,,"TANSP11","Y","Tanytarsus sp.",,,"Arthropoda","Hexapoda","Insecta",,,,"Diptera","Nematocera",,,"Chironomidae","Chironominae","Tanytarsini",,"Tanytarsus",,,"larva",1,,2,100,2,"N","N","condition OK","Y","129978","ITIS",,"Epler 2001","N","EcoAnalysts Inc.","U. Rai",,
"9ab2d448-a3db-4975-aa83-7a9b97b36626","D08","MAYF","MAYF.AOS.reach","2018-03-26T14:50Z","2018-09-05","MAYF.20180326.CORE.1",,,"POLHAL","Y","Polypedilum halterale gr.",,,"Arthropoda","Hexapoda","Insecta",,,,"Diptera","Nematocera",,,"Chironomidae","Chironominae","Chironomini",,"Polypedilum",,,"larva",3,,2,100,2,"N","N","condition OK","Y",,,,"Epler 2001, and Maschwitz and Cook 2000","N","EcoAnalysts Inc.","U. Rai",,
"abe9c7f9-dc36-416e-ae44-769b5b4d413e","D08","MAYF","MAYF.AOS.reach","2018-03-26T14:50Z","2018-08-02","MAYF.20180326.SNAG.3",,,"ACASP1","Y","Acari sp.",,,"Arthropoda","Chelicerata","Arachnida","Acari",,,,,,,,,,,,,,"adult",1,,2,100,2,"N","Y","condition OK","Y","733321","ITIS",,"Thorp and Covich 2001","N","EcoAnalysts Inc.","A. Navesky",,
"6822df3f-95ac-4066-bae9-0bfa95a153ee","D08","MAYF","MAYF.AOS.reach","2018-03-26T14:50Z","2018-08-02","MAYF.20180326.SNAG.2",,,"NEMSP","Y","Nematoda sp.",,,"Nematoda",,,,,,,,,,,,,,,,,"larva",3,,1,100,1,"N","N","condition OK","Y","59490","ITIS",,"Thorp and Covich 2001","Y","EcoAnalysts Inc.","A. Navesky",,
"0edce4ca-6dfe-4756-a2b4-4885a6d3d824","D08","MAYF","MAYF.AOS.reach","2018-03-26T14:50Z","2018-09-05","MAYF.20180326.CORE.3",,,"CORSP19","Y","Corynoneura sp.",,,"Arthropoda","Hexapoda","Insecta",,,,"Diptera","Nematocera",,,"Chironomidae","Orthocladiinae",,,"Corynoneura",,,"larva",1,,1,100,1,"N","N","condition OK","Y","128563","ITIS",,"Epler 2001","N","EcoAnalysts Inc.","U. Rai",,
"5dca28ad-12dd-4919-a9d9-116edf1ad481","D08","MAYF","MAYF.AOS.reach","2018-03-26T14:50Z","2018-09-05","MAYF.20180326.SNAG.3",,,"POLSCA","Y","Polypedilum scalaenum gr.",,,"Arthropoda","Hexapoda","Insecta",,,,"Diptera","Nematocera",,,"Chironomidae","Chironominae","Chironomini",,"Polypedilum",,,"larva",1,,1,100,1,"N","N","damaged, affecting measurement","Y",,,,"Epler 2001, and Maschwitz and Cook 2000","N","EcoAnalysts Inc.","U. Rai",,
"f1a4d079-c5f5-4f7f-a116-ad1edfcdc070","D08","MAYF","MAYF.AOS.reach","2018-03-26T14:50Z","2018-09-05","MAYF.20180326.SNAG.5",,,"STESP8","Y","Stenochironomus sp.",,,"Arthropoda","Hexapoda","Insecta",,,,"Diptera","Nematocera",,,"Chironomidae","Chironominae","Chironomini",,"Stenochironomus",,,"larva",11,,2,94,2,"N","N","condition OK","Y","129746","ITIS",,"Epler 2001","N","EcoAnalysts Inc.","U. Rai",,
"d2933c60-2878-4518-a891-cfef1f645432","D08","MAYF","MAYF.AOS.reach","2018-03-26T14:50Z","2018-09-05","MAYF.20180326.SNAG.4",,,"THIGRO","Y","Thienemannimyia gr.",,,"Arthropoda","Hexapoda","Insecta",,,,"Diptera","Nematocera",,,"Chironomidae","Tanypodinae","Pentaneurini",,"Thienemannimyia gr.",,,"larva",2,,3,100,3,"N","N","condition OK","Y",,,,"Epler 2001","N","EcoAnalysts Inc.","U. Rai",,
"0d9d5b16-c80b-4c61-b9cb-f2903660481b","D08","MAYF","MAYF.AOS.reach","2018-03-26T14:50Z","2018-09-05","MAYF.20180326.CORE.2",,,"ROBDEM","Y","Robackia demeijerei",,,"Arthropoda","Hexapoda","Insecta",,,,"Diptera","Nematocera",,,"Chironomidae","Chironominae","Chironomini",,"Robackia",,,"larva",2,,1,100,1,"N","N","condition OK","Y","129733","ITIS",,"Epler 2001, and Maschwitz and Cook 2000","N","EcoAnalysts Inc.","U. Rai",,
"d4724cc2-ad50-4fd4-b58a-b704046a8ee2","D08","MAYF","MAYF.AOS.reach","2018-03-26T14:50Z","2018-09-05","MAYF.20180326.SNAG.1",,,"THIGRO","Y","Thienemannimyia gr.",,,"Arthropoda","Hexapoda","Insecta",,,,"Diptera","Nematocera",,,"Chironomidae","Tanypodinae","Pentaneurini",,"Thienemannimyia gr.",,,"larva",3,,1,75,1,"N","N","condition OK","Y",,,,"Epler 2001","N","EcoAnalysts Inc.","U. Rai",,
"06ad6932-4fe5-495e-bcac-bf0feb170264","D08","MAYF","MAYF.AOS.reach","2018-03-26T14:50Z","2018-09-05","MAYF.20180326.SNAG.3",,,"UNNMUL","Y","Unniella multivirga",,,"Arthropoda","Hexapoda","Insecta",,,,"Diptera","Nematocera",,,"Chironomidae","Orthocladiinae",,,"Unniella",,,"larva",4,,1,100,1,"N","N","condition OK","Y","129207","ITIS",,"Epler 2001, and Maschwitz and Cook 2000","N","EcoAnalysts Inc.","U. Rai",,
"7d6cfc15-828a-42ff-9b19-4cbb85e742f9","D08","MAYF","MAYF.AOS.reach","2018-03-26T14:50Z","2018-09-05","MAYF.20180326.SNAG.1",,,"ORTSP1","Y","Orthocladiinae sp.",,,"Arthropoda","Hexapoda","Insecta",,,,"Diptera","Nematocera",,,"Chironomidae","Orthocladiinae",,,,,,"pupa",1,,1,75,1,"N","N","damaged, affecting taxonomy and measurement","N","128457","ITIS",,"Epler 2001","N","EcoAnalysts Inc.","U. Rai",,
"6d2f0338-00f1-4117-9b41-61e62750c3b4","D08","MAYF","MAYF.AOS.reach","2018-03-26T14:50Z","2018-09-05","MAYF.20180326.SNAG.2",,,"CORSP19","Y","Corynoneura sp.",,,"Arthropoda","Hexapoda","Insecta",,,,"Diptera","Nematocera",,,"Chironomidae","Orthocladiinae",,,"Corynoneura",,,"pupa",1,,1,100,1,"N","N","condition OK","Y","128563","ITIS",,"Epler 2001","Y","EcoAnalysts Inc.","U. Rai",,
"52542b1b-1219-46b5-ae56-03db70710cf5","D08","MAYF","MAYF.AOS.reach","2018-03-26T14:50Z","2018-09-05","MAYF.20180326.SNAG.1",,,"POLCON1","Y","Polypedilum convictum",,,"Arthropoda","Hexapoda","Insecta",,,,"Diptera","Nematocera",,,"Chironomidae","Chironominae","Chironomini",,"Polypedilum",,,"larva",1,,2,75,3,"N","N","condition OK","Y",,,,"Maschwitz and Cook 2000","N","EcoAnalysts Inc.","U. Rai",,
"70885276-3891-418f-92c3-fa6367e73efd","D08","MAYF","MAYF.AOS.reach","2018-03-26T14:50Z","2018-09-05","MAYF.20180326.CORE.2",,,"RHESP4","Y","Rheosmittia sp.",,,"Arthropoda","Hexapoda","Insecta",,,,"Diptera","Nematocera",,,"Chironomidae","Orthocladiinae",,,"Rheosmittia",,,"larva",2,,1,100,1,"N","N","condition OK","Y","129107","ITIS",,"Epler 2001, and Maschwitz and Cook 2000","N","EcoAnalysts Inc.","U. Rai",,
"3afa4ef2-eb19-4252-8a17-0e63ef334567","D08","MAYF","MAYF.AOS.reach","2018-03-26T14:50Z","2018-09-05","MAYF.20180326.SNAG.4",,,"RHESP1","Y","Rheocricotopus sp.",,,"Arthropoda","Hexapoda","Insecta",,,,"Diptera","Nematocera",,,"Chironomidae","Orthocladiinae",,,"Rheocricotopus",,,"larva",3,,1,100,1,"N","N","condition OK","Y","129086","ITIS",,"Epler 2001","N","EcoAnalysts Inc.","U. Rai",,
"7d1c46aa-4de8-4f7c-ac44-7a3ba708028c","D08","MAYF","MAYF.AOS.reach","2018-03-26T14:50Z","2018-09-05","MAYF.20180326.SNAG.5",,,"STESP8","Y","Stenochironomus sp.",,,"Arthropoda","Hexapoda","Insecta",,,,"Diptera","Nematocera",,,"Chironomidae","Chironominae","Chironomini",,"Stenochironomus",,,"larva",9,,1,94,1,"N","N","condition OK","Y","129746","ITIS",,"Epler 2001","N","EcoAnalysts Inc.","U. Rai",,
"fe91e626-7f33-4194-b067-86928914f927","D08","MAYF","MAYF.AOS.reach","2018-03-26T14:50Z","2018-09-05","MAYF.20180326.CORE.2",,,"PARSP31","Y","Paracladopelma sp.",,,"Arthropoda","Hexapoda","Insecta",,,,"Diptera","Nematocera",,,"Chironomidae","Chironominae","Chironomini",,"Paracladopelma",,,"larva",7,,1,100,1,"N","N","condition OK","Y","129597","ITIS",,"Epler 2001, and Maschwitz and Cook 2000","N","EcoAnalysts Inc.","U. Rai",,
"01c9fb57-5d96-4d40-8b38-d91df7a0094a","D08","MAYF","MAYF.AOS.reach","2018-03-26T14:50Z","2018-09-05","MAYF.20180326.SNAG.3",,,"TANSP11","Y","Tanytarsus sp.",,,"Arthropoda","Hexapoda","Insecta",,,,"Diptera","Nematocera",,,"Chironomidae","Chironominae","Tanytarsini",,"Tanytarsus",,,"larva",1,,1,100,1,"N","N","damaged, affecting measurement","Y","129978","ITIS",,"Epler 2001","N","EcoAnalysts Inc.","U. Rai",,
"47100bc8-830d-4248-805a-45a773cdd04c","D08","MAYF","MAYF.AOS.reach","2018-03-26T14:50Z","2018-09-05","MAYF.20180326.SNAG.5",,,"STEPER","Y","Kribiodorum perpulchrum",,,"Arthropoda","Hexapoda","Insecta",,,,"Diptera","Nematocera",,,"Chironomidae","Chironominae","Chironomini",,"Kribiodorum",,,"larva",4,,1,94,1,"N","N","condition OK","Y",,,,"Epler 2001, and Maschwitz and Cook 2000","N","EcoAnalysts Inc.","U. Rai",,
"053ffffe-ee8e-4d27-8a6c-d48cab17b4d1","D08","MAYF","MAYF.AOS.reach","2018-03-26T14:50Z","2018-09-05","MAYF.20180326.CORE.2",,,"POLHAL","Y","Polypedilum halterale gr.",,,"Arthropoda","Hexapoda","Insecta",,,,"Diptera","Nematocera",,,"Chironomidae","Chironominae","Chironomini",,"Polypedilum",,,"larva",3,,1,100,1,"N","N","condition OK","Y",,,,"Epler 2001, and Maschwitz and Cook 2000","N","EcoAnalysts Inc.","U. Rai",,
"3a887603-104b-4109-a8f1-11c1c6a822da","D08","MAYF","MAYF.AOS.reach","2018-03-26T14:50Z","2018-08-20","MAYF.20180326.SNAG.2",,,"LEUSP2","Y","Leuctridae sp.",,,"Arthropoda","Hexapoda","Insecta","Pterygota","Neoptera",,"Plecoptera",,,,"Leuctridae",,,,,,,"larva",1,,1,100,1,"Y","N","damaged, affecting measurement","Y","102840","ITIS",,"Stewart and Stark, 2002","Y","EcoAnalysts Inc.","A. Navesky",,
"96e57195-7cc2-4f19-8600-68ecd9e13bf9","D08","MAYF","MAYF.AOS.reach","2018-03-26T14:50Z","2018-09-05","MAYF.20180326.SNAG.3",,,"STESP8","Y","Stenochironomus sp.",,,"Arthropoda","Hexapoda","Insecta",,,,"Diptera","Nematocera",,,"Chironomidae","Chironominae","Chironomini",,"Stenochironomus",,,"larva",1,,1,100,1,"N","N","damaged, affecting measurement","Y","129746","ITIS",,"Epler 2001","N","EcoAnalysts Inc.","U. Rai",,
"e19f2369-3617-4f30-9656-e293b9d683da","D08","MAYF","MAYF.AOS.reach","2018-03-26T14:50Z","2018-08-20","MAYF.20180326.SNAG.1",,,"LEUSP2","Y","Leuctridae sp.",,,"Arthropoda","Hexapoda","Insecta","Pterygota","Neoptera",,"Plecoptera",,,,"Leuctridae",,,,,,,"larva",1,,6,75,8,"Y","N","damaged, affecting measurement","N","102840","ITIS",,"Stewart and Stark, 2002","N","EcoAnalysts Inc.","A. Navesky",,
"8f429f9f-beb1-4e0f-8f27-b9689a5daf8d","D08","MAYF","MAYF.AOS.reach","2018-03-26T14:50Z","2018-09-05","MAYF.20180326.SNAG.1",,,"TANSP11","Y","Tanytarsus sp.",,,"Arthropoda","Hexapoda","Insecta",,,,"Diptera","Nematocera",,,"Chironomidae","Chironominae","Tanytarsini",,"Tanytarsus",,,"larva",2,,15,75,20,"N","N","condition OK","Y","129978","ITIS",,"Epler 2001","N","EcoAnalysts Inc.","U. Rai",,
"bebfe1c0-ee7f-4468-99aa-45e43a9c9b67","D08","MAYF","MAYF.AOS.reach","2018-03-26T14:50Z","2018-09-05","MAYF.20180326.SNAG.4",,,"STEPER","Y","Kribiodorum perpulchrum",,,"Arthropoda","Hexapoda","Insecta",,,,"Diptera","Nematocera",,,"Chironomidae","Chironominae","Chironomini",,"Kribiodorum",,,"larva",2,,1,100,1,"N","N","condition OK","Y",,,,"Epler 2001, and Maschwitz and Cook 2000","N","EcoAnalysts Inc.","U. Rai",,
"2fd55c63-b30a-4170-b948-412b7fae6442","D08","MAYF","MAYF.AOS.reach","2018-03-26T14:50Z","2018-09-05","MAYF.20180326.SNAG.5",,,"STISP1","Y","Stilocladius sp.",,,"Arthropoda","Hexapoda","Insecta",,,,"Diptera","Nematocera",,,"Chironomidae","Orthocladiinae",,,"Stilocladius",,,"larva",3,,1,94,1,"N","N","condition OK","Y","129152","ITIS",,"Epler 2001","N","EcoAnalysts Inc.","U. Rai",,
"8adbec97-601b-4bb6-a297-9ebf5c4c6d52","D08","MAYF","MAYF.AOS.reach","2018-03-26T14:50Z","2018-09-05","MAYF.20180326.SNAG.3",,,"PARSP26","Y","Parametriocnemus sp.",,,"Arthropoda","Hexapoda","Insecta",,,,"Diptera","Nematocera",,,"Chironomidae","Orthocladiinae",,,"Parametriocnemus",,,"larva",2,,1,100,1,"N","N","condition OK","Y","128978","ITIS",,"Epler 2001","N","EcoAnalysts Inc.","U. Rai",,
"d8e91f52-a09e-4afa-a8ea-f51b0828ceab","D08","MAYF","MAYF.AOS.reach","2018-03-26T14:50Z","2018-09-05","MAYF.20180326.SNAG.5",,,"RHEPEL","Y","Rheotanytarsus pellucidus gr.",,,"Arthropoda","Hexapoda","Insecta",,,,"Diptera","Nematocera",,,"Chironomidae","Chironominae","Tanytarsini",,"Rheotanytarsus",,,"larva",3,,1,94,1,"N","N","condition OK","Y",,,,"Epler 2001, and Maschwitz and Cook 2000","N","EcoAnalysts Inc.","U. Rai",,
"d8be28b7-4d41-4696-9f78-96df41132b45","D08","MAYF","MAYF.AOS.reach","2018-03-26T14:50Z","2018-08-02","MAYF.20180326.SNAG.5",,,"HEMSP4","Y","Hemerodromia sp.",,,"Arthropoda","Hexapoda","Insecta",,,,"Diptera","Brachycera",,,"Empididae",,,,"Hemerodromia",,,"larva",2,,6,94,6,"N","N","condition OK","Y","136327","ITIS",,"Merritt and Cummins 2008","N","EcoAnalysts Inc.","A. Navesky",,
"e7bcdbd0-e066-46d1-a0a1-8415f1b89c75","D08","MAYF","MAYF.AOS.reach","2018-03-26T14:50Z","2018-08-01","MAYF.20180326.SNAG.1",,,"PLESP","Y","Plecoptera sp.",,,"Arthropoda","Hexapoda","Insecta","Pterygota","Neoptera",,"Plecoptera",,,,,,,,,,,"larva",2,,1,75,1,"Y","N","condition OK","Y","102467","ITIS",,"Stewart and Stark, 2002","N","EcoAnalysts Inc.","A. Navesky",,
"268bb635-c7a5-4840-ba57-45604ba175db","D08","MAYF","MAYF.AOS.reach","2018-03-26T14:50Z","2018-09-05","MAYF.20180326.SNAG.5",,,"POLSCA","Y","Polypedilum scalaenum gr.",,,"Arthropoda","Hexapoda","Insecta",,,,"Diptera","Nematocera",,,"Chironomidae","Chironominae","Chironomini",,"Polypedilum",,,"larva",2,,1,94,1,"N","N","condition OK","Y",,,,"Epler 2001, and Maschwitz and Cook 2000","N","EcoAnalysts Inc.","U. Rai",,
"285fdfa9-4e09-4d96-abf2-fee7a3f92a42","D08","MAYF","MAYF.AOS.reach","2018-03-26T14:50Z","2018-08-02","MAYF.20180326.SNAG.5",,,"BEZSP1","Y","Bezzia/Palpomyia sp.",,,"Arthropoda","Hexapoda","Insecta",,,,"Diptera","Nematocera",,,"Ceratopogonidae","Ceratopogoninae",,,"Bezzia/Palpomyia",,,"larva",6,,4,94,4,"N","N","condition OK","Y","127778","ITIS",,"Merritt and Cummins 2008","N","EcoAnalysts Inc.","A. Navesky",,
"a1e18c6b-982b-46a8-a87e-46cbba6cdf3f","D08","MAYF","MAYF.AOS.reach","2018-03-26T14:50Z","2018-09-05","MAYF.20180326.SNAG.5",,,"CRYSP2","Y","Cryptochironomus sp.",,,"Arthropoda","Hexapoda","Insecta",,,,"Diptera","Nematocera",,,"Chironomidae","Chironominae","Chironomini",,"Cryptochironomus",,,"larva",3,,1,94,1,"N","N","condition OK","Y","129368","ITIS",,"Epler 2001","N","EcoAnalysts Inc.","U. Rai",,
"0210fde3-7eff-4440-b249-cb96ef0d66f5","D08","MAYF","MAYF.AOS.reach","2018-03-26T14:50Z","2018-09-05","MAYF.20180326.SNAG.4",,,"TANSP11","Y","Tanytarsus sp.",,,"Arthropoda","Hexapoda","Insecta",,,,"Diptera","Nematocera",,,"Chironomidae","Chironominae","Tanytarsini",,"Tanytarsus",,,"larva",1,,15,100,15,"N","N","damaged, affecting measurement","Y","129978","ITIS",,"Epler 2001","N","EcoAnalysts Inc.","U. Rai",,
"743d5efc-71e7-4cce-8ff5-b24730fb141e","D08","MAYF","MAYF.AOS.reach","2018-03-26T14:50Z","2018-08-02","MAYF.20180326.SNAG.5",,,"BEZSP1","Y","Bezzia/Palpomyia sp.",,,"Arthropoda","Hexapoda","Insecta",,,,"Diptera","Nematocera",,,"Ceratopogonidae","Ceratopogoninae",,,"Bezzia/Palpomyia",,,"larva",3,,1,94,1,"N","N","condition OK","Y","127778","ITIS",,"Merritt and Cummins 2008","N","EcoAnalysts Inc.","A. Navesky",,
"e3168a82-3082-4493-ae51-d0615d4375d1","D08","MAYF","MAYF.AOS.reach","2018-03-26T14:50Z","2018-09-05","MAYF.20180326.SNAG.5",,,"TANSP11","Y","Tanytarsus sp.",,,"Arthropoda","Hexapoda","Insecta",,,,"Diptera","Nematocera",,,"Chironomidae","Chironominae","Tanytarsini",,"Tanytarsus",,,"larva",4,,5,94,5,"N","N","condition OK","Y","129978","ITIS",,"Epler 2001","N","EcoAnalysts Inc.","U. Rai",,
"85244654-4180-42f6-bfac-c97d6019a382","D08","MAYF","MAYF.AOS.reach","2018-03-26T14:50Z","2018-08-02","MAYF.20180326.SNAG.5",,,"LEUSP8","Y","Leuctra sp.",,,"Arthropoda","Hexapoda","Insecta","Pterygota","Neoptera",,"Plecoptera",,,,"Leuctridae",,,,"Leuctra",,,"larva",2,,3,94,3,"N","N","condition OK","Y","102844","ITIS",,"Stewart and Stark, 2002","N","EcoAnalysts Inc.","A. Navesky",,
"df66fccd-8ec0-4eff-a19b-3bf1863f99ba","D08","MAYF","MAYF.AOS.reach","2018-03-26T14:50Z","2018-09-05","MAYF.20180326.SNAG.1",,,"THISP2","Y","Thienemanniella sp.",,,"Arthropoda","Hexapoda","Insecta",,,,"Diptera","Nematocera",,,"Chironomidae","Orthocladiinae",,,"Thienemanniella",,,"larva",2,,6,75,8,"N","N","condition OK","Y","129182","ITIS",,"Epler 2001","N","EcoAnalysts Inc.","U. Rai",,
"60c69225-b00d-4e7b-ad31-aa085953b9fc","D08","MAYF","MAYF.AOS.reach","2018-03-26T14:50Z","2018-08-02","MAYF.20180326.SNAG.4",,,"HYDSP24","Y","Hydroptila sp.",,,"Arthropoda","Hexapoda","Insecta","Pterygota","Neoptera",,"Trichoptera",,,,"Hydroptilidae",,,,"Hydroptila",,,"larva",4,,1,100,1,"N","N","condition OK","Y","115641","ITIS",,"Wiggins 1996","N","EcoAnalysts Inc.","A. Navesky",,
"c8e47341-9f54-43c2-9afe-24f990080caf","D08","MAYF","MAYF.AOS.reach","2018-03-26T14:50Z","2018-08-01","MAYF.20180326.SNAG.1",,,"HYDSP5","Y","Hydroptilidae sp.",,,"Arthropoda","Hexapoda","Insecta","Pterygota","Neoptera",,"Trichoptera",,,,"Hydroptilidae",,,,,,,"larva",1,,1,75,1,"Y","N","condition OK","Y","115629","ITIS",,"Wiggins 1996","N","EcoAnalysts Inc.","A. Navesky",,
"be9f56e8-2313-4b4a-8cce-e3287ea3d8e1","D08","MAYF","MAYF.AOS.reach","2018-03-26T14:50Z","2018-09-05","MAYF.20180326.SNAG.5",,,"STESP8","Y","Stenochironomus sp.",,,"Arthropoda","Hexapoda","Insecta",,,,"Diptera","Nematocera",,,"Chironomidae","Chironominae","Chironomini",,"Stenochironomus",,,"larva",1,,3,94,3,"N","N","damaged, affecting measurement","Y","129746","ITIS",,"Epler 2001","N","EcoAnalysts Inc.","U. Rai",,
"1bf143c9-863f-4aae-9c37-aee54de012f4","D08","MAYF","MAYF.AOS.reach","2018-03-26T14:50Z","2018-08-01","MAYF.20180326.SNAG.1",,,"LEUSP8","Y","Leuctra sp.",,,"Arthropoda","Hexapoda","Insecta","Pterygota","Neoptera",,"Plecoptera",,,,"Leuctridae",,,,"Leuctra",,,"larva",1,,2,75,3,"N","N","damaged, affecting measurement","Y","102844","ITIS",,"Stewart and Stark, 2002","N","EcoAnalysts Inc.","A. Navesky",,
"02c7a607-390d-4104-9f0a-cab083481c83","D08","MAYF","MAYF.AOS.reach","2018-03-26T14:50Z","2018-09-05","MAYF.20180326.SNAG.5",,,"ORTSP1","Y","Orthocladiinae sp.",,,"Arthropoda","Hexapoda","Insecta",,,,"Diptera","Nematocera",,,"Chironomidae","Orthocladiinae",,,,,,"larva",1,,1,94,1,"Y","N","condition OK","N","128457","ITIS",,"Epler 2001","N","EcoAnalysts Inc.","U. Rai",,
"9811c465-563d-4841-9c16-1eb8a49e1c4a","D08","MAYF","MAYF.AOS.reach","2018-03-26T14:50Z","2018-09-05","MAYF.20180326.SNAG.4",,,"TANSP11","Y","Tanytarsus sp.",,,"Arthropoda","Hexapoda","Insecta",,,,"Diptera","Nematocera",,,"Chironomidae","Chironominae","Tanytarsini",,"Tanytarsus",,,"larva",3,,3,100,3,"N","N","condition OK","Y","129978","ITIS",,"Epler 2001","N","EcoAnalysts Inc.","U. Rai",,
"7ff1bf1e-aa10-41ba-ba46-830ffa871f15","D08","MAYF","MAYF.AOS.reach","2018-03-26T14:50Z","2018-09-05","MAYF.20180326.SNAG.5",,,"POLTRI2","Y","Polypedilum tritum",,,"Arthropoda","Hexapoda","Insecta",,,,"Diptera","Nematocera",,,"Chironomidae","Chironominae","Chironomini",,"Polypedilum",,,"larva",4,,1,94,1,"N","N","condition OK","Y","129719","ITIS",,"Epler 2001, and Maschwitz and Cook 2000","N","EcoAnalysts Inc.","U. Rai",,
"17356e69-2870-49c3-94dd-70985473426f","D08","MAYF","MAYF.AOS.reach","2018-03-26T14:50Z","2018-09-05","MAYF.20180326.SNAG.1",,,"TANSP11","Y","Tanytarsus sp.",,,"Arthropoda","Hexapoda","Insecta",,,,"Diptera","Nematocera",,,"Chironomidae","Chironominae","Tanytarsini",,"Tanytarsus",,,"larva",1,,8,75,11,"N","N","condition OK","Y","129978","ITIS",,"Epler 2001","N","EcoAnalysts Inc.","U. Rai",,
"e4440aea-9629-4447-a08b-1f3a8507c5f2","D08","MAYF","MAYF.AOS.reach","2018-03-26T14:50Z","2018-09-05","MAYF.20180326.SNAG.5",,,"NILSP1","Y","Nilothauma sp.",,,"Arthropoda","Hexapoda","Insecta",,,,"Diptera","Nematocera",,,"Chironomidae","Chironominae","Chironomini",,"Nilothauma",,,"larva",2,,1,94,1,"N","N","condition OK","Y","129548","ITIS",,"Epler 2001, and Maschwitz and Cook 2000","N","EcoAnalysts Inc.","U. Rai",,
"cb9bdada-678c-4826-aa60-0f4a48387468","D08","MAYF","MAYF.AOS.reach","2018-03-26T14:50Z","2018-08-02","MAYF.20180326.SNAG.2",,,"NEMSP","Y","Nematoda sp.",,,"Nematoda",,,,,,,,,,,,,,,,,"larva",1,,1,100,1,"N","N","condition OK","Y","59490","ITIS",,"Thorp and Covich 2001","Y","EcoAnalysts Inc.","A. Navesky",,
"32d62e05-1472-4512-ad38-afb61f0ccbf7","D08","MAYF","MAYF.AOS.reach","2018-03-26T14:50Z","2018-09-05","MAYF.20180326.SNAG.5",,,"STESP8","Y","Stenochironomus sp.",,,"Arthropoda","Hexapoda","Insecta",,,,"Diptera","Nematocera",,,"Chironomidae","Chironominae","Chironomini",,"Stenochironomus",,,"larva",3,,1,94,1,"N","N","damaged, affecting measurement","Y","129746","ITIS",,"Epler 2001","N","EcoAnalysts Inc.","U. Rai",,
"f373f14e-6d33-40ba-a90e-aacb050f710f","D08","MAYF","MAYF.AOS.reach","2018-03-26T14:50Z","2018-08-01","MAYF.20180326.SNAG.1",,,"LEUSP8","Y","Leuctra sp.",,,"Arthropoda","Hexapoda","Insecta","Pterygota","Neoptera",,"Plecoptera",,,,"Leuctridae",,,,"Leuctra",,,"larva",2,,2,75,3,"N","N","damaged, affecting measurement","Y","102844","ITIS",,"Stewart and Stark, 2002","N","EcoAnalysts Inc.","A. Navesky",,
"c4d2b248-c4a1-49e5-bb5d-5b4d174fcab5","D08","MAYF","MAYF.AOS.reach","2018-03-26T14:50Z","2018-09-05","MAYF.20180326.SNAG.3",,,"POLSCA","Y","Polypedilum scalaenum gr.",,,"Arthropoda","Hexapoda","Insecta",,,,"Diptera","Nematocera",,,"Chironomidae","Chironominae","Chironomini",,"Polypedilum",,,"larva",3,,4,100,4,"N","N","condition OK","Y",,,,"Epler 2001, and Maschwitz and Cook 2000","N","EcoAnalysts Inc.","U. Rai",,
"27a65873-8206-4bf4-ab0b-7816273a005d","D08","MAYF","MAYF.AOS.reach","2018-03-26T14:50Z","2018-09-05","MAYF.20180326.SNAG.3",,,"THIGRO","Y","Thienemannimyia gr.",,,"Arthropoda","Hexapoda","Insecta",,,,"Diptera","Nematocera",,,"Chironomidae","Tanypodinae","Pentaneurini",,"Thienemannimyia gr.",,,"larva",2,,2,100,2,"N","N","condition OK","Y",,,,"Epler 2001","N","EcoAnalysts Inc.","U. Rai",,
"501f8e03-bbde-41e5-9cdb-d4624b1ac0ff","D08","MAYF","MAYF.AOS.reach","2018-03-26T14:50Z","2018-07-27","MAYF.20180326.SNAG.2",,,"ENCSP1","Y","Enchytraeidae sp.",,,"Annelida",,"Clitellata","Oligochaeta",,,"Enchytraeida",,,,"Enchytraeidae",,,,,,,"larva",4,,1,100,1,"N","N","condition OK","Y","68510","ITIS",,"Kathman and Brinkhurst, 1999","Y","EcoAnalysts Inc.","L. Flaherty",,
"7ea1bd19-3186-49dd-92f5-24839a38fe24","D08","MAYF","MAYF.AOS.reach","2018-03-26T14:50Z","2018-08-01","MAYF.20180326.SNAG.1",,,"HEPSP","Y","Heptageniidae sp.",,,"Arthropoda","Hexapoda","Insecta",,,,"Ephemeroptera",,,,"Heptageniidae",,,,,,,"larva",1,,1,75,1,"N","N","damaged, affecting taxonomy and measurement","Y","100504","ITIS",,"Merritt and Cummins 2008","N","EcoAnalysts Inc.","A. Navesky",,
"935bd37a-76ef-4930-83c3-096eea154c3f","D08","MAYF","MAYF.AOS.reach","2018-03-26T14:50Z","2018-09-05","MAYF.20180326.SNAG.5",,,"CLASP6","Y","Cladotanytarsus sp.",,,"Arthropoda","Hexapoda","Insecta",,,,"Diptera","Nematocera",,,"Chironomidae","Chironominae","Tanytarsini",,"Cladotanytarsus",,,"larva",2,,1,94,1,"N","N","condition OK","Y","129873","ITIS",,"Epler 2001","N","EcoAnalysts Inc.","U. Rai",,
"2d1dc436-a3d6-479b-95b5-e956455abaa3","D08","MAYF","MAYF.AOS.reach","2018-03-26T14:50Z","2018-09-05","MAYF.20180326.SNAG.3",,,"CORSP19","Y","Corynoneura sp.",,,"Arthropoda","Hexapoda","Insecta",,,,"Diptera","Nematocera",,,"Chironomidae","Orthocladiinae",,,"Corynoneura",,,"larva",2,,1,100,1,"N","N","condition OK","Y","128563","ITIS",,"Epler 2001","N","EcoAnalysts Inc.","U. Rai",,
"7cbfd38e-2343-4843-b7dc-e195f096fde5","D08","MAYF","MAYF.AOS.reach","2018-03-26T14:50Z","2018-09-05","MAYF.20180326.SNAG.3",,,"LIMSP23","Y","Limnophyes sp.",,,"Arthropoda","Hexapoda","Insecta",,,,"Diptera","Nematocera",,,"Chironomidae","Orthocladiinae",,,"Limnophyes",,,"larva",2,,1,100,1,"N","N","condition OK","Y","128776","ITIS",,"Epler 2001","N","EcoAnalysts Inc.","U. Rai",,
"6da155ad-fcfe-4ca8-b6db-d99b333852f5","D08","MAYF","MAYF.AOS.reach","2018-03-26T14:50Z","2018-09-05","MAYF.20180326.SNAG.2",,,"STEPER","Y","Kribiodorum perpulchrum",,,"Arthropoda","Hexapoda","Insecta",,,,"Diptera","Nematocera",,,"Chironomidae","Chironominae","Chironomini",,"Kribiodorum",,,"larva",2,,1,100,1,"N","N","condition OK","Y",,,,"Epler 2001, and Maschwitz and Cook 2000","Y","EcoAnalysts Inc.","U. Rai",,
"7f1c8dd5-ebf0-4e62-88e2-7ba7bd972d5c","D08","MAYF","MAYF.AOS.reach","2018-03-26T14:50Z","2018-09-05","MAYF.20180326.SNAG.5",,,"ORTLIG","Y","Orthocladius (Symposiocladius) lignicola","(Symposiocladius)",,"Arthropoda","Hexapoda","Insecta",,,,"Diptera","Nematocera",,,"Chironomidae","Orthocladiinae",,,"Orthocladius",,,"larva",1,,1,94,1,"N","N","damaged, affecting measurement","Y","128913","ITIS",,"Epler 2001","N","EcoAnalysts Inc.","U. Rai",,
"e217819f-5457-42b9-8c52-29facc2b5a39","D08","MAYF","MAYF.AOS.reach","2018-03-26T14:50Z","2018-08-02","MAYF.20180326.SNAG.3",,,"ATRSP3","Y","Atractides sp.",,,"Arthropoda","Chelicerata","Arachnida","Acari",,"Acariformes","Trombidiformes",,,,"Hygrobatidae",,,,"Atractides",,,"adult",1,,1,100,1,"N","N","condition OK","Y","83282","ITIS",,"Thorp and Covich 2001","N","EcoAnalysts Inc.","A. Navesky",,
"0d06512e-a4ba-4fa0-af6f-bc39df04a24c","D08","MAYF","MAYF.AOS.reach","2018-03-26T14:50Z","2018-08-02","MAYF.20180326.SNAG.3",,,"TORSP6","Y","Torrenticola sp.",,,"Arthropoda","Chelicerata","Arachnida","Acari",,"Acariformes","Trombidiformes",,,,"Torrenticolidae",,,,"Torrenticola",,,"adult",1,,9,100,9,"N","N","condition OK","Y","83254","ITIS",,"Thorp and Covich 2001","N","EcoAnalysts Inc.","A. Navesky",,
"4252f779-8648-4703-85d7-4db3b1d16d9e","D08","MAYF","MAYF.AOS.reach","2018-03-26T14:50Z","2018-09-05","MAYF.20180326.SNAG.3",,,"ABLSP","Y","Ablabesmyia sp.",,,"Arthropoda","Hexapoda","Insecta",,,,"Diptera","Nematocera",,,"Chironomidae","Tanypodinae","Pentaneurini",,"Ablabesmyia",,,"larva",6,,1,100,1,"N","Y","condition OK","Y","128079","ITIS",,"Roback 1985 and Epler 2001","N","EcoAnalysts Inc.","U. Rai",,
"3eca2bf2-c8b1-4352-bf46-55ec8a0a236f","D08","MAYF","MAYF.AOS.reach","2018-03-26T14:50Z","2018-09-05","MAYF.20180326.SNAG.5",,,"PENSP6","Y","Pentaneurini sp.",,,"Arthropoda","Hexapoda","Insecta",,,,"Diptera","Nematocera",,,"Chironomidae","Tanypodinae","Pentaneurini",,,,,"larva",1,,2,94,2,"Y","N","damaged, affecting taxonomy and measurement","N","128078","ITIS",,"Epler 2001","N","EcoAnalysts Inc.","U. Rai",,
"4d920bf0-bd8e-4cae-b74f-b6488d0a6a67","D08","MAYF","MAYF.AOS.reach","2018-03-26T14:50Z","2018-08-02","MAYF.20180326.SNAG.4",,,"HYDSP5","Y","Hydroptilidae sp.",,,"Arthropoda","Hexapoda","Insecta","Pterygota","Neoptera",,"Trichoptera",,,,"Hydroptilidae",,,,,,,"larva",1,,1,100,1,"Y","N","damaged, affecting measurement","N","115629","ITIS",,"Wiggins 1996","N","EcoAnalysts Inc.","A. Navesky",,
"2fa70aea-85ce-439a-a540-cdfc2f178237","D08","MAYF","MAYF.AOS.reach","2018-03-26T14:50Z","2018-08-01","MAYF.20180326.SNAG.1",,,"OECSP","Y","Oecetis sp.",,,"Arthropoda","Hexapoda","Insecta","Pterygota","Neoptera",,"Trichoptera",,,,"Leptoceridae",,,,"Oecetis",,,"larva",1,,1,75,1,"Y","N","condition OK","Y","116607","ITIS",,"Wiggins 1996","N","EcoAnalysts Inc.","A. Navesky",,
"677d14fd-ceea-43ba-84b4-723ee8440bc5","D08","MAYF","MAYF.AOS.reach","2018-03-26T14:50Z","2018-07-27","MAYF.20180326.SNAG.2",,,"ENCSP1","Y","Enchytraeidae sp.",,,"Annelida",,"Clitellata","Oligochaeta",,,"Enchytraeida",,,,"Enchytraeidae",,,,,,,"larva",2,,1,100,1,"N","N","condition OK","Y","68510","ITIS",,"Kathman and Brinkhurst, 1999","Y","EcoAnalysts Inc.","L. Flaherty",,
"5e4e9d08-0526-43a2-8436-a9d62cd540b0","D08","MAYF","MAYF.AOS.reach","2018-03-26T14:50Z","2018-09-05","MAYF.20180326.SNAG.2",,,"PARSP26","Y","Parametriocnemus sp.",,,"Arthropoda","Hexapoda","Insecta",,,,"Diptera","Nematocera",,,"Chironomidae","Orthocladiinae",,,"Parametriocnemus",,,"larva",2,,3,100,3,"N","N","condition OK","Y","128978","ITIS",,"Epler 2001","Y","EcoAnalysts Inc.","U. Rai",,
"c1dd498b-b8c4-4c39-91a5-f1d54b69f569","D08","MAYF","MAYF.AOS.reach","2018-03-26T14:50Z","2018-09-05","MAYF.20180326.SNAG.5",,,"RHESP1","Y","Rheocricotopus sp.",,,"Arthropoda","Hexapoda","Insecta",,,,"Diptera","Nematocera",,,"Chironomidae","Orthocladiinae",,,"Rheocricotopus",,,"larva",2,,38,94,41,"N","N","condition OK","Y","129086","ITIS",,"Epler 2001","N","EcoAnalysts Inc.","U. Rai",,
"7530fa00-f22e-49c5-b74f-621078ea9a36","D08","MAYF","MAYF.AOS.reach","2018-03-26T14:50Z","2018-09-05","MAYF.20180326.SNAG.1",,,"TANSP11","Y","Tanytarsus sp.",,,"Arthropoda","Hexapoda","Insecta",,,,"Diptera","Nematocera",,,"Chironomidae","Chironominae","Tanytarsini",,"Tanytarsus",,,"larva",1,,4,75,5,"N","N","damaged, affecting measurement","Y","129978","ITIS",,"Epler 2001","N","EcoAnalysts Inc.","U. Rai",,
"4a7f01f6-3afe-4376-91b5-ba499eb870a7","D08","MAYF","MAYF.AOS.reach","2018-03-26T14:50Z","2018-09-05","MAYF.20180326.SNAG.2",,,"THISP2","Y","Thienemanniella sp.",,,"Arthropoda","Hexapoda","Insecta",,,,"Diptera","Nematocera",,,"Chironomidae","Orthocladiinae",,,"Thienemanniella",,,"larva",1,,2,100,2,"N","N","damaged, affecting measurement","Y","129182","ITIS",,"Epler 2001","Y","EcoAnalysts Inc.","U. Rai",,
"04dcfb09-7085-4ce5-849f-09ef6b5c27d5","D08","MAYF","MAYF.AOS.reach","2018-03-26T14:50Z","2018-08-02","MAYF.20180326.SNAG.1",,,"HABVIB","Y","Habrophlebia vibrans",,,"Arthropoda","Hexapoda","Insecta",,,,"Ephemeroptera",,,,"Leptophlebiidae",,,,"Habrophlebia",,,"larva",4,,1,75,1,"N","N","condition OK","Y","101184","ITIS",,"Merritt and Cummins 2008","N","EcoAnalysts Inc.","A. Navesky",,
"9ebd8371-dde9-4aaa-b0a7-56a8104ca1dc","D08","MAYF","MAYF.AOS.reach","2018-03-26T14:50Z","2018-08-01","MAYF.20180326.SNAG.1",,,"HEMSP4","Y","Hemerodromia sp.",,,"Arthropoda","Hexapoda","Insecta",,,,"Diptera","Brachycera",,,"Empididae",,,,"Hemerodromia",,,"larva",1,,4,75,5,"N","N","condition OK","Y","136327","ITIS",,"Merritt and Cummins 2008","N","EcoAnalysts Inc.","A. Navesky",,
"6e617107-6468-4b47-9420-3679cc73fb05","D08","MAYF","MAYF.AOS.reach","2018-03-26T14:50Z","2018-09-05","MAYF.20180326.SNAG.2",,,"STEPER","Y","Kribiodorum perpulchrum",,,"Arthropoda","Hexapoda","Insecta",,,,"Diptera","Nematocera",,,"Chironomidae","Chironominae","Chironomini",,"Kribiodorum",,,"larva",4,,1,100,1,"N","N","condition OK","Y",,,,"Epler 2001, and Maschwitz and Cook 2000","Y","EcoAnalysts Inc.","U. Rai",,
"6834b80f-893d-48bc-a4da-67679863dfc9","D08","MAYF","MAYF.AOS.reach","2018-03-26T14:50Z","2018-09-05","MAYF.20180326.SNAG.4",,,"CHISP6","Y","Chironomini sp.",,,"Arthropoda","Hexapoda","Insecta",,,,"Diptera","Nematocera",,,"Chironomidae","Chironominae","Chironomini",,,,,"larva",1,,1,100,1,"Y","N","condition OK","N","129229","ITIS",,"Epler 2001","N","EcoAnalysts Inc.","U. Rai",,
"ee36580b-a35b-42f5-9c8a-426e602e2143","D08","MAYF","MAYF.AOS.reach","2018-03-26T14:50Z","2018-09-05","MAYF.20180326.SNAG.2",,,"TANSP11","Y","Tanytarsus sp.",,,"Arthropoda","Hexapoda","Insecta",,,,"Diptera","Nematocera",,,"Chironomidae","Chironominae","Tanytarsini",,"Tanytarsus",,,"larva",2,,13,100,13,"N","N","condition OK","Y","129978","ITIS",,"Epler 2001","Y","EcoAnalysts Inc.","U. Rai",,
"090b6bc9-5e3c-4909-8666-87b3fd3ba22d","D08","MAYF","MAYF.AOS.reach","2018-03-26T14:50Z","2018-09-05","MAYF.20180326.SNAG.2",,,"CORSP19","Y","Corynoneura sp.",,,"Arthropoda","Hexapoda","Insecta",,,,"Diptera","Nematocera",,,"Chironomidae","Orthocladiinae",,,"Corynoneura",,,"larva",2,,1,100,1,"N","N","condition OK","Y","128563","ITIS",,"Epler 2001","Y","EcoAnalysts Inc.","U. Rai",,
"0348287b-001d-4b57-b2c6-02b93a818aaf","D08","MAYF","MAYF.AOS.reach","2018-03-26T14:50Z","2018-09-05","MAYF.20180326.SNAG.1",,,"POLHAL","Y","Polypedilum halterale gr.",,,"Arthropoda","Hexapoda","Insecta",,,,"Diptera","Nematocera",,,"Chironomidae","Chironominae","Chironomini",,"Polypedilum",,,"larva",3,,6,75,8,"N","N","condition OK","Y",,,,"Epler 2001, and Maschwitz and Cook 2000","N","EcoAnalysts Inc.","U. Rai",,
"e2a3668c-1d0b-422e-82b5-c23fd5118331","D08","MAYF","MAYF.AOS.reach","2018-03-26T14:50Z","2018-09-05","MAYF.20180326.SNAG.5",,,"THISP2","Y","Thienemanniella sp.",,,"Arthropoda","Hexapoda","Insecta",,,,"Diptera","Nematocera",,,"Chironomidae","Orthocladiinae",,,"Thienemanniella",,,"larva",2,,5,94,5,"N","N","condition OK","Y","129182","ITIS",,"Epler 2001","N","EcoAnalysts Inc.","U. Rai",,
"c3482450-4a20-46fe-8f82-b4ea888077d3","D08","MAYF","MAYF.AOS.reach","2018-03-26T14:50Z","2018-09-05","MAYF.20180326.SNAG.2",,,"TANSP11","Y","Tanytarsus sp.",,,"Arthropoda","Hexapoda","Insecta",,,,"Diptera","Nematocera",,,"Chironomidae","Chironominae","Tanytarsini",,"Tanytarsus",,,"larva",1,,18,100,18,"N","N","damaged, affecting measurement","Y","129978","ITIS",,"Epler 2001","Y","EcoAnalysts Inc.","U. Rai",,
"1d7652b1-4d5b-4f10-804d-f48818418e58","D08","MAYF","MAYF.AOS.reach","2018-03-26T14:50Z","2018-09-05","MAYF.20180326.SNAG.5",,,"POLSCA","Y","Polypedilum scalaenum gr.",,,"Arthropoda","Hexapoda","Insecta",,,,"Diptera","Nematocera",,,"Chironomidae","Chironominae","Chironomini",,"Polypedilum",,,"larva",1,,1,94,1,"N","N","condition OK","Y",,,,"Epler 2001, and Maschwitz and Cook 2000","N","EcoAnalysts Inc.","U. Rai",,
"c1e29fab-a2ea-4d3b-af4e-874e3d6607ee","D08","MAYF","MAYF.AOS.reach","2018-03-26T14:50Z","2018-08-02","MAYF.20180326.SNAG.5",,,"ATRSP3","Y","Atractides sp.",,,"Arthropoda","Chelicerata","Arachnida","Acari",,"Acariformes","Trombidiformes",,,,"Hygrobatidae",,,,"Atractides",,,"adult",1,,2,94,2,"N","N","condition OK","Y","83282","ITIS",,"Thorp and Covich 2001","N","EcoAnalysts Inc.","A. Navesky",,
"7adc0d6b-3c88-4a76-a130-8173d0711137","D08","MAYF","MAYF.AOS.reach","2018-03-26T14:50Z","2018-08-20","MAYF.20180326.SNAG.2",,,"LEUSP2","Y","Leuctridae sp.",,,"Arthropoda","Hexapoda","Insecta","Pterygota","Neoptera",,"Plecoptera",,,,"Leuctridae",,,,,,,"larva",1,,4,100,4,"Y","N","condition OK","Y","102840","ITIS",,"Stewart and Stark, 2002","Y","EcoAnalysts Inc.","A. Navesky",,
"ad4a7ce6-cee3-41f2-8f1f-9642780e6c71","D08","MAYF","MAYF.AOS.reach","2018-03-26T14:50Z","2018-09-05","MAYF.20180326.SNAG.2",,,"POLSCA","Y","Polypedilum scalaenum gr.",,,"Arthropoda","Hexapoda","Insecta",,,,"Diptera","Nematocera",,,"Chironomidae","Chironominae","Chironomini",,"Polypedilum",,,"larva",2,,11,100,11,"N","N","condition OK","Y",,,,"Epler 2001, and Maschwitz and Cook 2000","Y","EcoAnalysts Inc.","U. Rai",,
"8e0b88c6-8ebd-4134-876a-de369dba1523","D08","MAYF","MAYF.AOS.reach","2018-03-26T14:50Z","2018-09-05","MAYF.20180326.SNAG.2",,,"TANSP11","Y","Tanytarsus sp.",,,"Arthropoda","Hexapoda","Insecta",,,,"Diptera","Nematocera",,,"Chironomidae","Chironominae","Tanytarsini",,"Tanytarsus",,,"larva",1,,6,100,6,"N","N","condition OK","Y","129978","ITIS",,"Epler 2001","Y","EcoAnalysts Inc.","U. Rai",,
"1abb8d66-a284-4c20-9269-317ed9536950","D08","MAYF","MAYF.AOS.reach","2018-03-26T14:50Z","2018-09-05","MAYF.20180326.SNAG.5",,,"THIGRO","Y","Thienemannimyia gr.",,,"Arthropoda","Hexapoda","Insecta",,,,"Diptera","Nematocera",,,"Chironomidae","Tanypodinae","Pentaneurini",,"Thienemannimyia gr.",,,"larva",4,,1,94,1,"N","N","condition OK","Y",,,,"Epler 2001","N","EcoAnalysts Inc.","U. Rai",,
"94e9065f-33c4-4bee-b39f-8f76d896fa66","D08","MAYF","MAYF.AOS.reach","2018-03-26T14:50Z","2018-09-05","MAYF.20180326.SNAG.2",,,"NILSP","Y","Nilotanypus sp.",,,"Arthropoda","Hexapoda","Insecta",,,,"Diptera","Nematocera",,,"Chironomidae","Tanypodinae","Pentaneurini",,"Nilotanypus",,,"larva",2,,1,100,1,"N","N","condition OK","Y","128202","ITIS",,"Epler 2001","Y","EcoAnalysts Inc.","U. Rai",,
"486c765e-94e3-46b4-8689-a78105e22d2c","D08","MAYF","MAYF.AOS.reach","2018-03-26T14:50Z","2018-08-01","MAYF.20180326.CORE.1",,,"BEZSP1","Y","Bezzia/Palpomyia sp.",,,"Arthropoda","Hexapoda","Insecta",,,,"Diptera","Nematocera",,,"Ceratopogonidae","Ceratopogoninae",,,"Bezzia/Palpomyia",,,"larva",7,,1,100,1,"N","N","condition OK","Y","127778","ITIS",,"Merritt and Cummins 2008","N","EcoAnalysts Inc.","A. Navesky",,
"a94c77a2-3a36-4f7b-bfd9-6709c6c2bee5","D08","MAYF","MAYF.AOS.reach","2018-03-26T14:50Z","2018-08-01","MAYF.20180326.SNAG.1",,,"STESP6","Y","Stenelmis sp.",,,"Arthropoda","Hexapoda","Insecta","Pterygota","Neoptera",,"Coleoptera","Polyphaga",,,"Elmidae",,,,"Stenelmis",,,"adult",3,,4,75,5,"N","N","condition OK","Y","114095","ITIS",,"Merritt and Cummins 2008","N","EcoAnalysts Inc.","A. Navesky",,
"1486aab5-c23c-466f-a2d8-1e04af3d6d76","D08","MAYF","MAYF.AOS.reach","2018-03-26T14:50Z","2018-08-02","MAYF.20180326.SNAG.4",,,"BEZSP1","Y","Bezzia/Palpomyia sp.",,,"Arthropoda","Hexapoda","Insecta",,,,"Diptera","Nematocera",,,"Ceratopogonidae","Ceratopogoninae",,,"Bezzia/Palpomyia",,,"larva",3,,1,100,1,"N","N","condition OK","Y","127778","ITIS",,"Merritt and Cummins 2008","N","EcoAnalysts Inc.","A. Navesky",,
"8c0cf0c7-bf37-4b4d-b39b-2d8e3673fe15","D08","MAYF","MAYF.AOS.reach","2018-03-26T14:50Z","2018-09-05","MAYF.20180326.SNAG.5",,,"XYLPAR","Y","Xylotopus par",,,"Arthropoda","Hexapoda","Insecta",,,,"Diptera","Nematocera",,,"Chironomidae","Orthocladiinae",,,"Xylotopus",,,"larva",12,,1,94,1,"N","N","condition OK","Y","129209","ITIS",,"Epler 2001","N","EcoAnalysts Inc.","U. Rai",,
"c9e389f5-9de5-4aa8-82c7-bbaee38525ee","D08","MAYF","MAYF.AOS.reach","2018-03-26T14:50Z","2018-09-05","MAYF.20180326.SNAG.2",,,"POLSCA","Y","Polypedilum scalaenum gr.",,,"Arthropoda","Hexapoda","Insecta",,,,"Diptera","Nematocera",,,"Chironomidae","Chironominae","Chironomini",,"Polypedilum",,,"larva",1,,3,100,3,"N","N","damaged, affecting measurement","Y",,,,"Epler 2001, and Maschwitz and Cook 2000","Y","EcoAnalysts Inc.","U. Rai",,
"4f91d72a-32bd-489a-ac3a-0d8e7b56dd26","D08","MAYF","MAYF.AOS.reach","2018-03-26T14:50Z","2018-09-05","MAYF.20180326.SNAG.1",,,"UNNMUL","Y","Unniella multivirga",,,"Arthropoda","Hexapoda","Insecta",,,,"Diptera","Nematocera",,,"Chironomidae","Orthocladiinae",,,"Unniella",,,"larva",2,,1,75,1,"N","N","condition OK","Y","129207","ITIS",,"Epler 2001, and Maschwitz and Cook 2000","N","EcoAnalysts Inc.","U. Rai",,
"fbcbbe8b-1a24-4cb3-835f-7a8be2e863f1","D08","MAYF","MAYF.AOS.reach","2018-03-26T14:50Z","2018-08-20","MAYF.20180326.SNAG.5",,,"LEUSP2","Y","Leuctridae sp.",,,"Arthropoda","Hexapoda","Insecta","Pterygota","Neoptera",,"Plecoptera",,,,"Leuctridae",,,,,,,"larva",1,,10,94,11,"Y","N","condition OK","N","102840","ITIS",,"Stewart and Stark, 2002","N","EcoAnalysts Inc.","A. Navesky",,
"2d2e2c4c-8d6f-480b-bd64-4fbde0b2d227","D08","MAYF","MAYF.AOS.reach","2018-03-26T14:50Z","2018-09-05","MAYF.20180326.SNAG.4",,,"TANSP11","Y","Tanytarsus sp.",,,"Arthropoda","Hexapoda","Insecta",,,,"Diptera","Nematocera",,,"Chironomidae","Chironominae","Tanytarsini",,"Tanytarsus",,,"larva",2,,13,100,13,"N","N","condition OK","Y","129978","ITIS",,"Epler 2001","N","EcoAnalysts Inc.","U. Rai",,
"a831c446-abf4-44bd-bea4-c3e22e86aa6f","D08","MAYF","MAYF.AOS.reach","2018-03-26T14:50Z","2018-09-05","MAYF.20180326.SNAG.5",,,"RHESP1","Y","Rheocricotopus sp.",,,"Arthropoda","Hexapoda","Insecta",,,,"Diptera","Nematocera",,,"Chironomidae","Orthocladiinae",,,"Rheocricotopus",,,"larva",4,,5,94,5,"N","N","condition OK","Y","129086","ITIS",,"Epler 2001","N","EcoAnalysts Inc.","U. Rai",,
"3ce087c2-4e5f-45f8-b8a4-75a03ab8b417","D08","MAYF","MAYF.AOS.reach","2018-03-26T14:50Z","2018-09-05","MAYF.20180326.SNAG.5",,,"THIGRO","Y","Thienemannimyia gr.",,,"Arthropoda","Hexapoda","Insecta",,,,"Diptera","Nematocera",,,"Chironomidae","Tanypodinae","Pentaneurini",,"Thienemannimyia gr.",,,"larva",2,,1,94,1,"N","N","condition OK","Y",,,,"Epler 2001","N","EcoAnalysts Inc.","U. Rai",,
"268addb4-118a-4fe5-87ab-c77e123cfdff","D08","MAYF","MAYF.AOS.reach","2018-03-26T14:50Z","2018-09-05","MAYF.20180326.SNAG.2",,,"TANSP11","Y","Tanytarsus sp.",,,"Arthropoda","Hexapoda","Insecta",,,,"Diptera","Nematocera",,,"Chironomidae","Chironominae","Tanytarsini",,"Tanytarsus",,,"larva",2,,5,100,5,"N","N","damaged, affecting measurement","Y","129978","ITIS",,"Epler 2001","Y","EcoAnalysts Inc.","U. Rai",,
"69e4672a-af5a-471a-a884-eefb62415925","D08","MAYF","MAYF.AOS.reach","2018-03-26T14:50Z","2018-08-01","MAYF.20180326.SNAG.1",,,"PLESP","Y","Plecoptera sp.",,,"Arthropoda","Hexapoda","Insecta","Pterygota","Neoptera",,"Plecoptera",,,,,,,,,,,"larva",1,,3,75,4,"Y","N","condition OK","Y","102467","ITIS",,"Stewart and Stark, 2002","N","EcoAnalysts Inc.","A. Navesky",,
"607ddb7e-f907-4414-aeda-9bc8b3b81b36","D08","MAYF","MAYF.AOS.reach","2018-03-26T14:50Z","2018-09-05","MAYF.20180326.CORE.2",,,"POLHAL","Y","Polypedilum halterale gr.",,,"Arthropoda","Hexapoda","Insecta",,,,"Diptera","Nematocera",,,"Chironomidae","Chironominae","Chironomini",,"Polypedilum",,,"larva",2,,4,100,4,"N","N","condition OK","Y",,,,"Epler 2001, and Maschwitz and Cook 2000","N","EcoAnalysts Inc.","U. Rai",,
"0f157d24-29aa-4bb4-ba08-babf73f237a2","D08","MAYF","MAYF.AOS.reach","2018-03-26T14:50Z","2018-09-05","MAYF.20180326.SNAG.4",,,"POLSCA","Y","Polypedilum scalaenum gr.",,,"Arthropoda","Hexapoda","Insecta",,,,"Diptera","Nematocera",,,"Chironomidae","Chironominae","Chironomini",,"Polypedilum",,,"larva",2,,7,100,7,"N","N","condition OK","Y",,,,"Epler 2001, and Maschwitz and Cook 2000","N","EcoAnalysts Inc.","U. Rai",,
"2885309f-4fe3-491a-bd94-e44aa3815d5b","D08","MAYF","MAYF.AOS.reach","2018-03-26T14:50Z","2018-08-02","MAYF.20180326.SNAG.2",,,"SPESP5","Y","Sperchonopsis sp.",,,"Arthropoda","Chelicerata","Arachnida","Acari",,"Acariformes","Trombidiformes",,,,"Sperchontidae",,,,"Sperchonopsis",,,"adult",1,,2,100,2,"N","N","condition OK","Y","83029","ITIS",,"Thorp and Covich 2001","Y","EcoAnalysts Inc.","A. Navesky",,
"e39e5d33-d886-4fe9-b5d1-30de376aeba3","D08","MAYF","MAYF.AOS.reach","2018-03-26T14:50Z","2018-09-05","MAYF.20180326.SNAG.5",,,"ORTLIG","Y","Orthocladius (Symposiocladius) lignicola","(Symposiocladius)",,"Arthropoda","Hexapoda","Insecta",,,,"Diptera","Nematocera",,,"Chironomidae","Orthocladiinae",,,"Orthocladius",,,"larva",2,,2,94,2,"N","N","condition OK","Y","128913","ITIS",,"Epler 2001","N","EcoAnalysts Inc.","U. Rai",,
"1e3ac16c-06d8-4bfb-905f-a5a3e917a7c2","D08","MAYF","MAYF.AOS.reach","2018-03-26T14:50Z","2018-09-05","MAYF.20180326.SNAG.5",,,"STEPER","Y","Kribiodorum perpulchrum",,,"Arthropoda","Hexapoda","Insecta",,,,"Diptera","Nematocera",,,"Chironomidae","Chironominae","Chironomini",,"Kribiodorum",,,"larva",2,,3,94,3,"N","N","condition OK","Y",,,,"Epler 2001, and Maschwitz and Cook 2000","N","EcoAnalysts Inc.","U. Rai",,
"320330cc-a525-4fc2-83af-cbd10cc6c875","D08","MAYF","MAYF.AOS.reach","2018-03-26T14:50Z","2018-09-05","MAYF.20180326.SNAG.1",,,"ABLSP","Y","Ablabesmyia sp.",,,"Arthropoda","Hexapoda","Insecta",,,,"Diptera","Nematocera",,,"Chironomidae","Tanypodinae","Pentaneurini",,"Ablabesmyia",,,"larva",4,,1,75,1,"N","Y","condition OK","Y","128079","ITIS",,"Roback 1985 and Epler 2001","N","EcoAnalysts Inc.","U. Rai",,
"a2fb4010-4eeb-4a69-aa93-03385cdbbe71","D08","MAYF","MAYF.AOS.reach","2018-03-26T14:50Z","2018-09-05","MAYF.20180326.SNAG.2",,,"THISP2","Y","Thienemanniella sp.",,,"Arthropoda","Hexapoda","Insecta",,,,"Diptera","Nematocera",,,"Chironomidae","Orthocladiinae",,,"Thienemanniella",,,"larva",2,,9,100,9,"N","N","condition OK","Y","129182","ITIS",,"Epler 2001","Y","EcoAnalysts Inc.","U. Rai",,
"f3f82429-812a-457c-aeb1-a3859b128467","D08","MAYF","MAYF.AOS.reach","2018-03-26T14:50Z","2018-09-05","MAYF.20180326.SNAG.4",,,"CRISP6","Y","Cricotopus/Orthocladius sp.",,,"Arthropoda","Hexapoda","Insecta",,,,"Diptera","Nematocera",,,"Chironomidae","Orthocladiinae",,,"Cricotopus/Orthocladius",,,"larva",1,,2,100,2,"N","N","condition OK","Y",,,,"Epler 2001, and Maschwitz and Cook 2000","N","EcoAnalysts Inc.","U. Rai",,
"52faf71b-3ab6-4ed3-ab7d-cd3606f868c0","D08","MAYF","MAYF.AOS.reach","2018-03-26T14:50Z","2018-08-02","MAYF.20180326.SNAG.4",,,"HYDSP24","Y","Hydroptila sp.",,,"Arthropoda","Hexapoda","Insecta","Pterygota","Neoptera",,"Trichoptera",,,,"Hydroptilidae",,,,"Hydroptila",,,"larva",2,,1,100,1,"N","N","condition OK","Y","115641","ITIS",,"Wiggins 1996","N","EcoAnalysts Inc.","A. Navesky",,
"796d0eea-94ed-4f86-9f11-06d4db729ff9","D08","MAYF","MAYF.AOS.reach","2018-03-26T14:50Z","2018-08-01","MAYF.20180326.SNAG.1",,,"NEMSP","Y","Nematoda sp.",,,"Nematoda",,,,,,,,,,,,,,,,,"larva",2,,1,75,1,"N","Y","condition OK","Y","59490","ITIS",,"Thorp and Covich 2001","N","EcoAnalysts Inc.","A. Navesky",,
"b04abbc3-15b6-42eb-b115-2c68f300a3e9","D08","MAYF","MAYF.AOS.reach","2018-03-26T14:50Z","2018-08-02","MAYF.20180326.SNAG.2",,,"TORSP6","Y","Torrenticola sp.",,,"Arthropoda","Chelicerata","Arachnida","Acari",,"Acariformes","Trombidiformes",,,,"Torrenticolidae",,,,"Torrenticola",,,"adult",1,,3,100,3,"N","N","condition OK","Y","83254","ITIS",,"Thorp and Covich 2001","Y","EcoAnalysts Inc.","A. Navesky",,
"7847fa8a-26a7-49b9-af4c-eaafbd295a07","D08","MAYF","MAYF.AOS.reach","2018-03-26T14:50Z","2018-08-02","MAYF.20180326.SNAG.5",,,"STESP6","Y","Stenelmis sp.",,,"Arthropoda","Hexapoda","Insecta","Pterygota","Neoptera",,"Coleoptera","Polyphaga",,,"Elmidae",,,,"Stenelmis",,,"larva",3,,1,94,1,"N","N","condition OK","Y","114095","ITIS",,"Merritt and Cummins 2008","N","EcoAnalysts Inc.","A. Navesky",,
"ac021455-2bb6-49c1-bc80-dca063fa2773","D08","MAYF","MAYF.AOS.reach","2018-03-26T14:50Z","2018-09-05","MAYF.20180326.SNAG.3",,,"PENSP6","Y","Pentaneurini sp.",,,"Arthropoda","Hexapoda","Insecta",,,,"Diptera","Nematocera",,,"Chironomidae","Tanypodinae","Pentaneurini",,,,,"larva",1,,2,100,2,"Y","N","condition OK","N","128078","ITIS",,"Epler 2001","N","EcoAnalysts Inc.","U. Rai",,
"716fbc63-4328-47c1-a33b-82b1b1160226","D08","MAYF","MAYF.AOS.reach","2018-03-26T14:50Z","2018-09-05","MAYF.20180326.CORE.1",,,"PARSP31","Y","Paracladopelma sp.",,,"Arthropoda","Hexapoda","Insecta",,,,"Diptera","Nematocera",,,"Chironomidae","Chironominae","Chironomini",,"Paracladopelma",,,"larva",1,,1,100,1,"N","N","damaged, affecting measurement","Y","129597","ITIS",,"Epler 2001, and Maschwitz and Cook 2000","N","EcoAnalysts Inc.","U. Rai",,
"8e3055d9-6caa-4583-ac53-b85b304b843b","D08","MAYF","MAYF.AOS.reach","2018-03-26T14:50Z","2018-08-02","MAYF.20180326.SNAG.5",,,"BEZSP1","Y","Bezzia/Palpomyia sp.",,,"Arthropoda","Hexapoda","Insecta",,,,"Diptera","Nematocera",,,"Ceratopogonidae","Ceratopogoninae",,,"Bezzia/Palpomyia",,,"larva",4,,5,94,5,"N","N","condition OK","Y","127778","ITIS",,"Merritt and Cummins 2008","N","EcoAnalysts Inc.","A. Navesky",,
"c19e0331-989b-49c9-aa60-bfc4fc0fe4b4","D08","MAYF","MAYF.AOS.reach","2018-03-26T14:50Z","2018-09-05","MAYF.20180326.SNAG.3",,,"TANSP11","Y","Tanytarsus sp.",,,"Arthropoda","Hexapoda","Insecta",,,,"Diptera","Nematocera",,,"Chironomidae","Chironominae","Tanytarsini",,"Tanytarsus",,,"larva",2,,3,100,3,"N","N","condition OK","Y","129978","ITIS",,"Epler 2001","N","EcoAnalysts Inc.","U. Rai",,
"9809c051-fd6c-42a6-8db3-fdd17b19a5e3","D08","MAYF","MAYF.AOS.reach","2018-03-26T14:50Z","2018-09-05","MAYF.20180326.SNAG.4",,,"TANSP11","Y","Tanytarsus sp.",,,"Arthropoda","Hexapoda","Insecta",,,,"Diptera","Nematocera",,,"Chironomidae","Chironominae","Tanytarsini",,"Tanytarsus",,,"larva",2,,3,100,3,"N","N","damaged, affecting measurement","Y","129978","ITIS",,"Epler 2001","N","EcoAnalysts Inc.","U. Rai",,
"81702aed-bb0c-4890-b97c-51f6cd162413","D08","MAYF","MAYF.AOS.reach","2018-03-26T14:50Z","2018-08-01","MAYF.20180326.SNAG.1",,,"TORSP6","Y","Torrenticola sp.",,,"Arthropoda","Chelicerata","Arachnida","Acari",,"Acariformes","Trombidiformes",,,,"Torrenticolidae",,,,"Torrenticola",,,"adult",1,,2,75,3,"N","N","condition OK","Y","83254","ITIS",,"Thorp and Covich 2001","N","EcoAnalysts Inc.","A. Navesky",,
"75e1e215-7b95-4463-9568-bf67cbfdb790","D08","MAYF","MAYF.AOS.reach","2018-03-26T14:50Z","2018-07-27","MAYF.20180326.SNAG.4",,,"PRIJEN","Y","Pristina jenkinae",,,"Annelida",,"Clitellata","Oligochaeta",,,"Tubificida",,,,"Naididae",,,,"Pristina",,,"larva",2,,1,100,1,"N","N","condition OK","Y","974770","ITIS",,"Kathman and Brinkhurst, 1999","N","EcoAnalysts Inc.","L. Flaherty",,
"1dd71f61-fdbb-4dc6-9272-507340b52a77","D08","MAYF","MAYF.AOS.reach","2018-03-26T14:50Z","2018-09-05","MAYF.20180326.SNAG.2",,,"THIGRO","Y","Thienemannimyia gr.",,,"Arthropoda","Hexapoda","Insecta",,,,"Diptera","Nematocera",,,"Chironomidae","Tanypodinae","Pentaneurini",,"Thienemannimyia gr.",,,"larva",4,,1,100,1,"N","N","condition OK","Y",,,,"Epler 2001","Y","EcoAnalysts Inc.","U. Rai",,
"fb519e58-7cb8-4316-ab9f-3be7a38ac9e5","D08","MAYF","MAYF.AOS.reach","2018-03-26T14:50Z","2018-08-01","MAYF.20180326.SNAG.1",,,"LEUSP8","Y","Leuctra sp.",,,"Arthropoda","Hexapoda","Insecta","Pterygota","Neoptera",,"Plecoptera",,,,"Leuctridae",,,,"Leuctra",,,"larva",2,,106,75,141,"N","N","condition OK","Y","102844","ITIS",,"Stewart and Stark, 2002","N","EcoAnalysts Inc.","A. Navesky",,
"7bfe92b1-4842-4b43-a252-06db5c673972","D08","MAYF","MAYF.AOS.reach","2018-03-26T14:50Z","2018-08-02","MAYF.20180326.SNAG.3",,,"NEMSP","Y","Nematoda sp.",,,"Nematoda",,,,,,,,,,,,,,,,,"larva",2,,2,100,2,"N","Y","condition OK","Y","59490","ITIS",,"Thorp and Covich 2001","N","EcoAnalysts Inc.","A. Navesky",,
"91a0a2e6-1a23-4046-ba7f-5712983da580","D08","MAYF","MAYF.AOS.reach","2018-03-26T14:50Z","2018-08-02","MAYF.20180326.SNAG.4",,,"PSISP1","Y","Psilotreta sp.",,,"Arthropoda","Hexapoda","Insecta","Pterygota","Neoptera",,"Trichoptera",,,,"Odontoceridae",,,,"Psilotreta",,,"pupa",10,,1,100,1,"N","N","condition OK","Y","116497","ITIS",,"Wiggins 1996","N","EcoAnalysts Inc.","A. Navesky",,
"7bc53037-88f6-46f2-92eb-1d3236aeafca","D08","MAYF","MAYF.AOS.reach","2018-03-26T14:50Z","2018-09-05","MAYF.20180326.SNAG.2",,,"POLSCA","Y","Polypedilum scalaenum gr.",,,"Arthropoda","Hexapoda","Insecta",,,,"Diptera","Nematocera",,,"Chironomidae","Chironominae","Chironomini",,"Polypedilum",,,"larva",4,,1,100,1,"N","N","condition OK","Y",,,,"Epler 2001, and Maschwitz and Cook 2000","Y","EcoAnalysts Inc.","U. Rai",,
"755aa937-4348-49a9-affe-564a2b57d3d6","D08","MAYF","MAYF.AOS.reach","2018-03-26T14:50Z","2018-09-05","MAYF.20180326.SNAG.3",,,"THISP2","Y","Thienemanniella sp.",,,"Arthropoda","Hexapoda","Insecta",,,,"Diptera","Nematocera",,,"Chironomidae","Orthocladiinae",,,"Thienemanniella",,,"pupa",1,,1,100,1,"N","N","condition OK","Y","129182","ITIS",,"Epler 2001","N","EcoAnalysts Inc.","U. Rai",,
"fa3b79cb-77d5-4643-a592-06e584219a3f","D08","MAYF","MAYF.AOS.reach","2018-03-26T14:50Z","2018-08-02","MAYF.20180326.SNAG.4",,,"BEZSP1","Y","Bezzia/Palpomyia sp.",,,"Arthropoda","Hexapoda","Insecta",,,,"Diptera","Nematocera",,,"Ceratopogonidae","Ceratopogoninae",,,"Bezzia/Palpomyia",,,"larva",4,,1,100,1,"N","N","condition OK","Y","127778","ITIS",,"Merritt and Cummins 2008","N","EcoAnalysts Inc.","A. Navesky",,
"7a4527da-3a5c-4859-b33e-e75141d27f57","D08","MAYF","MAYF.AOS.reach","2018-03-26T14:50Z","2018-09-05","MAYF.20180326.SNAG.4",,,"RHESP1","Y","Rheocricotopus sp.",,,"Arthropoda","Hexapoda","Insecta",,,,"Diptera","Nematocera",,,"Chironomidae","Orthocladiinae",,,"Rheocricotopus",,,"larva",2,,1,100,1,"N","N","condition OK","Y","129086","ITIS",,"Epler 2001","N","EcoAnalysts Inc.","U. Rai",,
"328298b7-8529-4d30-ba80-fafd1fb2605c","D08","MAYF","MAYF.AOS.reach","2018-03-26T14:50Z","2018-09-05","MAYF.20180326.SNAG.1",,,"CORSP19","Y","Corynoneura sp.",,,"Arthropoda","Hexapoda","Insecta",,,,"Diptera","Nematocera",,,"Chironomidae","Orthocladiinae",,,"Corynoneura",,,"larva",1,,1,75,1,"N","N","condition OK","Y","128563","ITIS",,"Epler 2001","N","EcoAnalysts Inc.","U. Rai",,
"78b3bdb0-d7cb-457e-8f3f-5009d325d0c3","D08","MAYF","MAYF.AOS.reach","2018-03-26T14:50Z","2018-09-05","MAYF.20180326.SNAG.5",,,"CORSP19","Y","Corynoneura sp.",,,"Arthropoda","Hexapoda","Insecta",,,,"Diptera","Nematocera",,,"Chironomidae","Orthocladiinae",,,"Corynoneura",,,"larva",1,,1,94,1,"N","N","condition OK","Y","128563","ITIS",,"Epler 2001","N","EcoAnalysts Inc.","U. Rai",,
"ffca81b5-a127-4eb6-9bc7-26216d90ac4f","D08","MAYF","MAYF.AOS.reach","2018-03-26T14:50Z","2018-09-05","MAYF.20180326.SNAG.2",,,"POLSCA","Y","Polypedilum scalaenum gr.",,,"Arthropoda","Hexapoda","Insecta",,,,"Diptera","Nematocera",,,"Chironomidae","Chironominae","Chironomini",,"Polypedilum",,,"larva",3,,2,100,2,"N","N","condition OK","Y",,,,"Epler 2001, and Maschwitz and Cook 2000","Y","EcoAnalysts Inc.","U. Rai",,
"236a3df9-306f-47eb-992e-e7c09f9f5a9d","D08","MAYF","MAYF.AOS.reach","2018-03-26T14:50Z","2018-08-02","MAYF.20180326.SNAG.5",,,"LYPDIV","Y","Lype diversa",,,"Arthropoda","Hexapoda","Insecta","Pterygota","Neoptera",,"Trichoptera",,,,"Psychomyiidae",,,,"Lype",,,"larva",1,,3,94,3,"N","N","damaged, affecting measurement","Y","115392","ITIS",,"Wiggins 1996","N","EcoAnalysts Inc.","A. Navesky",,
"b19669c8-da1d-445b-9c53-b12b7bdeedeb","D08","MAYF","MAYF.AOS.reach","2018-03-26T14:50Z","2018-09-05","MAYF.20180326.SNAG.5",,,"RHESP1","Y","Rheocricotopus sp.",,,"Arthropoda","Hexapoda","Insecta",,,,"Diptera","Nematocera",,,"Chironomidae","Orthocladiinae",,,"Rheocricotopus",,,"larva",1,,3,94,3,"N","N","damaged, affecting measurement","Y","129086","ITIS",,"Epler 2001","N","EcoAnalysts Inc.","U. Rai",,
"d3e8257c-2f42-4476-9b36-a733a841737f","D08","MAYF","MAYF.AOS.reach","2018-03-26T14:50Z","2018-07-27","MAYF.20180326.SNAG.3",,,"PRILEI","Y","Pristina leidyi",,,"Annelida",,"Clitellata","Oligochaeta",,,"Tubificida",,,,"Naididae",,,,"Pristina",,,"larva",1,,1,100,1,"N","N","damaged, affecting measurement","Y","68894","ITIS",,"Kathman and Brinkhurst, 1998","N","EcoAnalysts Inc.","L. Flaherty",,
"548e4f48-8657-4235-a603-e285c12290ab","D08","MAYF","MAYF.AOS.reach","2018-03-26T14:50Z","2018-08-02","MAYF.20180326.SNAG.5",,,"NEMSP","Y","Nematoda sp.",,,"Nematoda",,,,,,,,,,,,,,,,,"larva",2,,2,94,2,"N","Y","condition OK","Y","59490","ITIS",,"Thorp and Covich 2001","N","EcoAnalysts Inc.","A. Navesky",,
"185ef62c-2f9a-488f-a703-0744750d21ad","D08","MAYF","MAYF.AOS.reach","2018-03-26T14:50Z","2018-09-05","MAYF.20180326.SNAG.5",,,"TANSP11","Y","Tanytarsus sp.",,,"Arthropoda","Hexapoda","Insecta",,,,"Diptera","Nematocera",,,"Chironomidae","Chironominae","Tanytarsini",,"Tanytarsus",,,"larva",2,,43,94,46,"N","N","condition OK","Y","129978","ITIS",,"Epler 2001","N","EcoAnalysts Inc.","U. Rai",,
"64a8106d-d7f3-41c1-91d9-fce62302dbec","D08","MAYF","MAYF.AOS.reach","2018-03-26T14:50Z","2018-07-27","MAYF.20180326.SNAG.1",,,"ENCSP1","Y","Enchytraeidae sp.",,,"Annelida",,"Clitellata","Oligochaeta",,,"Enchytraeida",,,,"Enchytraeidae",,,,,,,"larva",2,,3,75,4,"N","N","condition OK","Y","68510","ITIS",,"Kathman and Brinkhurst, 1999","N","EcoAnalysts Inc.","L. Flaherty",,
"af8aa00d-58f1-4fe5-b89e-53254b162c57","D08","MAYF","MAYF.AOS.reach","2018-03-26T14:50Z","2018-09-05","MAYF.20180326.SNAG.2",,,"PARSP25","Y","Parakiefferiella sp.",,,"Arthropoda","Hexapoda","Insecta",,,,"Diptera","Nematocera",,,"Chironomidae","Orthocladiinae",,,"Parakiefferiella",,,"larva",1,,2,100,2,"N","N","condition OK","Y","128968","ITIS",,"Epler 2001","Y","EcoAnalysts Inc.","U. Rai",,
"7f92f3d3-1534-410f-9e38-9cb90f8d548b","D08","MAYF","MAYF.AOS.reach","2018-03-26T14:50Z","2018-09-05","MAYF.20180326.SNAG.1",,,"NILSP1","Y","Nilothauma sp.",,,"Arthropoda","Hexapoda","Insecta",,,,"Diptera","Nematocera",,,"Chironomidae","Chironominae","Chironomini",,"Nilothauma",,,"larva",2,,1,75,1,"N","N","condition OK","Y","129548","ITIS",,"Epler 2001, and Maschwitz and Cook 2000","N","EcoAnalysts Inc.","U. Rai",,
"f65d4479-e91b-4f8c-b4e0-b80710bae6bc","D08","MAYF","MAYF.AOS.reach","2018-03-26T14:50Z","2018-09-05","MAYF.20180326.SNAG.5",,,"PARSP26","Y","Parametriocnemus sp.",,,"Arthropoda","Hexapoda","Insecta",,,,"Diptera","Nematocera",,,"Chironomidae","Orthocladiinae",,,"Parametriocnemus",,,"larva",2,,1,94,1,"N","N","condition OK","Y","128978","ITIS",,"Epler 2001","N","EcoAnalysts Inc.","U. Rai",,
"475ed905-7835-4abf-9d38-a3c2739cc5f8","D08","MAYF","MAYF.AOS.reach","2018-03-26T14:50Z","2018-09-05","MAYF.20180326.SNAG.2",,,"THIGRO","Y","Thienemannimyia gr.",,,"Arthropoda","Hexapoda","Insecta",,,,"Diptera","Nematocera",,,"Chironomidae","Tanypodinae","Pentaneurini",,"Thienemannimyia gr.",,,"larva",2,,4,100,4,"N","N","condition OK","Y",,,,"Epler 2001","Y","EcoAnalysts Inc.","U. Rai",,
"08478d42-93cd-4b0f-997d-421be25bcd35","D08","MAYF","MAYF.AOS.reach","2018-03-26T14:50Z","2018-07-27","MAYF.20180326.SNAG.4",,,"ENCSP1","Y","Enchytraeidae sp.",,,"Annelida",,"Clitellata","Oligochaeta",,,"Enchytraeida",,,,"Enchytraeidae",,,,,,,"larva",2,,1,100,1,"N","N","condition OK","Y","68510","ITIS",,"Kathman and Brinkhurst, 1999","N","EcoAnalysts Inc.","L. Flaherty",,
"20a54a6f-35a9-41e1-a0c1-1b9c0cc92e19","D08","MAYF","MAYF.AOS.reach","2018-03-26T14:50Z","2018-09-05","MAYF.20180326.SNAG.5",,,"XYLPAR","Y","Xylotopus par",,,"Arthropoda","Hexapoda","Insecta",,,,"Diptera","Nematocera",,,"Chironomidae","Orthocladiinae",,,"Xylotopus",,,"larva",10,,1,94,1,"N","N","condition OK","Y","129209","ITIS",,"Epler 2001","N","EcoAnalysts Inc.","U. Rai",,
"e5c35904-11ca-405d-9628-0890f75cfdfd","D08","MAYF","MAYF.AOS.reach","2018-03-26T14:50Z","2018-08-01","MAYF.20180326.SNAG.1",,,"PERSP6","Y","Perlesta sp.",,,"Arthropoda","Hexapoda","Insecta","Pterygota","Neoptera",,"Plecoptera",,,,"Perlidae",,,,"Perlesta",,,"larva",2,,1,75,1,"N","N","condition OK","Y","103251","ITIS",,"Stewart and Stark, 2002","N","EcoAnalysts Inc.","A. Navesky",,
"17d6f376-c906-4ab0-ae57-0decd2b8ea2e","D08","MAYF","MAYF.AOS.reach","2018-03-26T14:50Z","2018-09-05","MAYF.20180326.SNAG.5",,,"TANSP11","Y","Tanytarsus sp.",,,"Arthropoda","Hexapoda","Insecta",,,,"Diptera","Nematocera",,,"Chironomidae","Chironominae","Tanytarsini",,"Tanytarsus",,,"larva",2,,13,94,14,"N","N","damaged, affecting measurement","Y","129978","ITIS",,"Epler 2001","N","EcoAnalysts Inc.","U. Rai",,
"aa556de9-a028-4e98-b9d5-99fd3777f501","D08","MAYF","MAYF.AOS.reach","2018-03-26T14:50Z","2018-08-02","MAYF.20180326.SNAG.5",,,"CERSP10","Y","Ceratopogoninae sp.",,,"Arthropoda","Hexapoda","Insecta",,,,"Diptera","Nematocera",,,"Ceratopogonidae","Ceratopogoninae",,,,,,"larva",3,,1,94,1,"N","Y","condition OK","Y","127338","ITIS",,"Merritt and Cummins 2008","N","EcoAnalysts Inc.","A. Navesky",,
"7d44301d-1c05-49a1-9dbc-fbf171421c1a","D08","MAYF","MAYF.AOS.reach","2018-03-26T14:50Z","2018-09-05","MAYF.20180326.CORE.1",,,"PARSP31","Y","Paracladopelma sp.",,,"Arthropoda","Hexapoda","Insecta",,,,"Diptera","Nematocera",,,"Chironomidae","Chironominae","Chironomini",,"Paracladopelma",,,"larva",1,,1,100,1,"N","N","condition OK","Y","129597","ITIS",,"Epler 2001, and Maschwitz and Cook 2000","N","EcoAnalysts Inc.","U. Rai",,
"27b5cf89-28d5-427f-a952-f7892dcaeeb0","D08","MAYF","MAYF.AOS.reach","2018-03-26T14:50Z","2018-09-05","MAYF.20180326.SNAG.1",,,"POLCON1","Y","Polypedilum convictum",,,"Arthropoda","Hexapoda","Insecta",,,,"Diptera","Nematocera",,,"Chironomidae","Chironominae","Chironomini",,"Polypedilum",,,"larva",3,,1,75,1,"N","N","condition OK","Y",,,,"Maschwitz and Cook 2000","N","EcoAnalysts Inc.","U. Rai",,
"b56771c4-9840-404a-8f61-9dc1e50f9204","D08","MAYF","MAYF.AOS.reach","2018-03-26T14:50Z","2018-09-05","MAYF.20180326.SNAG.2",,,"ORTSP1","Y","Orthocladiinae sp.",,,"Arthropoda","Hexapoda","Insecta",,,,"Diptera","Nematocera",,,"Chironomidae","Orthocladiinae",,,,,,"pupa",1,,1,100,1,"N","N","damaged, affecting taxonomy and measurement","N","128457","ITIS",,"Epler 2001","Y","EcoAnalysts Inc.","U. Rai",,
"bf6e9409-bc8b-42b4-b24e-0aceff50e31e","D08","MAYF","MAYF.AOS.reach","2018-03-26T14:50Z","2018-08-20","MAYF.20180326.SNAG.3",,,"LEUSP2","Y","Leuctridae sp.",,,"Arthropoda","Hexapoda","Insecta","Pterygota","Neoptera",,"Plecoptera",,,,"Leuctridae",,,,,,,"larva",1,,3,100,3,"Y","N","condition OK","N","102840","ITIS",,"Stewart and Stark, 2002","N","EcoAnalysts Inc.","A. Navesky",,
"a1d7b236-6d35-416c-b14b-d4b254c7a84e","D08","MAYF","MAYF.AOS.reach","2018-03-26T14:50Z","2018-09-05","MAYF.20180326.SNAG.3",,,"CORSP19","Y","Corynoneura sp.",,,"Arthropoda","Hexapoda","Insecta",,,,"Diptera","Nematocera",,,"Chironomidae","Orthocladiinae",,,"Corynoneura",,,"pupa",1,,1,100,1,"N","N","condition OK","Y","128563","ITIS",,"Epler 2001","N","EcoAnalysts Inc.","U. Rai",,
"4c966f30-0f65-454c-969a-05e38125da01","D08","MAYF","MAYF.AOS.reach","2018-03-26T14:50Z","2018-09-05","MAYF.20180326.SNAG.1",,,"CORSP19","Y","Corynoneura sp.",,,"Arthropoda","Hexapoda","Insecta",,,,"Diptera","Nematocera",,,"Chironomidae","Orthocladiinae",,,"Corynoneura",,,"pupa",1,,1,75,1,"N","N","condition OK","Y","128563","ITIS",,"Epler 2001","N","EcoAnalysts Inc.","U. Rai",,
"8c5bfe27-97df-4610-a4cf-fc801c3cd6b0","D08","MAYF","MAYF.AOS.reach","2018-03-26T14:50Z","2018-07-27","MAYF.20180326.SNAG.1",,,"NAISP","Y","Naididae sp.","tubificoid Naididae w/o cap setae",,"Annelida",,"Clitellata","Oligochaeta",,,"Tubificida",,,,"Naididae",,,,,,,"larva",3,,1,75,1,"N","N","condition OK","Y","68585","ITIS",,"Kathman and Brinkhurst, 1998","N","EcoAnalysts Inc.","L. Flaherty",,
"a21f4d73-c32a-495e-815b-3a076552559a","D08","MAYF","MAYF.AOS.reach","2018-03-26T14:50Z","2018-09-05","MAYF.20180326.SNAG.1",,,"THIGRO","Y","Thienemannimyia gr.",,,"Arthropoda","Hexapoda","Insecta",,,,"Diptera","Nematocera",,,"Chironomidae","Tanypodinae","Pentaneurini",,"Thienemannimyia gr.",,,"larva",6,,1,75,1,"N","N","condition OK","Y",,,,"Epler 2001","N","EcoAnalysts Inc.","U. Rai",,
"9cf635cf-6ab5-4e8d-9a74-337fae1ba9ed","D08","MAYF","MAYF.AOS.reach","2018-03-26T14:50Z","2018-07-27","MAYF.20180326.SNAG.1",,,"PRISP1","Y","Pristina sp.",,,"Annelida",,"Clitellata","Oligochaeta",,,"Tubificida",,,,"Naididae",,,,"Pristina",,,"larva",1,,1,75,1,"N","N","damaged, affecting measurement","Y","68876","ITIS",,"Kathman and Brinkhurst, 1998","N","EcoAnalysts Inc.","L. Flaherty",,
"6100ecee-c367-4490-9326-18883d01f41e","D08","MAYF","MAYF.AOS.reach","2018-03-26T14:50Z","2018-08-20","MAYF.20180326.SNAG.1",,,"LEUSP2","Y","Leuctridae sp.",,,"Arthropoda","Hexapoda","Insecta","Pterygota","Neoptera",,"Plecoptera",,,,"Leuctridae",,,,,,,"larva",1,,55,75,73,"Y","N","condition OK","N","102840","ITIS",,"Stewart and Stark, 2002","N","EcoAnalysts Inc.","A. Navesky",,
"562564ab-3f60-4654-b72b-afe6e1e9d22e","D08","MAYF","MAYF.AOS.reach","2018-03-26T14:50Z","2018-09-05","MAYF.20180326.SNAG.2",,,"RHESP4","Y","Rheosmittia sp.",,,"Arthropoda","Hexapoda","Insecta",,,,"Diptera","Nematocera",,,"Chironomidae","Orthocladiinae",,,"Rheosmittia",,,"larva",2,,1,100,1,"N","N","damaged, affecting measurement","Y","129107","ITIS",,"Epler 2001, and Maschwitz and Cook 2000","Y","EcoAnalysts Inc.","U. Rai",,
"53be5daf-0498-4fa1-bdd2-0870b1b10375","D08","MAYF","MAYF.AOS.reach","2018-03-26T14:50Z","2018-09-05","MAYF.20180326.SNAG.2",,,"CHISP6","Y","Chironomini sp.",,,"Arthropoda","Hexapoda","Insecta",,,,"Diptera","Nematocera",,,"Chironomidae","Chironominae","Chironomini",,,,,"larva",1,,2,100,2,"Y","N","condition OK","N","129229","ITIS",,"Epler 2001","Y","EcoAnalysts Inc.","U. Rai",,
"88bdd7fc-0ac6-4fa4-9ab2-cf365d248f91","D08","MAYF","MAYF.AOS.reach","2018-03-26T14:50Z","2018-09-05","MAYF.20180326.SNAG.5",,,"TANSP11","Y","Tanytarsus sp.",,,"Arthropoda","Hexapoda","Insecta",,,,"Diptera","Nematocera",,,"Chironomidae","Chironominae","Tanytarsini",,"Tanytarsus",,,"larva",1,,7,94,7,"N","N","condition OK","Y","129978","ITIS",,"Epler 2001","N","EcoAnalysts Inc.","U. Rai",,
"e6a02848-7bb8-4d4e-80fe-ccc78a5e222a","D08","MAYF","MAYF.AOS.reach","2018-03-26T14:50Z","2018-09-05","MAYF.20180326.SNAG.5",,,"STESP8","Y","Stenochironomus sp.",,,"Arthropoda","Hexapoda","Insecta",,,,"Diptera","Nematocera",,,"Chironomidae","Chironominae","Chironomini",,"Stenochironomus",,,"larva",2,,4,94,4,"N","N","damaged, affecting measurement","Y","129746","ITIS",,"Epler 2001","N","EcoAnalysts Inc.","U. Rai",,
"b91a5087-09a2-4c20-9302-6961c03fbc3a","D08","MAYF","MAYF.AOS.reach","2018-03-26T14:50Z","2018-09-05","MAYF.20180326.SNAG.2",,,"STESP8","Y","Stenochironomus sp.",,,"Arthropoda","Hexapoda","Insecta",,,,"Diptera","Nematocera",,,"Chironomidae","Chironominae","Chironomini",,"Stenochironomus",,,"larva",1,,1,100,1,"N","N","damaged, affecting measurement","Y","129746","ITIS",,"Epler 2001","Y","EcoAnalysts Inc.","U. Rai",,
"c35dfaf8-d60c-42eb-823d-e19290dc2d4c","D08","MAYF","MAYF.AOS.reach","2018-03-26T14:50Z","2018-08-02","MAYF.20180326.SNAG.3",,,"LEUSP8","Y","Leuctra sp.",,,"Arthropoda","Hexapoda","Insecta","Pterygota","Neoptera",,"Plecoptera",,,,"Leuctridae",,,,"Leuctra",,,"larva",2,,2,100,2,"N","N","condition OK","Y","102844","ITIS",,"Stewart and Stark, 2002","N","EcoAnalysts Inc.","A. Navesky",,
"5d13bce5-23c6-49da-a6b0-22f8bc9b66a3","D08","MAYF","MAYF.AOS.reach","2018-03-26T14:50Z","2018-09-05","MAYF.20180326.SNAG.1",,,"STESP10","Y","Stempellinella sp.",,,"Arthropoda","Hexapoda","Insecta",,,,"Diptera","Nematocera",,,"Chironomidae","Chironominae","Tanytarsini",,"Stempellinella",,,"larva",1,,1,75,1,"N","N","condition OK","Y","129969","ITIS",,"Epler 2001","N","EcoAnalysts Inc.","U. Rai",,
"4be67754-b76a-4e8b-891f-79c0de1eed1b","D08","MAYF","MAYF.AOS.reach","2018-03-26T14:50Z","2018-09-05","MAYF.20180326.SNAG.4",,,"CRISP6","Y","Cricotopus/Orthocladius sp.",,,"Arthropoda","Hexapoda","Insecta",,,,"Diptera","Nematocera",,,"Chironomidae","Orthocladiinae",,,"Cricotopus/Orthocladius",,,"larva",1,,1,100,1,"N","N","damaged, affecting measurement","Y",,,,"Epler 2001, and Maschwitz and Cook 2000","N","EcoAnalysts Inc.","U. Rai",,
"1f355073-aa1f-4b2a-be5a-de1acd231703","D08","MAYF","MAYF.AOS.reach","2018-03-26T14:50Z","2018-09-05","MAYF.20180326.SNAG.1",,,"XESSP","Y","Xestochironomus sp.",,,"Arthropoda","Hexapoda","Insecta",,,,"Diptera","Nematocera",,,"Chironomidae","Chironominae","Chironomini",,"Xestochironomus",,,"larva",7,,1,75,1,"N","N","condition OK","Y","129842","ITIS",,"Epler 2001, and Maschwitz and Cook 2000","N","EcoAnalysts Inc.","U. Rai",,
"3c422504-d695-485d-ac40-cce42f938870","D08","MAYF","MAYF.AOS.reach","2018-03-26T14:50Z","2018-08-02","MAYF.20180326.SNAG.5",,,"ANCVAR1","Y","Ancyronyx variegatus",,,"Arthropoda","Hexapoda","Insecta","Pterygota","Neoptera",,"Coleoptera","Polyphaga",,,"Elmidae",,,,"Ancyronyx",,,"larva",2,,2,94,2,"N","N","condition OK","Y","114194","ITIS",,"Brown and White 1978","N","EcoAnalysts Inc.","A. Navesky",,
"af21966f-e235-41ce-91d4-b804bdf8142d","D08","MAYF","MAYF.AOS.reach","2018-03-26T14:50Z","2018-09-05","MAYF.20180326.SNAG.2",,,"NILSP","Y","Nilotanypus sp.",,,"Arthropoda","Hexapoda","Insecta",,,,"Diptera","Nematocera",,,"Chironomidae","Tanypodinae","Pentaneurini",,"Nilotanypus",,,"larva",1,,1,100,1,"N","N","damaged, affecting measurement","Y","128202","ITIS",,"Epler 2001","Y","EcoAnalysts Inc.","U. Rai",,
"a334c8bb-5bf1-45d3-9d4f-21e307144fa6","D08","MAYF","MAYF.AOS.reach","2018-03-26T14:50Z","2018-08-02","MAYF.20180326.SNAG.5",,,"BEZSP1","Y","Bezzia/Palpomyia sp.",,,"Arthropoda","Hexapoda","Insecta",,,,"Diptera","Nematocera",,,"Ceratopogonidae","Ceratopogoninae",,,"Bezzia/Palpomyia",,,"larva",5,,4,94,4,"N","N","condition OK","Y","127778","ITIS",,"Merritt and Cummins 2008","N","EcoAnalysts Inc.","A. Navesky",,
"8d9ca25f-dfb3-4bd3-a5cc-203235ce542d","D08","MAYF","MAYF.AOS.reach","2018-03-26T14:50Z","2018-08-02","MAYF.20180326.SNAG.5",,,"NEMSP","Y","Nematoda sp.",,,"Nematoda",,,,,,,,,,,,,,,,,"larva",4,,1,94,1,"N","Y","condition OK","Y","59490","ITIS",,"Thorp and Covich 2001","N","EcoAnalysts Inc.","A. Navesky",,
"cb2c6083-6d54-410f-861c-73a65321da56","D08","MAYF","MAYF.AOS.reach","2018-03-26T14:50Z","2018-08-02","MAYF.20180326.SNAG.4",,,"HEMSP4","Y","Hemerodromia sp.",,,"Arthropoda","Hexapoda","Insecta",,,,"Diptera","Brachycera",,,"Empididae",,,,"Hemerodromia",,,"larva",2,,1,100,1,"N","N","condition OK","Y","136327","ITIS",,"Merritt and Cummins 2008","N","EcoAnalysts Inc.","A. Navesky",,
"54f298c4-bcfc-44ff-bb25-ba4e0b89207a","D08","MAYF","MAYF.AOS.reach","2018-03-26T14:50Z","2018-08-01","MAYF.20180326.SNAG.1",,,"STESP6","Y","Stenelmis sp.",,,"Arthropoda","Hexapoda","Insecta","Pterygota","Neoptera",,"Coleoptera","Polyphaga",,,"Elmidae",,,,"Stenelmis",,,"larva",1,,2,75,3,"N","N","damaged, affecting measurement","Y","114095","ITIS",,"Merritt and Cummins 2008","N","EcoAnalysts Inc.","A. Navesky",,
"f7d4f229-3958-4f9a-92d7-ce82274d6f90","D08","MAYF","MAYF.AOS.reach","2018-03-26T14:50Z","2018-08-01","MAYF.20180326.SNAG.1",,,"LEPSP4","Y","Leptophlebiidae sp.",,,"Arthropoda","Hexapoda","Insecta",,,,"Ephemeroptera",,,,"Leptophlebiidae",,,,,,,"larva",2,,2,75,3,"Y","N","condition OK","N","101095","ITIS",,"Merritt and Cummins 2008","N","EcoAnalysts Inc.","A. Navesky",,
"4fd4b678-4d71-48ac-9ad6-9129c1d0d22c","D08","MAYF","MAYF.AOS.reach","2018-03-26T14:50Z","2018-07-27","MAYF.20180326.SNAG.1",,,"ENCSP1","Y","Enchytraeidae sp.",,,"Annelida",,"Clitellata","Oligochaeta",,,"Enchytraeida",,,,"Enchytraeidae",,,,,,,"larva",4,,1,75,1,"N","N","condition OK","Y","68510","ITIS",,"Kathman and Brinkhurst, 1999","N","EcoAnalysts Inc.","L. Flaherty",,
"6d451877-2eff-4bea-b637-b62506f02ecb","D08","MAYF","MAYF.AOS.reach","2018-03-26T14:50Z","2018-08-01","MAYF.20180326.SNAG.1",,,"NEMSP","Y","Nematoda sp.",,,"Nematoda",,,,,,,,,,,,,,,,,"larva",3,,1,75,1,"N","Y","condition OK","Y","59490","ITIS",,"Thorp and Covich 2001","N","EcoAnalysts Inc.","A. Navesky",,
"9d11ecc1-c5cc-435b-afcc-af30dd6be65a","D08","MAYF","MAYF.AOS.reach","2018-03-26T14:50Z","2018-09-05","MAYF.20180326.SNAG.5",,,"RHESP1","Y","Rheocricotopus sp.",,,"Arthropoda","Hexapoda","Insecta",,,,"Diptera","Nematocera",,,"Chironomidae","Orthocladiinae",,,"Rheocricotopus",,,"larva",3,,15,94,16,"N","N","condition OK","Y","129086","ITIS",,"Epler 2001","N","EcoAnalysts Inc.","U. Rai",,
"ea0ccb34-aaa1-45e2-b932-de6420c27839","D08","MAYF","MAYF.AOS.reach","2018-03-26T14:50Z","2018-08-02","MAYF.20180326.SNAG.5",,,"OECSP","Y","Oecetis sp.",,,"Arthropoda","Hexapoda","Insecta","Pterygota","Neoptera",,"Trichoptera",,,,"Leptoceridae",,,,"Oecetis",,,"larva",2,,1,94,1,"N","N","damaged, affecting taxonomy","Y","116607","ITIS",,"Wiggins 1996","N","EcoAnalysts Inc.","A. Navesky",,
"bd21fef4-8927-4867-a7c8-af679f83c19b","D08","MAYF","MAYF.AOS.reach","2018-03-26T14:50Z","2018-08-02","MAYF.20180326.SNAG.5",,,"NEMSP","Y","Nematoda sp.",,,"Nematoda",,,,,,,,,,,,,,,,,"larva",1,,1,94,1,"N","Y","condition OK","Y","59490","ITIS",,"Thorp and Covich 2001","N","EcoAnalysts Inc.","A. Navesky",,
"0efabfe1-d316-4e86-917d-085281d2c8db","D08","MAYF","MAYF.AOS.reach","2018-03-26T14:50Z","2018-08-02","MAYF.20180326.SNAG.4",,,"HYDSP24","Y","Hydroptila sp.",,,"Arthropoda","Hexapoda","Insecta","Pterygota","Neoptera",,"Trichoptera",,,,"Hydroptilidae",,,,"Hydroptila",,,"larva",3,,1,100,1,"N","N","condition OK","Y","115641","ITIS",,"Wiggins 1996","N","EcoAnalysts Inc.","A. Navesky",,
"236b73be-a299-486d-bede-c6cb7e6990b0","D08","MAYF","MAYF.AOS.reach","2018-03-26T14:50Z","2018-08-01","MAYF.20180326.SNAG.1",,,"HEPSP","Y","Heptageniidae sp.",,,"Arthropoda","Hexapoda","Insecta",,,,"Ephemeroptera",,,,"Heptageniidae",,,,,,,"larva",1,,1,75,1,"N","N","damaged, affecting taxonomy","Y","100504","ITIS",,"Merritt and Cummins 2008","N","EcoAnalysts Inc.","A. Navesky",,
"115f0feb-1e83-4a27-8dba-3ad1bedc028a","D08","MAYF","MAYF.AOS.reach","2018-03-26T14:50Z","2018-09-05","MAYF.20180326.SNAG.5",,,"RHESP1","Y","Rheocricotopus sp.",,,"Arthropoda","Hexapoda","Insecta",,,,"Diptera","Nematocera",,,"Chironomidae","Orthocladiinae",,,"Rheocricotopus",,,"larva",1,,19,94,20,"N","N","condition OK","Y","129086","ITIS",,"Epler 2001","N","EcoAnalysts Inc.","U. Rai",,
"56f1eceb-e474-4e4f-a399-db49c92cf9cb","D08","MAYF","MAYF.AOS.reach","2018-03-26T14:50Z","2018-09-05","MAYF.20180326.SNAG.5",,,"ORTSP1","Y","Orthocladiinae sp.",,,"Arthropoda","Hexapoda","Insecta",,,,"Diptera","Nematocera",,,"Chironomidae","Orthocladiinae",,,,,,"larva",1,,1,94,1,"Y","N","damaged, affecting measurement","N","128457","ITIS",,"Epler 2001","N","EcoAnalysts Inc.","U. Rai",,
"757c7248-8d10-4c40-9d2e-1b6e55566455","D08","MAYF","MAYF.AOS.reach","2018-03-26T14:50Z","2018-09-05","MAYF.20180326.SNAG.5",,,"TANSP11","Y","Tanytarsus sp.",,,"Arthropoda","Hexapoda","Insecta",,,,"Diptera","Nematocera",,,"Chironomidae","Chironominae","Tanytarsini",,"Tanytarsus",,,"larva",3,,12,94,13,"N","N","condition OK","Y","129978","ITIS",,"Epler 2001","N","EcoAnalysts Inc.","U. Rai",,
"52e03955-7fb7-4b3c-8aaf-77b389467ab7","D08","MAYF","MAYF.AOS.reach","2018-03-26T14:50Z","2018-09-05","MAYF.20180326.SNAG.4",,,"PARSP26","Y","Parametriocnemus sp.",,,"Arthropoda","Hexapoda","Insecta",,,,"Diptera","Nematocera",,,"Chironomidae","Orthocladiinae",,,"Parametriocnemus",,,"larva",4,,1,100,1,"N","N","condition OK","Y","128978","ITIS",,"Epler 2001","N","EcoAnalysts Inc.","U. Rai",,
"3969f816-d9c1-4053-b5ab-d746c06e1109","D08","MAYF","MAYF.AOS.reach","2018-03-26T14:50Z","2018-08-02","MAYF.20180326.SNAG.5",,,"SPESP5","Y","Sperchonopsis sp.",,,"Arthropoda","Chelicerata","Arachnida","Acari",,"Acariformes","Trombidiformes",,,,"Sperchontidae",,,,"Sperchonopsis",,,"adult",1,,1,94,1,"N","N","condition OK","Y","83029","ITIS",,"Thorp and Covich 2001","N","EcoAnalysts Inc.","A. Navesky",,
"2cdb9cca-0a2d-4a3e-855f-cae065dd87dd","D08","MAYF","MAYF.AOS.reach","2018-03-26T14:50Z","2018-08-02","MAYF.20180326.SNAG.4",,,"HEMSP4","Y","Hemerodromia sp.",,,"Arthropoda","Hexapoda","Insecta",,,,"Diptera","Brachycera",,,"Empididae",,,,"Hemerodromia",,,"larva",3,,1,100,1,"N","N","condition OK","Y","136327","ITIS",,"Merritt and Cummins 2008","N","EcoAnalysts Inc.","A. Navesky",,
"7e95b091-441e-4450-ae9c-39735381f2d9","D08","MAYF","MAYF.AOS.reach","2018-03-26T14:50Z","2018-08-02","MAYF.20180326.SNAG.5",,,"TORSP6","Y","Torrenticola sp.",,,"Arthropoda","Chelicerata","Arachnida","Acari",,"Acariformes","Trombidiformes",,,,"Torrenticolidae",,,,"Torrenticola",,,"adult",1,,6,94,6,"N","N","condition OK","Y","83254","ITIS",,"Thorp and Covich 2001","N","EcoAnalysts Inc.","A. Navesky",,
"12553771-27e3-44b6-8023-26ebfc96a12b","D08","MAYF","MAYF.AOS.reach","2018-03-26T14:50Z","2018-08-20","MAYF.20180326.SNAG.5",,,"LEUSP2","Y","Leuctridae sp.",,,"Arthropoda","Hexapoda","Insecta","Pterygota","Neoptera",,"Plecoptera",,,,"Leuctridae",,,,,,,"larva",1,,1,94,1,"Y","N","damaged, affecting measurement","N","102840","ITIS",,"Stewart and Stark, 2002","N","EcoAnalysts Inc.","A. Navesky",,
"deeb14c9-c778-4beb-9713-b51c3d8aca64","D08","MAYF","MAYF.AOS.reach","2018-03-26T14:50Z","2018-09-05","MAYF.20180326.SNAG.5",,,"STESP8","Y","Stenochironomus sp.",,,"Arthropoda","Hexapoda","Insecta",,,,"Diptera","Nematocera",,,"Chironomidae","Chironominae","Chironomini",,"Stenochironomus",,,"larva",6,,3,94,3,"N","N","condition OK","Y","129746","ITIS",,"Epler 2001","N","EcoAnalysts Inc.","U. Rai",,
"ab7c7b92-8e03-44cc-862a-271f4ed1faa8","D08","MAYF","MAYF.AOS.reach","2018-03-26T14:50Z","2018-08-02","MAYF.20180326.SNAG.4",,,"BEZSP1","Y","Bezzia/Palpomyia sp.",,,"Arthropoda","Hexapoda","Insecta",,,,"Diptera","Nematocera",,,"Ceratopogonidae","Ceratopogoninae",,,"Bezzia/Palpomyia",,,"larva",5,,1,100,1,"N","N","condition OK","Y","127778","ITIS",,"Merritt and Cummins 2008","N","EcoAnalysts Inc.","A. Navesky",,
"205815ae-fe1b-45ed-afe6-11cc556e2a7e","D08","MAYF","MAYF.AOS.reach","2018-03-26T14:50Z","2018-07-27","MAYF.20180326.SNAG.5",,,"ENCSP1","Y","Enchytraeidae sp.",,,"Annelida",,"Clitellata","Oligochaeta",,,"Enchytraeida",,,,"Enchytraeidae",,,,,,,"larva",2,,2,94,2,"N","N","condition OK","Y","68510","ITIS",,"Kathman and Brinkhurst, 1999","N","EcoAnalysts Inc.","L. Flaherty",,
"c2dae5ee-b18c-4c5e-9f93-83e537218677","D08","MAYF","MAYF.AOS.reach","2018-03-26T14:50Z","2018-09-05","MAYF.20180326.SNAG.3",,,"POLSCA","Y","Polypedilum scalaenum gr.",,,"Arthropoda","Hexapoda","Insecta",,,,"Diptera","Nematocera",,,"Chironomidae","Chironominae","Chironomini",,"Polypedilum",,,"larva",2,,5,100,5,"N","N","condition OK","Y",,,,"Epler 2001, and Maschwitz and Cook 2000","N","EcoAnalysts Inc.","U. Rai",,
"92350de1-a1ca-4013-b6b2-474213eec7e2","D08","MAYF","MAYF.AOS.reach","2018-03-26T14:50Z","2018-08-01","MAYF.20180326.SNAG.1",,,"PERSP6","Y","Perlesta sp.",,,"Arthropoda","Hexapoda","Insecta","Pterygota","Neoptera",,"Plecoptera",,,,"Perlidae",,,,"Perlesta",,,"larva",3,,1,75,1,"N","N","condition OK","Y","103251","ITIS",,"Stewart and Stark, 2002","N","EcoAnalysts Inc.","A. Navesky",,
"1f58e6e0-4db3-40d6-8c18-90e9503a1547","D08","MAYF","MAYF.AOS.reach","2018-03-26T14:50Z","2018-08-02","MAYF.20180326.SNAG.5",,,"BEZSP1","Y","Bezzia/Palpomyia sp.",,,"Arthropoda","Hexapoda","Insecta",,,,"Diptera","Nematocera",,,"Ceratopogonidae","Ceratopogoninae",,,"Bezzia/Palpomyia",,,"larva",3,,1,94,1,"N","N","damaged, affecting measurement","Y","127778","ITIS",,"Merritt and Cummins 2008","N","EcoAnalysts Inc.","A. Navesky",,
"3a2daca0-fa54-4e63-b220-f8380e0ebf4c","D08","MAYF","MAYF.AOS.reach","2018-03-26T14:50Z","2018-09-05","MAYF.20180326.CORE.2",,,"ROBDEM","Y","Robackia demeijerei",,,"Arthropoda","Hexapoda","Insecta",,,,"Diptera","Nematocera",,,"Chironomidae","Chironominae","Chironomini",,"Robackia",,,"larva",5,,2,100,2,"N","N","condition OK","Y","129733","ITIS",,"Epler 2001, and Maschwitz and Cook 2000","N","EcoAnalysts Inc.","U. Rai",,
"3b13568d-904c-4240-bc53-d7ee4e458ca1","D08","MAYF","MAYF.AOS.reach","2018-03-26T14:50Z","2018-09-05","MAYF.20180326.SNAG.5",,,"STESP8","Y","Stenochironomus sp.",,,"Arthropoda","Hexapoda","Insecta",,,,"Diptera","Nematocera",,,"Chironomidae","Chironominae","Chironomini",,"Stenochironomus",,,"larva",10,,2,94,2,"N","N","condition OK","Y","129746","ITIS",,"Epler 2001","N","EcoAnalysts Inc.","U. Rai",,
"2f1c9a13-83d3-428f-9d29-a36b3e43eb37","D08","MAYF","MAYF.AOS.reach","2018-03-26T14:50Z","2018-09-05","MAYF.20180326.SNAG.5",,,"XESSP","Y","Xestochironomus sp.",,,"Arthropoda","Hexapoda","Insecta",,,,"Diptera","Nematocera",,,"Chironomidae","Chironominae","Chironomini",,"Xestochironomus",,,"larva",6,,1,94,1,"N","N","condition OK","Y","129842","ITIS",,"Epler 2001, and Maschwitz and Cook 2000","N","EcoAnalysts Inc.","U. Rai",,
"a8210f78-ca8d-40d1-b8bd-7ceb44ccf0e5","D08","MAYF","MAYF.AOS.reach","2018-03-26T14:50Z","2018-09-05","MAYF.20180326.CORE.1",,,"EUKSP","Y","Eukiefferiella sp.",,,"Arthropoda","Hexapoda","Insecta",,,,"Diptera","Nematocera",,,"Chironomidae","Orthocladiinae",,,"Eukiefferiella",,,"larva",1,,1,100,1,"Y","N","condition OK","Y","128689","ITIS",,"Epler 2001","N","EcoAnalysts Inc.","U. Rai",,
"7a428245-988e-443b-91cf-a9333f052772","D08","MAYF","MAYF.AOS.reach","2018-03-26T14:50Z","2018-09-05","MAYF.20180326.SNAG.5",,,"XESSP","Y","Xestochironomus sp.",,,"Arthropoda","Hexapoda","Insecta",,,,"Diptera","Nematocera",,,"Chironomidae","Chironominae","Chironomini",,"Xestochironomus",,,"larva",4,,3,94,3,"N","N","damaged, affecting measurement","Y","129842","ITIS",,"Epler 2001, and Maschwitz and Cook 2000","N","EcoAnalysts Inc.","U. Rai",,
"154b4acd-5bb5-4484-a72f-b62e6f5a0d2e","D08","MAYF","MAYF.AOS.reach","2018-03-26T14:50Z","2018-09-05","MAYF.20180326.SNAG.2",,,"THIGRO","Y","Thienemannimyia gr.",,,"Arthropoda","Hexapoda","Insecta",,,,"Diptera","Nematocera",,,"Chironomidae","Tanypodinae","Pentaneurini",,"Thienemannimyia gr.",,,"larva",3,,1,100,1,"N","N","condition OK","Y",,,,"Epler 2001","Y","EcoAnalysts Inc.","U. Rai",,
"3bfa4c8f-6cd9-4cb3-b1a0-6ef278b56688","D08","MAYF","MAYF.AOS.reach","2018-03-26T14:50Z","2018-09-05","MAYF.20180326.SNAG.1",,,"RHESP1","Y","Rheocricotopus sp.",,,"Arthropoda","Hexapoda","Insecta",,,,"Diptera","Nematocera",,,"Chironomidae","Orthocladiinae",,,"Rheocricotopus",,,"larva",3,,1,75,1,"N","N","condition OK","Y","129086","ITIS",,"Epler 2001","N","EcoAnalysts Inc.","U. Rai",,
"23b162b6-b9b9-441b-ae15-3797e7f926a7","D08","MAYF","MAYF.AOS.reach","2018-03-26T14:50Z","2018-09-05","MAYF.20180326.SNAG.2",,,"TANSP11","Y","Tanytarsus sp.",,,"Arthropoda","Hexapoda","Insecta",,,,"Diptera","Nematocera",,,"Chironomidae","Chironominae","Tanytarsini",,"Tanytarsus",,,"larva",3,,1,100,1,"N","N","condition OK","Y","129978","ITIS",,"Epler 2001","Y","EcoAnalysts Inc.","U. Rai",,
"5c2ea4c2-af0c-4206-bd5e-9c292f5556da","D08","MAYF","MAYF.AOS.reach","2018-03-26T14:50Z","2018-09-05","MAYF.20180326.SNAG.4",,,"RHESP1","Y","Rheocricotopus sp.",,,"Arthropoda","Hexapoda","Insecta",,,,"Diptera","Nematocera",,,"Chironomidae","Orthocladiinae",,,"Rheocricotopus",,,"larva",1,,1,100,1,"N","N","condition OK","Y","129086","ITIS",,"Epler 2001","N","EcoAnalysts Inc.","U. Rai",,
"ecb103b8-1f6e-4cd3-9266-b5826baf7ae8","D08","MAYF","MAYF.AOS.reach","2018-03-26T14:50Z","2018-08-01","MAYF.20180326.SNAG.1",,,"LEUSP8","Y","Leuctra sp.",,,"Arthropoda","Hexapoda","Insecta","Pterygota","Neoptera",,"Plecoptera",,,,"Leuctridae",,,,"Leuctra",,,"larva",3,,12,75,16,"N","N","condition OK","Y","102844","ITIS",,"Stewart and Stark, 2002","N","EcoAnalysts Inc.","A. Navesky",,
"e2ff33eb-6231-4838-a40b-9128e9090448","D08","MAYF","MAYF.AOS.reach","2018-03-26T14:50Z","2018-08-02","MAYF.20180326.SNAG.5",,,"SIMSP","Y","Simuliidae sp.",,,"Arthropoda","Hexapoda","Insecta",,,,"Diptera","Nematocera",,,"Simuliidae",,,,,,,"larva",1,,1,94,1,"Y","N","condition OK","Y","126640","ITIS",,"Merritt and Cummins 2008","N","EcoAnalysts Inc.","A. Navesky",,
"b51ddf43-6c8b-4a44-9b97-3ae5218ae7fa","D08","MAYF","MAYF.AOS.reach","2018-03-26T14:50Z","2018-08-01","MAYF.20180326.CORE.3",,,"PLESP","Y","Plecoptera sp.",,,"Arthropoda","Hexapoda","Insecta","Pterygota","Neoptera",,"Plecoptera",,,,,,,,,,,"larva",1,,1,100,1,"Y","N","damaged, affecting taxonomy","Y","102467","ITIS",,"Stewart and Stark, 2002","N","EcoAnalysts Inc.","A. Navesky",,
"49cbf4af-61af-4762-a257-8b33dab6cef1","D08","MAYF","MAYF.AOS.reach","2018-03-26T14:50Z","2018-09-05","MAYF.20180326.SNAG.5",,,"TANSP11","Y","Tanytarsus sp.",,,"Arthropoda","Hexapoda","Insecta",,,,"Diptera","Nematocera",,,"Chironomidae","Chironominae","Tanytarsini",,"Tanytarsus",,,"larva",1,,27,94,29,"N","N","damaged, affecting measurement","Y","129978","ITIS",,"Epler 2001","N","EcoAnalysts Inc.","U. Rai",,
"7425b97b-9b0b-4065-b8a8-ce7056007ee7","D08","MAYF","MAYF.AOS.reach","2018-03-26T14:50Z","2018-07-27","MAYF.20180326.SNAG.1",,,"ENCSP1","Y","Enchytraeidae sp.",,,"Annelida",,"Clitellata","Oligochaeta",,,"Enchytraeida",,,,"Enchytraeidae",,,,,,,"larva",1,,2,75,3,"N","N","condition OK","Y","68510","ITIS",,"Kathman and Brinkhurst, 1999","N","EcoAnalysts Inc.","L. Flaherty",,
"d5261514-d867-4515-951b-f14141a9a7a6","D08","MAYF","MAYF.AOS.reach","2018-03-26T14:50Z","2018-09-05","MAYF.20180326.SNAG.5",,,"PENSP6","Y","Pentaneurini sp.",,,"Arthropoda","Hexapoda","Insecta",,,,"Diptera","Nematocera",,,"Chironomidae","Tanypodinae","Pentaneurini",,,,,"larva",2,,4,94,4,"Y","N","damaged, affecting taxonomy","N","128078","ITIS",,"Epler 2001","N","EcoAnalysts Inc.","U. Rai",,
