uid,domainID,siteID,namedLocation,decimalLatitude,decimalLongitude,coordinateUncertainty,geodeticDatum,elevation,elevationUncertainty,aquaticSiteType,collectDate,eventID,boutNumber,sampleID,sampleCode,sampleCondition,geneticSampleID,geneticSampleCode,geneticSampleCond,samplingProtocolVersion,samplingImpractical,biophysicalCriteria,habitatType,samplerType,sampleNumber,substratumSizeClass,benthicArea,ponarDepth,snagLength,snagDiameter,dnaSnagLength,dnaSnagDiameter,remarks,recordedBy,collectedBy,dataQF
"8531b7b0-7d34-4698-a55e-99da428d556a","D08","MAYF","MAYF.AOS.reach",32.960365,-87.407688,1000.0,"WGS84",76.7,1000.0,"stream","2018-03-26T14:50Z","MAYF.20180326",1,"MAYF.20180326.SNAG.2",,,"MAYF.20180326.SNAG.2.DNA",,,"NEON.DOC.003046vC",,,"run","snag",2,"sand",0.094,,60.00,5.00,,,,"jgalloway@battelleecology.org","kmiller@battelleecology.org",
"3702c207-f55f-48fa-b1f3-e327601dd0e0","D08","MAYF","MAYF.AOS.reach",32.960365,-87.407688,1000.0,"WGS84",76.7,1000.0,"stream","2018-03-26T14:50Z","MAYF.20180326",1,"MAYF.20180326.CORE.1",,,,,,"NEON.DOC.003046vC",,,"run","core",1,"sand",0.006,,,,,,,"jgalloway@battelleecology.org","kmiller@battelleecology.org",
"231e02ec-03de-489c-a521-932b122a7f19","D08","MAYF","MAYF.AOS.reach",32.960365,-87.407688,1000.0,"WGS84",76.7,1000.0,"stream","2018-03-26T14:50Z","MAYF.20180326",1,"MAYF.20180326.SNAG.5",,,,,,"NEON.DOC.003046vC",,,"run","snag",5,"sand",0.063,,50.00,4.00,,,,"jgalloway@battelleecology.org","kmiller@battelleecology.org",
"c4e0cd51-4624-4041-827a-8ed13b9b6c41","D08","MAYF","MAYF.AOS.reach",32.960365,-87.407688,1000.0,"WGS84",76.7,1000.0,"stream","2018-03-26T14:50Z","MAYF.20180326",1,"MAYF.20180326.SNAG.4",,,,,,"NEON.DOC.003046vC",,,"run","snag",4,"sand",0.025,,40.00,2.00,,,,"jgalloway@battelleecology.org","kmiller@battelleecology.org",
"23c57425-ee58-46d2-baeb-18efe741a593","D08","MAYF","MAYF.AOS.reach",32.960365,-87.407688,1000.0,"WGS84",76.7,1000.0,"stream","2018-03-26T14:50Z","MAYF.20180326",1,"MAYF.20180326.CORE.3",,,,,,"NEON.DOC.003046vC",,,"run","core",3,"sand",0.006,,,,,,,"jgalloway@battelleecology.org","kmiller@battelleecology.org",
"dff86edf-df45-40ec-88ba-a3b4473fff8e","D08","MAYF","MAYF.AOS.reach",32.960365,-87.407688,1000.0,"WGS84",76.7,1000.0,"stream","2018-03-26T14:50Z","MAYF.20180326",1,"MAYF.20180326.CORE.2",,,,,,"NEON.DOC.003046vC",,,"run","core",2,"sand",0.006,,,,,,,"jgalloway@battelleecology.org","kmiller@battelleecology.org",
"4577e1bb-dd37-45b8-931e-b0d7deafcad7","D08","MAYF","MAYF.AOS.reach",32.960365,-87.407688,1000.0,"WGS84",76.7,1000.0,"stream","2018-03-26T14:50Z","MAYF.20180326",1,"MAYF.20180326.SNAG.3",,,"MAYF.20180326.SNAG.3.DNA",,,"NEON.DOC.003046vC",,,"run","snag",3,"sand",0.080,,73.00,3.50,,,,"jgalloway@battelleecology.org","kmiller@battelleecology.org",
"2eeaf0b2-cd20-4571-a8a9-619458dfbdb6","D08","MAYF","MAYF.AOS.reach",32.960365,-87.407688,1000.0,"WGS84",76.7,1000.0,"stream","2018-03-26T14:50Z","MAYF.20180326",1,"MAYF.20180326.SNAG.1",,,"MAYF.20180326.SNAG.1.DNA",,,"NEON.DOC.003046vC",,,"run","snag",1,"sand",0.104,,118.00,2.80,,,,"jgalloway@battelleecology.org","kmiller@battelleecology.org",
