uid,domainID,siteID,namedLocation,collectDate,sortDate,qcSortDate,sampleID,sampleCode,mixedInvertVialID,mixedInvertVialCode,chironomidVialID,chironomidVialCode,oligochaeteVialID,oligochaeteVialCode,largeInvertVialID,largeInvertVialCode,testProtocolVersion,primaryMatrix,preRinseVolume,postRinseVolume,subsamplePercent,qcSortingEfficacy,qcIterationCount,qcPercentSimilarity,laboratoryName,sortedBy,qcSortedBy,benchRemarks,dataQF,qcEnumerationDifference,qcTaxonomicDifference
"dac37497-04d2-493d-ac52-2439af2461f2","D08","MAYF","MAYF.AOS.reach","2020-11-17T16:33Z","2021-03-26","2021-03-30","MAYF.20201117.SNAG.1","A00000231945","MAYF.20201117.SNAG.1",,"BA20NEOMST17005C",,,,"BA20NEOMST17005LR",,"RHITHRON_Macroinvertebrate_Identification_Revision1","fine organic",,,100.0,100.0,1,,"Rhithron Associates, Inc.","jrNz6zwqS3Q=","3hsarqkn53DnTHf+v6UBHA==",,,,
"34d0afb7-2c89-4bf9-934e-caea6753d27f","D08","MAYF","MAYF.AOS.reach","2020-11-17T16:33Z","2021-03-29","2021-03-30","MAYF.20201117.SNAG.4","A00000231963","MAYF.20201117.SNAG.4",,"BA20NEOMST17002C",,,,"BA20NEOMST17002LR",,"RHITHRON_Macroinvertebrate_Identification_Revision1","fine organic",,,63.0,100.0,1,,"Rhithron Associates, Inc.","kcNHfEa00olgOMivYV39aQ==","3hsarqkn53DnTHf+v6UBHA==",,,,
"f984a3df-64ec-4ea4-b181-0215eb655d7f","D08","MAYF","MAYF.AOS.reach","2020-11-17T16:33Z","2021-03-30","2021-03-30","MAYF.20201117.SNAG.5","A00000231964","MAYF.20201117.SNAG.5",,"BA20NEOMST17001C",,,,"BA20NEOMST17001LR",,"RHITHRON_Macroinvertebrate_Identification_Revision1","fine organic",,,100.0,100.0,1,,"Rhithron Associates, Inc.","XlCRh6Ap9QNgux7KJv6yrw==","3hsarqkn53DnTHf+v6UBHA==",,,,
"0895622a-aa64-4493-9eb7-82ead06cacda","D08","MAYF","MAYF.AOS.reach","2020-11-17T16:33Z","2021-03-29","2021-03-30","MAYF.20201117.SNAG.2","A00000231947","MAYF.20201117.SNAG.2",,"BA20NEOMST17004C",,,,"BA20NEOMST17004LR",,"RHITHRON_Macroinvertebrate_Identification_Revision1","fine organic",,,100.0,100.0,1,,"Rhithron Associates, Inc.","LOdFES9HN1w=","3hsarqkn53DnTHf+v6UBHA==",,,,
"f1ef70e8-cbab-421c-acf6-e7423cf528f2","D08","MAYF","MAYF.AOS.reach","2020-11-17T16:33Z","2021-03-26","2021-03-26","MAYF.20201117.CORE.3","A00000231962","MAYF.20201117.CORE.3",,"BA20NEOMST17006C",,,,"BA20NEOMST17006LR",,"RHITHRON_Macroinvertebrate_Identification_Revision1","other (specified in remarks)",,,100.0,100.0,1,,"Rhithron Associates, Inc.","3hsarqkn53DnTHf+v6UBHA==","jrNz6zwqS3Q=","fine inorganic",,,
"4684bfe2-a7b9-466d-9f2f-f8eda9bd6fc1","D08","MAYF","MAYF.AOS.reach","2020-11-17T16:33Z","2021-03-29","2021-03-30","MAYF.20201117.CORE.1","A00000231946","MAYF.20201117.CORE.1",,"BA20NEOMST17008C",,,,"BA20NEOMST17008LR",,"RHITHRON_Macroinvertebrate_Identification_Revision1","other (specified in remarks)",,,100.0,100.0,1,,"Rhithron Associates, Inc.","jrNz6zwqS3Q=","3hsarqkn53DnTHf+v6UBHA==","fine inorganic",,,
"053081d8-52c3-412b-b17b-3517c8c73d37","D08","MAYF","MAYF.AOS.reach","2020-11-17T16:33Z","2021-03-26","2021-03-26","MAYF.20201117.SNAG.3","A00000231960","MAYF.20201117.SNAG.3",,"BA20NEOMST17003C",,,,"BA20NEOMST17003LR",,"RHITHRON_Macroinvertebrate_Identification_Revision1","fine organic",,,100.0,100.0,1,,"Rhithron Associates, Inc.","WO1ROMpMI5UERdFobeLniw==","jrNz6zwqS3Q=",,,0.2,2.6
"4e865dd8-7bcb-4471-8d08-7ebaacfb1d7c","D08","MAYF","MAYF.AOS.reach","2020-11-17T16:33Z","2021-03-29","2021-03-30","MAYF.20201117.CORE.2","A00000231961","MAYF.20201117.CORE.2",,"BA20NEOMST17007C",,,,"BA20NEOMST17007LR",,"RHITHRON_Macroinvertebrate_Identification_Revision1","other (specified in remarks)",,,100.0,100.0,1,,"Rhithron Associates, Inc.","WO1ROMpMI5UERdFobeLniw==","3hsarqkn53DnTHf+v6UBHA==","fine inorganic",,,
