uid,domainID,siteID,namedLocation,decimalLatitude,decimalLongitude,coordinateUncertainty,geodeticDatum,elevation,elevationUncertainty,aquaticSiteType,collectDate,eventID,boutNumber,sampleID,sampleCode,sampleCondition,geneticSampleID,geneticSampleCode,geneticSampleCond,samplingProtocolVersion,samplingImpractical,biophysicalCriteria,habitatType,samplerType,sampleNumber,substratumSizeClass,benthicArea,ponarDepth,snagLength,snagDiameter,dnaSnagLength,dnaSnagDiameter,remarks,recordedBy,collectedBy,dataQF
"263e8341-f903-4027-a3a1-6212fcd1a02f","D08","MAYF","MAYF.AOS.reach",32.960365,-87.407688,1000.0,"WGS84",76.7,1000.0,"stream","2020-11-17T16:33Z","MAYF.20201117",3,"MAYF.20201117.SNAG.5","A00000231964",,,,,"NEON.DOC.003046vE",,"OK - no known exceptions","riffle","snag",5,"sand",0.083,,44.00,6.00,,,,"0000-0003-1334-3275","0000-0003-0236-373X",
"ab98f45d-5f30-4af9-9a3f-85c0b860c374","D08","MAYF","MAYF.AOS.reach",32.960365,-87.407688,1000.0,"WGS84",76.7,1000.0,"stream","2020-11-17T16:33Z","MAYF.20201117",3,"MAYF.20201117.SNAG.1","A00000231945",,"MAYF.20201117.SNAG.1.ARC","A00000232112",,"NEON.DOC.003046vE",,"OK - no known exceptions","riffle","snag",1,"sand",0.055,,44.00,4.00,51.00,7.50,,"0000-0003-1334-3275","0000-0003-0236-373X",
"f692a6a2-ad88-4412-923e-f02f4ef880a5","D08","MAYF","MAYF.AOS.reach",32.960365,-87.407688,1000.0,"WGS84",76.7,1000.0,"stream","2020-11-17T16:33Z","MAYF.20201117",3,"MAYF.20201117.SNAG.3","A00000231960",,"MAYF.20201117.SNAG.3.ARC","A00000232114",,"NEON.DOC.003046vE",,"OK - no known exceptions","riffle","snag",3,"sand",0.102,,54.00,6.00,46.00,12.00,,"0000-0003-1334-3275","0000-0003-0236-373X",
"8eb3d76b-0c2e-490b-bdc1-275f16f2da47","D08","MAYF","MAYF.AOS.reach",32.960365,-87.407688,1000.0,"WGS84",76.7,1000.0,"stream","2020-11-17T16:33Z","MAYF.20201117",3,"MAYF.20201117.SNAG.4","A00000231963",,,,,"NEON.DOC.003046vE",,"OK - no known exceptions","riffle","snag",4,"clay",0.074,,39.00,6.00,,,,"0000-0003-1334-3275","0000-0003-0236-373X",
"da73e81a-60de-437e-993f-7cbcb4e43d8a","D08","MAYF","MAYF.AOS.reach",32.960365,-87.407688,1000.0,"WGS84",76.7,1000.0,"stream","2020-11-17T16:33Z","MAYF.20201117",3,"MAYF.20201117.SNAG.2","A00000231947",,"MAYF.20201117.SNAG.2.ARC","A00000232113",,"NEON.DOC.003046vE",,"OK - no known exceptions","riffle","snag",2,"sand",0.065,,52.00,4.00,44.00,10.00,,"0000-0003-1334-3275","0000-0003-0236-373X",
"99f28d4b-1456-47f8-8536-093cced9be27","D08","MAYF","MAYF.AOS.reach",32.960365,-87.407688,1000.0,"WGS84",76.7,1000.0,"stream","2020-11-17T16:33Z","MAYF.20201117",3,"MAYF.20201117.CORE.3","A00000231962",,,,,"NEON.DOC.003046vE",,"OK - no known exceptions","run","core",3,"clay",0.006,,,,,,,"0000-0003-1334-3275","0000-0003-0236-373X",
"30139080-d1a6-47a7-aa24-9d9e93ff886e","D08","MAYF","MAYF.AOS.reach",32.960365,-87.407688,1000.0,"WGS84",76.7,1000.0,"stream","2020-11-17T16:33Z","MAYF.20201117",3,"MAYF.20201117.CORE.2","A00000231961",,,,,"NEON.DOC.003046vE",,"OK - no known exceptions","run","core",2,"sand",0.006,,,,,,,"0000-0003-1334-3275","0000-0003-0236-373X",
"5d75fcf1-6fa1-4c43-8026-7af67bc6c7a1","D08","MAYF","MAYF.AOS.reach",32.960365,-87.407688,1000.0,"WGS84",76.7,1000.0,"stream","2020-11-17T16:33Z","MAYF.20201117",3,"MAYF.20201117.CORE.1","A00000231946",,,,,"NEON.DOC.003046vE",,"OK - no known exceptions","riffle","core",1,"sand",0.006,,,,,,,"0000-0003-1334-3275","0000-0003-0236-373X",
