uid,domainID,siteID,namedLocation,collectDate,sortDate,qcSortDate,sampleID,sampleCode,mixedInvertVialID,mixedInvertVialCode,chironomidVialID,chironomidVialCode,oligochaeteVialID,oligochaeteVialCode,largeInvertVialID,largeInvertVialCode,testProtocolVersion,primaryMatrix,preRinseVolume,postRinseVolume,subsamplePercent,qcSortingEfficacy,qcIterationCount,qcPercentSimilarity,laboratoryName,sortedBy,qcSortedBy,benchRemarks,dataQF,qcEnumerationDifference,qcTaxonomicDifference
"19d6ac2d-c896-4fa7-b0bc-a605bfb34203","D18","OKSR","OKSR.AOS.reach","2021-08-20T21:10Z","2022-04-21","2022-04-21","OKSR.20210820.KICKNET.3","A00000305811","BA22NEOMST03006",,"BA22NEOMST03006C",,,,,,"RHITHRON_Macroinvertebrate_Identification_Revision1","coarse organic",,,100.0,96.0,1,,"Rhithron Associates, Inc.","HoJKUEaBlIWcVZrQzHKCwUtkjcbrResP","3hsarqkn53DnTHf+v6UBHA==",,,,
"1e352f52-1724-4010-88e9-3da0d22a89ac","D18","OKSR","OKSR.AOS.reach","2021-08-20T21:10Z","2022-04-21","2022-04-21","OKSR.20210820.SURBER.1","A00000305817","BA22NEOMST03003",,"BA22NEOMST03003C",,,,,,"RHITHRON_Macroinvertebrate_Identification_Revision1","coarse organic",,,100.0,100.0,1,,"Rhithron Associates, Inc.","kcNHfEa00olgOMivYV39aQ==","jrNz6zwqS3Q=",,,,
"cc3f0181-a95b-4334-b03d-b063ea5814ea","D18","OKSR","OKSR.AOS.reach","2021-08-20T21:10Z","2022-04-22","2022-04-25","OKSR.20210820.KICKNET.1","A00000305814","BA22NEOMST03008",,"BA22NEOMST03008C",,,,,,"RHITHRON_Macroinvertebrate_Identification_Revision1","fine organic",,,80.0,97.7,1,,"Rhithron Associates, Inc.","egCH3wedmfhvZrvQbyFP8Q==","LOdFES9HN1w=",,,,
"1cd19807-adaa-460f-b2cd-82a7eb853f30","D18","OKSR","OKSR.AOS.reach","2021-08-20T21:10Z","2022-04-22","2022-04-25","OKSR.20210820.KICKNET.4","A00000305812","BA22NEOMST03005",,"BA22NEOMST03005C",,,,,,"RHITHRON_Macroinvertebrate_Identification_Revision1","fine organic",,,77.0,97.5,1,,"Rhithron Associates, Inc.","yZFSmq1jJzE=","LOdFES9HN1w=",,,,
"54c2b565-ba33-4e65-874a-2c1344dc3d45","D18","OKSR","OKSR.AOS.reach","2021-08-20T21:10Z","2022-04-21","2022-04-21","OKSR.20210820.KICKNET.5","A00000305813","BA22NEOMST03004",,"BA22NEOMST03004C",,,,,,"RHITHRON_Macroinvertebrate_Identification_Revision1","fine organic",,,30.0,97.6,1,,"Rhithron Associates, Inc.","LOdFES9HN1w=","jrNz6zwqS3Q=",,,,
"9aa9cf99-5f8c-4cce-b08a-a4ab57c14f56","D18","OKSR","OKSR.AOS.reach","2021-08-20T21:10Z","2022-04-21","2022-04-21","OKSR.20210820.SURBER.3","A00000305820","BA22NEOMST03001",,"BA22NEOMST03001C",,,,,,"RHITHRON_Macroinvertebrate_Identification_Revision1","fine organic",,,100.0,100.0,1,,"Rhithron Associates, Inc.","3hsarqkn53DnTHf+v6UBHA==","jrNz6zwqS3Q=",,,,
"28ea6d81-cb9a-485d-be1f-e3b7463f44c6","D18","OKSR","OKSR.AOS.reach","2021-08-20T21:10Z","2022-04-21","2022-04-21","OKSR.20210820.KICKNET.2","A00000305810","BA22NEOMST03007",,"BA22NEOMST03007C",,,,,,"RHITHRON_Macroinvertebrate_Identification_Revision1","fine organic",,,100.0,96.3,1,,"Rhithron Associates, Inc.","egCH3wedmfhvZrvQbyFP8Q==","3hsarqkn53DnTHf+v6UBHA==",,,0.5,1.0
"a53459b1-1e30-4cc9-847c-d59f60198af3","D18","OKSR","OKSR.AOS.reach","2021-08-20T21:10Z","2022-04-21","2022-04-21","OKSR.20210820.SURBER.2","A00000305818","BA22NEOMST03002",,"BA22NEOMST03002C",,,,,,"RHITHRON_Macroinvertebrate_Identification_Revision1","fine organic",,,93.0,100.0,1,,"Rhithron Associates, Inc.","jrNz6zwqS3Q=","3hsarqkn53DnTHf+v6UBHA==",,,0.9,1.8
