uid,domainID,siteID,namedLocation,decimalLatitude,decimalLongitude,coordinateUncertainty,geodeticDatum,elevation,elevationUncertainty,aquaticSiteType,collectDate,eventID,boutNumber,sampleID,sampleCode,sampleCondition,geneticSampleID,geneticSampleCode,geneticSampleCond,samplingProtocolVersion,samplingImpractical,biophysicalCriteria,habitatType,samplerType,sampleNumber,substratumSizeClass,benthicArea,ponarDepth,snagLength,snagDiameter,dnaSnagLength,dnaSnagDiameter,remarks,recordedBy,collectedBy,dataQF
"af2131b9-e5d5-4fbc-8f8a-8381559f0e3f","D18","OKSR","OKSR.AOS.reach",68.669753,-149.143018,1000.0,"WGS84",766.0,1000.0,"stream","2021-08-20T21:10Z","OKSR.20210820",3,"OKSR.20210820.KICKNET.4","A00000305812",,,,,"NEON.DOC.003046vE",,"OK - no known exceptions","run","modifiedKicknet",4,"cobble",0.250,,,,,,,"0000-0003-4502-2505","0000-0001-5131-1181",
"e2f9b5b4-e94a-4405-8bce-660cd6e6419f","D18","OKSR","OKSR.AOS.reach",68.669753,-149.143018,1000.0,"WGS84",766.0,1000.0,"stream","2021-08-20T21:10Z","OKSR.20210820",3,"OKSR.20210820.KICKNET.1","A00000305814",,"OKSR.20210820.KICKNET.1.ARC","A00000305815",,"NEON.DOC.003046vE",,"OK - no known exceptions","run","modifiedKicknet",1,"cobble",0.250,,,,,,,"0000-0003-4502-2505","0000-0001-5131-1181",
"a5780435-0280-481f-865b-b2130e525696","D18","OKSR","OKSR.AOS.reach",68.669753,-149.143018,1000.0,"WGS84",766.0,1000.0,"stream","2021-08-20T21:10Z","OKSR.20210820",3,"OKSR.20210820.SURBER.1","A00000305817",,,,,"NEON.DOC.003046vE",,"OK - no known exceptions","riffle","surber",1,"cobble",0.093,,,,,,,"0000-0003-4502-2505","0000-0001-5131-1181",
"80605f4d-a126-461d-9c2e-bad883d180a4","D18","OKSR","OKSR.AOS.reach",68.669753,-149.143018,1000.0,"WGS84",766.0,1000.0,"stream","2021-08-20T21:10Z","OKSR.20210820",3,"OKSR.20210820.SURBER.2","A00000305818",,,,,"NEON.DOC.003046vE",,"OK - no known exceptions","riffle","surber",2,"pebble",0.093,,,,,,,"0000-0003-4502-2505","0000-0001-5131-1181",
"1e20a072-f5aa-46b8-923a-b8b7e580a480","D18","OKSR","OKSR.AOS.reach",68.669753,-149.143018,1000.0,"WGS84",766.0,1000.0,"stream","2021-08-20T21:10Z","OKSR.20210820",3,"OKSR.20210820.KICKNET.3","A00000305811",,"OKSR.20210820.KICKNET.3.ARC","A00000306013",,"NEON.DOC.003046vE",,"OK - no known exceptions","run","modifiedKicknet",3,"cobble",0.250,,,,,,,"0000-0003-4502-2505","0000-0001-5131-1181",
"2ed0bcb1-dc31-4abd-811a-3f892f6070a0","D18","OKSR","OKSR.AOS.reach",68.669753,-149.143018,1000.0,"WGS84",766.0,1000.0,"stream","2021-08-20T21:10Z","OKSR.20210820",3,"OKSR.20210820.SURBER.3","A00000305820",,,,,"NEON.DOC.003046vE",,"OK - no known exceptions","riffle","surber",3,"pebble",0.093,,,,,,,"0000-0003-4502-2505","0000-0001-5131-1181",
"791dda60-bb83-4cb4-ac1d-12a3c5fb08b2","D18","OKSR","OKSR.AOS.reach",68.669753,-149.143018,1000.0,"WGS84",766.0,1000.0,"stream","2021-08-20T21:10Z","OKSR.20210820",3,"OKSR.20210820.KICKNET.5","A00000305813",,"OKSR.20210820.KICKNET.5.ARC","A00000305819",,"NEON.DOC.003046vE",,"OK - no known exceptions","run","modifiedKicknet",5,"cobble",0.250,,,,,,,"0000-0003-4502-2505","0000-0001-5131-1181",
"672b1e69-a9aa-4bc6-80e3-34520d04e97f","D18","OKSR","OKSR.AOS.reach",68.669753,-149.143018,1000.0,"WGS84",766.0,1000.0,"stream","2021-08-20T21:10Z","OKSR.20210820",3,"OKSR.20210820.KICKNET.2","A00000305810",,,,,"NEON.DOC.003046vE",,"OK - no known exceptions","run","modifiedKicknet",2,"cobble",0.250,,,,,,,"0000-0003-4502-2505","0000-0001-5131-1181",
