uid,domainID,siteID,namedLocation,decimalLatitude,decimalLongitude,coordinateUncertainty,geodeticDatum,elevation,elevationUncertainty,aquaticSiteType,collectDate,eventID,boutNumber,sampleID,sampleCode,sampleCondition,geneticSampleID,geneticSampleCode,geneticSampleCond,samplingProtocolVersion,samplingImpractical,biophysicalCriteria,habitatType,samplerType,sampleNumber,substratumSizeClass,benthicArea,ponarDepth,snagLength,snagDiameter,dnaSnagLength,dnaSnagDiameter,remarks,recordedBy,collectedBy,dataQF
"b51a422e-870b-4d48-8d7c-83dac792c882","D17","BIGC","BIGC.AOS.reach",37.059719,-119.257549,1000.0,"WGS84",1197.0,1000.0,"stream","2018-09-24T17:18Z","BIGC.20180924",3,"BIGC.20180924.SURBER.6","A00000027078",,,,,"NEON.DOC.003046vC",,,"riffle","surber",6,"cobble",0.093,,,,,,,"zlafaver@battelleecology.org","hbull@battelleecology.org",
"e434797b-82c7-488e-bbf0-4d2cbd700df7","D17","BIGC","BIGC.AOS.reach",37.059719,-119.257549,1000.0,"WGS84",1197.0,1000.0,"stream","2018-09-24T17:18Z","BIGC.20180924",3,"BIGC.20180924.SURBER.7","A00000027062",,,,,"NEON.DOC.003046vC",,,"riffle","surber",7,"pebble",0.093,,,,,,,"zlafaver@battelleecology.org","hbull@battelleecology.org",
"968a9525-5dec-47ee-919d-3bdc1fdde119","D17","BIGC","BIGC.AOS.reach",37.059719,-119.257549,1000.0,"WGS84",1197.0,1000.0,"stream","2018-09-24T17:18Z","BIGC.20180924",3,"BIGC.20180924.SURBER.4","A00000027063",,,,,"NEON.DOC.003046vC",,,"run","surber",4,"cobble",0.093,,,,,,,"zlafaver@battelleecology.org","hbull@battelleecology.org",
"b4a04c12-8532-4b48-83f5-44525cc5eb2c","D17","BIGC","BIGC.AOS.reach",37.059719,-119.257549,1000.0,"WGS84",1197.0,1000.0,"stream","2018-09-24T17:18Z","BIGC.20180924",3,"BIGC.20180924.SURBER.8","A00000027081",,,,,"NEON.DOC.003046vC",,,"riffle","surber",8,"cobble",0.093,,,,,,,"zlafaver@battelleecology.org","hbull@battelleecology.org",
"50a745e7-dd40-40d2-a131-d60638c07f2b","D17","BIGC","BIGC.AOS.reach",37.059719,-119.257549,1000.0,"WGS84",1197.0,1000.0,"stream","2018-09-24T17:18Z","BIGC.20180924",3,"BIGC.20180924.SURBER.2","A00000027067",,"BIGC.20180924.SURBER.2.DNA","A00000027068",,"NEON.DOC.003046vC",,,"run","surber",2,"cobble",0.093,,,,,,,"zlafaver@battelleecology.org","hbull@battelleecology.org",
"fe07370e-1c51-4a32-8d69-26c229ad1ee4","D17","BIGC","BIGC.AOS.reach",37.059719,-119.257549,1000.0,"WGS84",1197.0,1000.0,"stream","2018-09-24T17:18Z","BIGC.20180924",3,"BIGC.20180924.SURBER.1","A00000027052",,"BIGC.20180924.SURBER.1.DNA","A00000027066",,"NEON.DOC.003046vC",,,"run","surber",1,"cobble",0.093,,,,,,,"zlafaver@battelleecology.org","hbull@battelleecology.org",
"8ec222fa-e70e-4eda-b78b-db909d0973d7","D17","BIGC","BIGC.AOS.reach",37.059719,-119.257549,1000.0,"WGS84",1197.0,1000.0,"stream","2018-09-24T17:18Z","BIGC.20180924",3,"BIGC.20180924.SURBER.3","A00000027064",,"BIGC.20180924.SURBER.3.DNA","A00000027095",,"NEON.DOC.003046vC",,,"run","surber",3,"pebble",0.093,,,,,,,"zlafaver@battelleecology.org","hbull@battelleecology.org",
"7f5b474e-d8c8-429e-bbe9-8312c833f3ea","D17","BIGC","BIGC.AOS.reach",37.059719,-119.257549,1000.0,"WGS84",1197.0,1000.0,"stream","2018-09-24T17:18Z","BIGC.20180924",3,"BIGC.20180924.SURBER.5","A00000027080",,,,,"NEON.DOC.003046vC",,,"run","surber",5,"sand",0.093,,,,,,,"zlafaver@battelleecology.org","hbull@battelleecology.org",
