uid,domainID,siteID,namedLocation,collectDate,sortDate,qcSortDate,sampleID,sampleCode,mixedInvertVialID,mixedInvertVialCode,chironomidVialID,chironomidVialCode,oligochaeteVialID,oligochaeteVialCode,largeInvertVialID,largeInvertVialCode,testProtocolVersion,primaryMatrix,preRinseVolume,postRinseVolume,subsamplePercent,qcSortingEfficacy,qcIterationCount,qcPercentSimilarity,laboratoryName,sortedBy,qcSortedBy,benchRemarks,dataQF,qcEnumerationDifference,qcTaxonomicDifference
"ffbb7fca-6645-4e71-b365-929f9c4f1ff4","D17","BIGC","BIGC.AOS.reach","2018-09-24T17:18Z","2018-12-18","2018-12-19","BIGC.20180924.SURBER.5","A00000027080","BIGC.20180924.SURBER.5",,,,,,,,"ECOANALYSTS_Macroinvertebrate_Identification_Revision4","other (specified in remarks)",0.08,0.08,6.3,96.8,1,,"EcoAnalysts Inc.","z3wo8/+tr2E3/uMn/wCDLw==","nvO9dEMKYf3II1WEm9Fr0w==","Primary matrix is Inorganic",,,
"6eef7aa1-1bbb-4efd-a033-fcc6f1f5e153","D17","BIGC","BIGC.AOS.reach","2018-09-24T17:18Z","2018-12-18","2018-12-27","BIGC.20180924.SURBER.4","A00000027063","BIGC.20180924.SURBER.4",,,,,,,,"ECOANALYSTS_Macroinvertebrate_Identification_Revision4","other (specified in remarks)",0.08,0.08,43.8,100.0,2,,"EcoAnalysts Inc.","z3wo8/+tr2E3/uMn/wCDLw==","vKmhVFWTDWQ=","Primary matrix is Inorganic",,,
"0e0fea50-ffbb-4a77-b78f-f88627dda9b1","D17","BIGC","BIGC.AOS.reach","2018-09-24T17:18Z","2018-12-17","2018-12-17","BIGC.20180924.SURBER.8","A00000027081","BIGC.20180924.SURBER.8",,,,,,,,"ECOANALYSTS_Macroinvertebrate_Identification_Revision4","coarse organic",0.10,0.10,8.3,97.1,1,,"EcoAnalysts Inc.","z3wo8/+tr2E3/uMn/wCDLw==","nvO9dEMKYf3II1WEm9Fr0w==",,,,
"e404b6cd-dbde-483d-b6ce-c8830eb69c8a","D17","BIGC","BIGC.AOS.reach","2018-09-24T17:18Z","2018-12-18","2018-12-19","BIGC.20180924.SURBER.6","A00000027078","BIGC.20180924.SURBER.6",,,,,,,,"ECOANALYSTS_Macroinvertebrate_Identification_Revision4","coarse organic",0.05,0.05,6.3,95.3,1,,"EcoAnalysts Inc.","z3wo8/+tr2E3/uMn/wCDLw==","nvO9dEMKYf3II1WEm9Fr0w==",,,,
"e0056b60-c2af-4c9d-b8ba-7fe3ccf7c3d9","D17","BIGC","BIGC.AOS.reach","2018-09-24T17:18Z","2018-12-19","2018-12-19","BIGC.20180924.SURBER.3","A00000027064","BIGC.20180924.SURBER.3",,,,,,,,"ECOANALYSTS_Macroinvertebrate_Identification_Revision4","coarse organic",0.30,0.30,14.6,99.3,1,,"EcoAnalysts Inc.","z3wo8/+tr2E3/uMn/wCDLw==","nvO9dEMKYf3II1WEm9Fr0w==",,,,
"d1de2e36-9c9a-4bdd-aca5-86b1c5788f1d","D17","BIGC","BIGC.AOS.reach","2018-09-24T17:18Z","2018-12-20","2018-12-21","BIGC.20180924.SURBER.2","A00000027067","BIGC.20180924.SURBER.2",,,,,,,,"ECOANALYSTS_Macroinvertebrate_Identification_Revision4","other (specified in remarks)",0.05,0.05,18.8,95.0,1,,"EcoAnalysts Inc.","z3wo8/+tr2E3/uMn/wCDLw==","nvO9dEMKYf3II1WEm9Fr0w==","Primary matrix is Inorganic",,,
"dc1fa424-5a98-4400-bdff-41f36c9eb8c7","D17","BIGC","BIGC.AOS.reach","2018-09-24T17:18Z","2018-12-21","2018-12-21","BIGC.20180924.SURBER.1","A00000027052","BIGC.20180924.SURBER.1",,,,,,,,"ECOANALYSTS_Macroinvertebrate_Identification_Revision4","other (specified in remarks)",0.03,0.03,43.8,95.9,1,,"EcoAnalysts Inc.","z3wo8/+tr2E3/uMn/wCDLw==","nvO9dEMKYf3II1WEm9Fr0w==","Primary matrix is Inorganic",,1.1,2.8
"a77efdac-0eb7-4d6a-8918-70e3ae3eab54","D17","BIGC","BIGC.AOS.reach","2018-09-24T17:18Z","2018-12-17","2018-12-17","BIGC.20180924.SURBER.7","A00000027062","BIGC.20180924.SURBER.7",,,,,,,,"ECOANALYSTS_Macroinvertebrate_Identification_Revision4","fine organic",0.03,0.03,6.3,95.1,1,,"EcoAnalysts Inc.","z3wo8/+tr2E3/uMn/wCDLw==","nvO9dEMKYf3II1WEm9Fr0w==",,,,
