uid,domainID,siteID,namedLocation,startDate,collectDate,sampleID,sampleCode,slideID,slideCode,scientificName,morphospeciesID,referenceCount,referenceID,referenceCode,archiveLabSampleMedium,laboratoryName,dataQF
"e3ac8c22-3675-4326-b02b-43ad024930a9","D17","BIGC","BIGC.AOS.reach","2018-09-24T17:18Z","2018-09-24T17:18Z","BIGC.20180924.SURBER.3","A00000027064",,,"Phaenopsectra sp.",,4,"BIGC.20180924.SURBER.3.PHAENOPSECTRA SP.",,,"EcoAnalysts Inc.",
"365ff739-2526-4e0d-99bb-f3334070bd1e","D17","BIGC","BIGC.AOS.reach","2018-09-24T17:18Z","2018-09-24T17:18Z","BIGC.20180924.SURBER.8","A00000027081",,,"Hydropsyche sp.",,1,"BIGC.20180924.SURBER.8.HYDROPSYCHE SP.",,,"EcoAnalysts Inc.",
"ec30eaca-029a-4a3d-9f29-02f8670ba6d2","D17","BIGC","BIGC.AOS.reach","2018-09-24T17:18Z","2018-09-24T17:18Z","BIGC.20180924.SURBER.7","A00000027062",,,"Chloroperlidae sp.",,1,"BIGC.20180924.SURBER.7.CHLOROPERLIDAE SP.",,,"EcoAnalysts Inc.",
"7692b7ff-616a-4b27-829d-544d3953495e","D17","BIGC","BIGC.AOS.reach","2018-09-24T17:18Z","2018-09-24T17:18Z","BIGC.20180924.SURBER.2","A00000027067",,,"Psectrocladius sp.",,1,"BIGC.20180924.SURBER.2.PSECTROCLADIUS SP.",,,"EcoAnalysts Inc.",
"a60f121a-25d5-4e59-a18d-55e893a60599","D17","BIGC","BIGC.AOS.reach","2018-09-24T17:18Z","2018-09-24T17:18Z","BIGC.20180924.SURBER.6","A00000027078",,,"Limnophila sp.",,1,"BIGC.20180924.SURBER.6.LIMNOPHILA SP.",,,"EcoAnalysts Inc.",
"405b5308-c162-4ae7-b8b5-03bf5f4d65e6","D17","BIGC","BIGC.AOS.reach","2018-09-24T17:18Z","2018-09-24T17:18Z","BIGC.20180924.SURBER.8","A00000027081",,,"Cinygmula sp.",,1,"BIGC.20180924.SURBER.8.CINYGMULA SP.",,,"EcoAnalysts Inc.",
"6e5d3b61-566d-47c0-b2fb-70043d3b7e32","D17","BIGC","BIGC.AOS.reach","2018-09-24T17:18Z","2018-09-24T17:18Z","BIGC.20180924.SURBER.8","A00000027081",,,"Lebertia sp.",,2,"BIGC.20180924.SURBER.8.LEBERTIA SP.",,,"EcoAnalysts Inc.",
"88207b0e-275b-45f1-9d7a-4686e2e91aa6","D17","BIGC","BIGC.AOS.reach","2018-09-24T17:18Z","2018-09-24T17:18Z","BIGC.20180924.SURBER.4","A00000027063",,,"Nanocladius sp.",,1,"BIGC.20180924.SURBER.4.NANOCLADIUS SP.",,,"EcoAnalysts Inc.",
"00263e7a-54ae-4238-a9e6-70fa8fc30e46","D17","BIGC","BIGC.AOS.reach","2018-09-24T17:18Z","2018-09-24T17:18Z","BIGC.20180924.SURBER.3","A00000027064",,,"Ablabesmyia sp.",,1,"BIGC.20180924.SURBER.3.ABLABESMYIA SP.",,,"EcoAnalysts Inc.",
"e7b384be-02f8-4718-aee3-fe25fb82db1e","D17","BIGC","BIGC.AOS.reach","2018-09-24T17:18Z","2018-09-24T17:18Z","BIGC.20180924.SURBER.7","A00000027062",,,"Demicryptochironomus sp.",,1,"BIGC.20180924.SURBER.7.DEMICRYPTOCHIRONOMUS SP.",,,"EcoAnalysts Inc.",
"c5fa4c69-5b6b-4d15-a76a-09d1102acd8f","D17","BIGC","BIGC.AOS.reach","2018-09-24T17:18Z","2018-09-24T17:18Z","BIGC.20180924.SURBER.4","A00000027063",,,"Mystacides sp.",,1,"BIGC.20180924.SURBER.4.MYSTACIDES SP.",,,"EcoAnalysts Inc.",
"9df51ad0-de31-427e-b2bc-b8cae3f4fc12","D17","BIGC","BIGC.AOS.reach","2018-09-24T17:18Z","2018-09-24T17:18Z","BIGC.20180924.SURBER.4","A00000027063",,,"Cordulegaster dorsalis",,1,"BIGC.20180924.SURBER.4.CORDULEGASTER DORSALIS",,,"EcoAnalysts Inc.",
"08b1fff7-a346-492d-b580-79e50a7d9f5f","D17","BIGC","BIGC.AOS.reach","2018-09-24T17:18Z","2018-09-24T17:18Z","BIGC.20180924.SURBER.3","A00000027064",,,"Radotanypus sp.",,1,"BIGC.20180924.SURBER.3.RADOTANYPUS SP.",,,"EcoAnalysts Inc.",
"f306ba57-5055-400b-8aec-fe6584411d9b","D17","BIGC","BIGC.AOS.reach","2018-09-24T17:18Z","2018-09-24T17:18Z","BIGC.20180924.SURBER.7","A00000027062",,,"Ephemerellidae sp.",,2,"BIGC.20180924.SURBER.7.EPHEMERELLIDAE SP.",,,"EcoAnalysts Inc.",
"f9bb5aa5-bf5a-4284-bfd5-a6416382c117","D17","BIGC","BIGC.AOS.reach","2018-09-24T17:18Z","2018-09-24T17:18Z","BIGC.20180924.SURBER.1","A00000027052",,,"Apedilum sp.",,2,"BIGC.20180924.SURBER.1.APEDILUM SP.",,,"EcoAnalysts Inc.",
"be11890a-d723-4edc-8c9a-49e0cc211cf7","D17","BIGC","BIGC.AOS.reach","2018-09-24T17:18Z","2018-09-24T17:18Z","BIGC.20180924.SURBER.8","A00000027081",,,"Eukiefferiella tirolensis",,3,"BIGC.20180924.SURBER.8.EUKIEFFERIELLA TIROLENSIS",,,"EcoAnalysts Inc.",
"54ae05d5-068e-4726-bf7b-082efff3eef7","D17","BIGC","BIGC.AOS.reach","2018-09-24T17:18Z","2018-09-24T17:18Z","BIGC.20180924.SURBER.8","A00000027081",,,"Nematoda sp.",,1,"BIGC.20180924.SURBER.8.NEMATODA SP.",,,"EcoAnalysts Inc.",
"ed27de33-5936-483d-88b2-c2cd41c321c7","D17","BIGC","BIGC.AOS.reach","2018-09-24T17:18Z","2018-09-24T17:18Z","BIGC.20180924.SURBER.8","A00000027081",,,"Sperchon sp.",,2,"BIGC.20180924.SURBER.8.SPERCHON SP.",,,"EcoAnalysts Inc.",
"848c2d11-6b61-4247-a255-51e3f101e117","D17","BIGC","BIGC.AOS.reach","2018-09-24T17:18Z","2018-09-24T17:18Z","BIGC.20180924.SURBER.7","A00000027062",,,"Cleptelmis addenda",,1,"BIGC.20180924.SURBER.7.CLEPTELMIS ADDENDA",,,"EcoAnalysts Inc.",
"667a480b-63eb-4473-ae74-b45f0410a2ec","D17","BIGC","BIGC.AOS.reach","2018-09-24T17:18Z","2018-09-24T17:18Z","BIGC.20180924.SURBER.8","A00000027081",,,"Paratendipes sp.",,1,"BIGC.20180924.SURBER.8.PARATENDIPES SP.",,,"EcoAnalysts Inc.",
"42d39b2d-1836-47cc-a0bd-4f28b833000f","D17","BIGC","BIGC.AOS.reach","2018-09-24T17:18Z","2018-09-24T17:18Z","BIGC.20180924.SURBER.8","A00000027081",,,"Oecetis disjuncta",,1,"BIGC.20180924.SURBER.8.OECETIS DISJUNCTA",,,"EcoAnalysts Inc.",
"0a890b13-f0f9-42b3-9650-6b7a41b90c3e","D17","BIGC","BIGC.AOS.reach","2018-09-24T17:18Z","2018-09-24T17:18Z","BIGC.20180924.SURBER.6","A00000027078",,,"Sperchonopsis sp.",,1,"BIGC.20180924.SURBER.6.SPERCHONOPSIS SP.",,,"EcoAnalysts Inc.",
"33876149-a59e-4fa5-b259-7b7f8c156b9b","D17","BIGC","BIGC.AOS.reach","2018-09-24T17:18Z","2018-09-24T17:18Z","BIGC.20180924.SURBER.7","A00000027062",,,"Neoleptophlebia sp.",,1,"BIGC.20180924.SURBER.7.NEOLEPTOPHLEBIA SP.",,,"EcoAnalysts Inc.",
"38ec4705-b3d9-4438-807b-82fb27386fb9","D17","BIGC","BIGC.AOS.reach","2018-09-24T17:18Z","2018-09-24T17:18Z","BIGC.20180924.SURBER.8","A00000027081",,,"Baetidae sp.",,1,"BIGC.20180924.SURBER.8.BAETIDAE SP.",,,"EcoAnalysts Inc.",
"01283630-df29-49d7-b69d-5947edc5258d","D17","BIGC","BIGC.AOS.reach","2018-09-24T17:18Z","2018-09-24T17:18Z","BIGC.20180924.SURBER.8","A00000027081",,,"Calineuria californica",,2,"BIGC.20180924.SURBER.8.CALINEURIA CALIFORNICA",,,"EcoAnalysts Inc.",
"780789c6-f3a7-4ce6-aab1-69fc2a385ce5","D17","BIGC","BIGC.AOS.reach","2018-09-24T17:18Z","2018-09-24T17:18Z","BIGC.20180924.SURBER.8","A00000027081",,,"Rhithrogena sp.",,1,"BIGC.20180924.SURBER.8.RHITHROGENA SP.",,,"EcoAnalysts Inc.",
"393b4601-b0b0-4d43-ba9a-5d1a4bf2a84d","D17","BIGC","BIGC.AOS.reach","2018-09-24T17:18Z","2018-09-24T17:18Z","BIGC.20180924.SURBER.5","A00000027080",,,"Oecetis sp.",,1,"BIGC.20180924.SURBER.5.OECETIS SP.",,,"EcoAnalysts Inc.",
"6ce847a3-e9bc-4a63-af42-a7d3eaf46ebd","D17","BIGC","BIGC.AOS.reach","2018-09-24T17:18Z","2018-09-24T17:18Z","BIGC.20180924.SURBER.6","A00000027078",,,"Torrenticolidae sp.",,1,"BIGC.20180924.SURBER.6.TORRENTICOLIDAE SP.",,,"EcoAnalysts Inc.",
"37aed63f-6ba2-4b34-9adf-57ea6d4bf6a1","D17","BIGC","BIGC.AOS.reach","2018-09-24T17:18Z","2018-09-24T17:18Z","BIGC.20180924.SURBER.8","A00000027081",,,"Ephemerella sp.",,1,"BIGC.20180924.SURBER.8.EPHEMERELLA SP.",,,"EcoAnalysts Inc.",
"ee751299-b5cb-4237-be4a-b392f489264f","D17","BIGC","BIGC.AOS.reach","2018-09-24T17:18Z","2018-09-24T17:18Z","BIGC.20180924.SURBER.7","A00000027062",,,"Hexatoma sp.",,1,"BIGC.20180924.SURBER.7.HEXATOMA SP.",,,"EcoAnalysts Inc.",
"973dce99-05eb-4bdb-804a-33a630b4a5cb","D17","BIGC","BIGC.AOS.reach","2018-09-24T17:18Z","2018-09-24T17:18Z","BIGC.20180924.SURBER.3","A00000027064",,,"Octogomphus specularis",,1,"BIGC.20180924.SURBER.3.OCTOGOMPHUS SPECULARIS",,,"EcoAnalysts Inc.",
"c13bc93b-7539-446d-a260-98f394d97274","D17","BIGC","BIGC.AOS.reach","2018-09-24T17:18Z","2018-09-24T17:18Z","BIGC.20180924.SURBER.8","A00000027081",,,"Perlodidae sp.",,2,"BIGC.20180924.SURBER.8.PERLODIDAE SP.",,,"EcoAnalysts Inc.",
"1b1e23f3-4b26-4bd7-ae9c-9501890419db","D17","BIGC","BIGC.AOS.reach","2018-09-24T17:18Z","2018-09-24T17:18Z","BIGC.20180924.SURBER.7","A00000027062",,,"Wormaldia sp.",,1,"BIGC.20180924.SURBER.7.WORMALDIA SP.",,,"EcoAnalysts Inc.",
"5269ce97-78e7-4b16-9396-753f184a7511","D17","BIGC","BIGC.AOS.reach","2018-09-24T17:18Z","2018-09-24T17:18Z","BIGC.20180924.SURBER.3","A00000027064",,,"Mideopsis sp.",,1,"BIGC.20180924.SURBER.3.MIDEOPSIS SP.",,,"EcoAnalysts Inc.",
"4b75b7d8-8104-45e4-b150-3d881dcadc7a","D17","BIGC","BIGC.AOS.reach","2018-09-24T17:18Z","2018-09-24T17:18Z","BIGC.20180924.SURBER.6","A00000027078",,,"Tinodes sp.",,1,"BIGC.20180924.SURBER.6.TINODES SP.",,,"EcoAnalysts Inc.",
"9933cbb6-fa30-49d3-bbe8-92b5c5b37125","D17","BIGC","BIGC.AOS.reach","2018-09-24T17:18Z","2018-09-24T17:18Z","BIGC.20180924.SURBER.3","A00000027064",,,"Pagastiella sp.",,1,"BIGC.20180924.SURBER.3.PAGASTIELLA SP.",,,"EcoAnalysts Inc.",
"06d75e78-46aa-46ff-bfd8-15590e0f8219","D17","BIGC","BIGC.AOS.reach","2018-09-24T17:18Z","2018-09-24T17:18Z","BIGC.20180924.SURBER.3","A00000027064",,,"Constempellina sp.",,1,"BIGC.20180924.SURBER.3.CONSTEMPELLINA SP.",,,"EcoAnalysts Inc.",
"75957301-b6ba-41c6-8365-cb9b741c4e02","D17","BIGC","BIGC.AOS.reach","2018-09-24T17:18Z","2018-09-24T17:18Z","BIGC.20180924.SURBER.3","A00000027064",,,"Lara sp.",,1,"BIGC.20180924.SURBER.3.LARA SP.",,,"EcoAnalysts Inc.",
"a887faab-887b-49f4-a5f1-1ec0c5c7befb","D17","BIGC","BIGC.AOS.reach","2018-09-24T17:18Z","2018-09-24T17:18Z","BIGC.20180924.SURBER.6","A00000027078",,,"Plecoptera sp.",,3,"BIGC.20180924.SURBER.6.PLECOPTERA SP.",,,"EcoAnalysts Inc.",
"a0a78950-c539-452f-8fde-88cdd9041fd7","D17","BIGC","BIGC.AOS.reach","2018-09-24T17:18Z","2018-09-24T17:18Z","BIGC.20180924.SURBER.8","A00000027081",,,"Leptophlebiidae sp.",,1,"BIGC.20180924.SURBER.8.LEPTOPHLEBIIDAE SP.",,,"EcoAnalysts Inc.",
"9c659e67-6513-425c-a559-e263040c4011","D17","BIGC","BIGC.AOS.reach","2018-09-24T17:18Z","2018-09-24T17:18Z","BIGC.20180924.SURBER.8","A00000027081",,,"Cyphomella sp.",,1,"BIGC.20180924.SURBER.8.CYPHOMELLA SP.",,,"EcoAnalysts Inc.",
