uid,domainID,siteID,namedLocation,startDate,collectDate,sampleID,sampleCode,slideID,slideCode,scientificName,morphospeciesID,referenceCount,referenceID,referenceCode,archiveLabSampleMedium,laboratoryName,dataQF
"0f1f73c5-172d-4cc3-8247-16d537434d30","D08","MAYF","MAYF.AOS.reach","2018-10-29T14:45Z","2018-10-29T14:45Z","MAYF.20181029.CORE.2","A00000046724",,,"Djalmabatista sp.",,1,"C28",,,"Rhithron Associates, Inc.",
"98304c9e-c9d9-4c52-81c0-ca685ae1bde3","D08","MAYF","MAYF.AOS.reach","2018-10-29T14:45Z","2018-10-29T14:45Z","MAYF.20181029.SNAG.2","A00000046739",,,"Corynoneura sp.",,1,"C45",,,"Rhithron Associates, Inc.",
"e6696a4a-9882-4f0f-af2c-54a0edf0817c","D08","MAYF","MAYF.AOS.reach","2018-10-29T14:45Z","2018-10-29T14:45Z","MAYF.20181029.SNAG.4","A00000046707",,,"Wettina sp.",,1,"V56",,,"Rhithron Associates, Inc.",
"57e51dbc-ee04-48cb-9bce-dfb787831e16","D08","MAYF","MAYF.AOS.reach","2018-10-29T14:45Z","2018-10-29T14:45Z","MAYF.20181029.SNAG.2","A00000046739",,,"Simulium sp.",,1,"V39",,,"Rhithron Associates, Inc.",
"3636568d-d69c-4008-9b5e-cde45b905a69","D08","MAYF","MAYF.AOS.reach","2018-10-29T14:45Z","2018-10-29T14:45Z","MAYF.20181029.CORE.2","A00000046724",,,"Stictochironomus sp.",,1,"C27",,,"Rhithron Associates, Inc.",
"64af8544-a8fe-45eb-9e99-3b5ff3ae6143","D08","MAYF","MAYF.AOS.reach","2018-10-29T14:45Z","2018-10-29T14:45Z","MAYF.20181029.SNAG.4","A00000046707",,,"Oecetis testacea gr.",,1,"V61",,,"Rhithron Associates, Inc.",
"570bf231-c786-436a-ab8c-4a1202b4b6e9","D08","MAYF","MAYF.AOS.reach","2018-10-29T14:45Z","2018-10-29T14:45Z","MAYF.20181029.SNAG.4","A00000046707",,,"Stempellina sp.",,1,"C61",,,"Rhithron Associates, Inc.",
"8b50ac3c-cafc-4c6a-850e-414165dc6413","D08","MAYF","MAYF.AOS.reach","2018-10-29T14:45Z","2018-10-29T14:45Z","MAYF.20181029.SNAG.5","A00000046741",,,"Pseudochironomus sp.",,1,"C40",,,"Rhithron Associates, Inc.",
"1bf97c33-6067-46f2-86b1-e00f927ee2c5","D08","MAYF","MAYF.AOS.reach","2018-10-29T14:45Z","2018-10-29T14:45Z","MAYF.20181029.SNAG.1","A00000046721",,,"Parametriocnemus sp.",,1,"C34",,,"Rhithron Associates, Inc.",
"326f3337-c7a7-431b-a60d-709113b0309a","D08","MAYF","MAYF.AOS.reach","2018-10-29T14:45Z","2018-10-29T14:45Z","MAYF.20181029.SNAG.4","A00000046707",,,"Spirosperma nikolskyi",,1,"O8",,,"Rhithron Associates, Inc.",
"bb13b67b-a91d-46e7-ac50-6d476f02478c","D08","MAYF","MAYF.AOS.reach","2018-10-29T14:45Z","2018-10-29T14:45Z","MAYF.20181029.SNAG.1","A00000046721",,,"Thienemanniella sp.",,1,"C30",,,"Rhithron Associates, Inc.",
"0284399e-5847-45f8-bcc1-1d7c352a93d6","D08","MAYF","MAYF.AOS.reach","2018-10-29T14:45Z","2018-10-29T14:45Z","MAYF.20181029.CORE.1","A00000046740",,,"Tanytarsus sp.",,1,"C23",,,"Rhithron Associates, Inc.",
"9115b85f-a637-4d7f-9fc8-9ae12a5595af","D08","MAYF","MAYF.AOS.reach","2018-10-29T14:45Z","2018-10-29T14:45Z","MAYF.20181029.SNAG.1","A00000046721",,,"Taeniopteryx sp.",,1,"V36",,,"Rhithron Associates, Inc.",
"b34e845e-c032-4b41-98a1-b5f579b766e6","D08","MAYF","MAYF.AOS.reach","2018-10-29T14:45Z","2018-10-29T14:45Z","MAYF.20181029.SNAG.3","A00000046723",,,"Unniella multivirga",,1,"C56",,,"Rhithron Associates, Inc.",
"18aa042c-63aa-4698-ae1a-abb5a937e683","D08","MAYF","MAYF.AOS.reach","2018-10-29T14:45Z","2018-10-29T14:45Z","MAYF.20181029.SNAG.5","A00000046741",,,"Corynoneura sp.",,1,"C41",,,"Rhithron Associates, Inc.",
"441b7f89-1cac-4957-8e8b-edaa032408d5","D08","MAYF","MAYF.AOS.reach","2018-10-29T14:45Z","2018-10-29T14:45Z","MAYF.20181029.SNAG.1","A00000046721",,,"Lype diversa",,1,"V85",,,"Rhithron Associates, Inc.",
"56425e6c-7aac-4a40-b751-597ad60bb33b","D08","MAYF","MAYF.AOS.reach","2018-10-29T14:45Z","2018-10-29T14:45Z","MAYF.20181029.SNAG.3","A00000046723",,,"Rheotanytarsus sp.",,1,"C57",,,"Rhithron Associates, Inc.",
"79c25ad3-3427-4059-a82b-3e7dfb010d6b","D08","MAYF","MAYF.AOS.reach","2018-10-29T14:45Z","2018-10-29T14:45Z","MAYF.20181029.SNAG.3","A00000046723",,,"Psectrocladius sp.",,1,"C50",,,"Rhithron Associates, Inc.",
"4a9981f2-a15c-435d-a2a3-2e4f1224f3e7","D08","MAYF","MAYF.AOS.reach","2018-10-29T14:45Z","2018-10-29T14:45Z","MAYF.20181029.SNAG.4","A00000046707",,,"Tyrellia sp.",,1,"V57",,,"Rhithron Associates, Inc.",
"357a69e8-e3ee-4df6-b889-32d8a5073239","D08","MAYF","MAYF.AOS.reach","2018-10-29T14:45Z","2018-10-29T14:45Z","MAYF.20181029.SNAG.2","A00000046739",,,"Parachaetocladius sp.",,1,"C46",,,"Rhithron Associates, Inc.",
"6e047b08-4b1b-4080-9b0f-b2a6479e13fe","D08","MAYF","MAYF.AOS.reach","2018-10-29T14:45Z","2018-10-29T14:45Z","MAYF.20181029.SNAG.1","A00000046721",,,"Rheotanytarsus exiguus gr.",,1,"C32",,,"Rhithron Associates, Inc.",
"9efbe5d9-eff1-456e-9e95-c5fc565f5cdc","D08","MAYF","MAYF.AOS.reach","2018-10-29T14:45Z","2018-10-29T14:45Z","MAYF.20181029.SNAG.1","A00000046721",,,"Rheocricotopus sp.",,1,"C35",,,"Rhithron Associates, Inc.",
"1a6ef98c-201f-4244-a64b-cd3289bc3e9d","D08","MAYF","MAYF.AOS.reach","2018-10-29T14:45Z","2018-10-29T14:45Z","MAYF.20181029.SNAG.3","A00000046723",,,"Ablabesmyia sp.",,1,"C52",,,"Rhithron Associates, Inc.",
"0da3e110-4545-4c9d-9182-549548cddc7a","D08","MAYF","MAYF.AOS.reach","2018-10-29T14:45Z","2018-10-29T14:45Z","MAYF.20181029.SNAG.3","A00000046723",,,"Microtendipes sp.",,1,"C54",,,"Rhithron Associates, Inc.",
"b891fd44-e3f7-4a14-830b-2388a33dedce","D08","MAYF","MAYF.AOS.reach","2018-10-29T14:45Z","2018-10-29T14:45Z","MAYF.20181029.SNAG.1","A00000046721",,,"Hexatoma sp.",,1,"V22",,,"Rhithron Associates, Inc.",
"9a3b002f-0242-40dd-ac04-2fc1e375532f","D08","MAYF","MAYF.AOS.reach","2018-10-29T14:45Z","2018-10-29T14:45Z","MAYF.20181029.SNAG.2","A00000046739",,,"Stenelmis sp.",,1,"V37",,,"Rhithron Associates, Inc.",
"bc65d5d4-f27c-4255-b705-7843c579a17d","D08","MAYF","MAYF.AOS.reach","2018-10-29T14:45Z","2018-10-29T14:45Z","MAYF.20181029.SNAG.5","A00000046741",,,"Thienemanniella sp.",,1,"C42",,,"Rhithron Associates, Inc.",
"9c8af25f-ba3c-40b7-98ba-55ddb8621ded","D08","MAYF","MAYF.AOS.reach","2018-10-29T14:45Z","2018-10-29T14:45Z","MAYF.20181029.SNAG.1","A00000046721",,,"Atractides sp.",,1,"V18",,,"Rhithron Associates, Inc.",
"e1d160cc-10b4-4146-a36a-8a964c62158b","D08","MAYF","MAYF.AOS.reach","2018-10-29T14:45Z","2018-10-29T14:45Z","MAYF.20181029.CORE.2","A00000046724",,,"Rheosmittia sp.",,1,"C26",,,"Rhithron Associates, Inc.",
"f311ca3f-ea6a-4b94-9090-b212356555b4","D08","MAYF","MAYF.AOS.reach","2018-10-29T14:45Z","2018-10-29T14:45Z","MAYF.20181029.SNAG.1","A00000046721",,,"Kongsbergia sp.",,1,"V19",,,"Rhithron Associates, Inc.",
"d3148fcb-71bf-4cad-866b-290c77cc9907","D08","MAYF","MAYF.AOS.reach","2018-10-29T14:45Z","2018-10-29T14:45Z","MAYF.20181029.SNAG.2","A00000046739",,,"Stenelmis sp.",,1,"V38",,,"Rhithron Associates, Inc.",
"4086d622-e844-47ca-971a-472b46899419","D08","MAYF","MAYF.AOS.reach","2018-10-29T14:45Z","2018-10-29T14:45Z","MAYF.20181029.SNAG.1","A00000046721",,,"Halacaridae sp.",,1,"V17",,,"Rhithron Associates, Inc.",
"8d81b79b-a8b3-4dde-b935-88fd4b862d03","D08","MAYF","MAYF.AOS.reach","2018-10-29T14:45Z","2018-10-29T14:45Z","MAYF.20181029.SNAG.1","A00000046721",,,"Polypedilum scalaenum gr.",,1,"C31",,,"Rhithron Associates, Inc.",
"de70e37d-046a-48ba-96a7-9dbe2d42a8f1","D08","MAYF","MAYF.AOS.reach","2018-10-29T14:45Z","2018-10-29T14:45Z","MAYF.20181029.SNAG.5","A00000046741",,,"Stenochironomus sp.",,1,"C38",,,"Rhithron Associates, Inc.",
"9209ab4d-2497-4cbe-8754-5272b0674e15","D08","MAYF","MAYF.AOS.reach","2018-10-29T14:45Z","2018-10-29T14:45Z","MAYF.20181029.CORE.2","A00000046724",,,"Rheosmittia sp.",,1,"C25",,,"Rhithron Associates, Inc.",
"875a45e1-62c2-4c4f-994c-7917dd49bef8","D08","MAYF","MAYF.AOS.reach","2018-10-29T14:45Z","2018-10-29T14:45Z","MAYF.20181029.SNAG.1","A00000046721",,,"Ancyronyx variegata",,1,"V12",,,"Rhithron Associates, Inc.",
"b274958c-4124-44ca-8334-1bcd97e1be3e","D08","MAYF","MAYF.AOS.reach","2018-10-29T14:45Z","2018-10-29T14:45Z","MAYF.20181029.CORE.2","A00000046724",,,"Polypedilum halterale gr.",,1,"C24",,,"Rhithron Associates, Inc.",
"27aeb4f4-ae6b-4eb5-8d05-3504495ceb9f","D08","MAYF","MAYF.AOS.reach","2018-10-29T14:45Z","2018-10-29T14:45Z","MAYF.20181029.SNAG.2","A00000046739",,,"Xylotopus par",,1,"C44",,,"Rhithron Associates, Inc.",
"15f0da23-6c3a-452d-9ad0-080f9d315d99","D08","MAYF","MAYF.AOS.reach","2018-10-29T14:45Z","2018-10-29T14:45Z","MAYF.20181029.CORE.3","A00000046708",,,"Oecetis sp.",,1,"V9",,,"Rhithron Associates, Inc.",
"8031d497-5fce-4382-9cb3-1c4901cd82ca","D08","MAYF","MAYF.AOS.reach","2018-10-29T14:45Z","2018-10-29T14:45Z","MAYF.20181029.SNAG.2","A00000046739",,,"Hygrobates sp.",,1,"V42",,,"Rhithron Associates, Inc.",
"28cb5c4f-5517-4f1f-a0cd-c6faaa6fe5c8","D08","MAYF","MAYF.AOS.reach","2018-10-29T14:45Z","2018-10-29T14:45Z","MAYF.20181029.SNAG.3","A00000046723",,,"Stempellinella sp.",,1,"C55",,,"Rhithron Associates, Inc.",
"1af28713-f143-4e6b-936a-81c069a08329","D08","MAYF","MAYF.AOS.reach","2018-10-29T14:45Z","2018-10-29T14:45Z","MAYF.20181029.SNAG.1","A00000046721",,,"Torrenticola sp.",,1,"V20",,,"Rhithron Associates, Inc.",
"6b2d8e45-6c45-4f73-aa9b-f05a73d72529","D08","MAYF","MAYF.AOS.reach","2018-10-29T14:45Z","2018-10-29T14:45Z","MAYF.20181029.SNAG.4","A00000046707",,,"Tribelos sp.",,1,"C59",,,"Rhithron Associates, Inc.",
"76e2c677-7078-4f75-b5b3-9300e48ee705","D08","MAYF","MAYF.AOS.reach","2018-10-29T14:45Z","2018-10-29T14:45Z","MAYF.20181029.CORE.3","A00000046708",,,"Collembola sp.",,1,"V7",,,"Rhithron Associates, Inc.",
"c6c21e8e-30bd-4de5-8fbd-b3d29993587a","D08","MAYF","MAYF.AOS.reach","2018-10-29T14:45Z","2018-10-29T14:45Z","MAYF.20181029.SNAG.1","A00000046721",,,"Sperchonopsis sp.",,1,"V16",,,"Rhithron Associates, Inc.",
"fb70c616-204a-4bd1-81e9-9d1982b9b731","D08","MAYF","MAYF.AOS.reach","2018-10-29T14:45Z","2018-10-29T14:45Z","MAYF.20181029.SNAG.5","A00000046741",,,"Polypedilum illinoense gr.",,1,"C43",,,"Rhithron Associates, Inc.",
"e7df8508-79c6-4ce0-97a1-2ebf1b67c087","D08","MAYF","MAYF.AOS.reach","2018-10-29T14:45Z","2018-10-29T14:45Z","MAYF.20181029.SNAG.4","A00000046707",,,"Limnesia sp.",,1,"V86",,,"Rhithron Associates, Inc.",
"32e8fbc9-9a8d-43de-8ff2-7e4e3b9b207c","D08","MAYF","MAYF.AOS.reach","2018-10-29T14:45Z","2018-10-29T14:45Z","MAYF.20181029.SNAG.1","A00000046721",,,"Polypedilum aviceps",,1,"C29",,,"Rhithron Associates, Inc.",
"d57187d4-d2e7-46b1-be4f-a0a02ff0f637","D08","MAYF","MAYF.AOS.reach","2018-10-29T14:45Z","2018-10-29T14:45Z","MAYF.20181029.SNAG.1","A00000046721",,,"Hydropsyche sp.",,1,"V35",,,"Rhithron Associates, Inc.",
"b4144d8a-c47d-414c-91fc-a7866af7b7d3","D08","MAYF","MAYF.AOS.reach","2018-10-29T14:45Z","2018-10-29T14:45Z","MAYF.20181029.SNAG.1","A00000046721",,,"Stelechomyia perpulchra",,1,"C33",,,"Rhithron Associates, Inc.",
"a21e0b75-0c0c-4bb0-9425-9f73519c149a","D08","MAYF","MAYF.AOS.reach","2018-10-29T14:45Z","2018-10-29T14:45Z","MAYF.20181029.SNAG.5","A00000046741",,,"Parametriocnemus sp.",,1,"C39",,,"Rhithron Associates, Inc.",
"ec39587d-8408-4208-ba32-58b4ae87bd42","D08","MAYF","MAYF.AOS.reach","2018-10-29T14:45Z","2018-10-29T14:45Z","MAYF.20181029.SNAG.4","A00000046707",,,"Paralauterborniella nigrohalteralis",,1,"C60",,,"Rhithron Associates, Inc.",
"3448c981-ed32-478f-a02a-e7846991c1d0","D08","MAYF","MAYF.AOS.reach","2018-10-29T14:45Z","2018-10-29T14:45Z","MAYF.20181029.SNAG.5","A00000046741",,,"Clathrosperchon sp.",,1,"V72",,,"Rhithron Associates, Inc.",
"328a27f3-8226-4330-afc4-a7087a6bb5ae","D08","MAYF","MAYF.AOS.reach","2018-10-29T14:45Z","2018-10-29T14:45Z","MAYF.20181029.SNAG.1","A00000046721",,,"Nigronia sp.",,1,"V13",,,"Rhithron Associates, Inc.",
"cfbd2dde-92a6-4bd6-be37-84932299d422","D08","MAYF","MAYF.AOS.reach","2018-10-29T14:45Z","2018-10-29T14:45Z","MAYF.20181029.CORE.1","A00000046740",,,"Ceratopogoninae sp.",,1,"V6",,,"Rhithron Associates, Inc.",
"b84af142-c76c-4199-ada9-6984e0c921b6","D08","MAYF","MAYF.AOS.reach","2018-10-29T14:45Z","2018-10-29T14:45Z","MAYF.20181029.SNAG.4","A00000046707",,,"Amoenacarus sp.",,1,"V53",,,"Rhithron Associates, Inc.",
"c36961e0-ee5d-4a79-9a58-977502793f1b","D08","MAYF","MAYF.AOS.reach","2018-10-29T14:45Z","2018-10-29T14:45Z","MAYF.20181029.SNAG.5","A00000046741",,,"Brachycentrus nigrosoma",,1,"V77",,,"Rhithron Associates, Inc.",
"3b60f866-85f2-47d3-8b20-005c2f98bbb6","D08","MAYF","MAYF.AOS.reach","2018-10-29T14:45Z","2018-10-29T14:45Z","MAYF.20181029.SNAG.2","A00000046739",,,"Oribatida sp.",,1,"V43",,,"Rhithron Associates, Inc.",
