uid,domainID,siteID,namedLocation,collectDate,sortDate,qcSortDate,sampleID,sampleCode,mixedInvertVialID,mixedInvertVialCode,chironomidVialID,chironomidVialCode,oligochaeteVialID,oligochaeteVialCode,largeInvertVialID,largeInvertVialCode,testProtocolVersion,primaryMatrix,preRinseVolume,postRinseVolume,subsamplePercent,qcSortingEfficacy,qcIterationCount,qcPercentSimilarity,laboratoryName,sortedBy,qcSortedBy,benchRemarks,dataQF,qcEnumerationDifference,qcTaxonomicDifference
"c6708ac5-6745-462d-8784-2a7633360143","D08","MAYF","MAYF.AOS.reach","2018-10-29T14:45Z","2019-06-24","2019-06-25","MAYF.20181029.CORE.3","A00000046708","MAYF.20181029.CORE.3",,,,,,,,"RHITHRON_Macroinvertebrate_Identification_Revision1","other (specified in remarks)",,,100.0,100.0,1,,"Rhithron Associates, Inc.","3hsarqkn53DnTHf+v6UBHA==","FtcfAjYRHgtys5Ba7LiLag==","fine inorganic",,,
"54f9a462-7782-44b4-9bcf-f41655ffc3fa","D08","MAYF","MAYF.AOS.reach","2018-10-29T14:45Z","2019-06-24","2019-06-24","MAYF.20181029.CORE.1","A00000046740","MAYF.20181029.CORE.1",,,,,,,,"RHITHRON_Macroinvertebrate_Identification_Revision1","other (specified in remarks)",,,100.0,100.0,1,,"Rhithron Associates, Inc.","FtcfAjYRHgtys5Ba7LiLag==","jrNz6zwqS3Q=","fine inorganic",,,
"f296cf18-0562-4931-aed4-401b9bc71c8c","D08","MAYF","MAYF.AOS.reach","2018-10-29T14:45Z","2019-06-25","2019-06-26","MAYF.20181029.SNAG.2","A00000046739","MAYF.20181029.SNAG.2",,,,,,,,"RHITHRON_Macroinvertebrate_Identification_Revision1","fine organic",,,100.0,94.1,1,,"Rhithron Associates, Inc.","3hsarqkn53DnTHf+v6UBHA==","FtcfAjYRHgtys5Ba7LiLag==",,,,
"f7ce9468-cf5e-4bf3-9812-3d7da08f91ba","D08","MAYF","MAYF.AOS.reach","2018-10-29T14:45Z","2019-06-25","2019-06-25","MAYF.20181029.SNAG.4","A00000046707","MAYF.20181029.SNAG.4",,,,,,,,"RHITHRON_Macroinvertebrate_Identification_Revision1","fine organic",,,53.0,98.8,1,,"Rhithron Associates, Inc.","jrNz6zwqS3Q=","LOdFES9HN1w=",,,,
"9c2dceef-c58e-40c1-b3f3-798ae32ebb3d","D08","MAYF","MAYF.AOS.reach","2018-10-29T14:45Z","2019-06-24","2019-06-25","MAYF.20181029.SNAG.1","A00000046721","MAYF.20181029.SNAG.1",,,,,,,,"RHITHRON_Macroinvertebrate_Identification_Revision1","fine organic",,,100.0,100.0,1,,"Rhithron Associates, Inc.","FtcfAjYRHgtys5Ba7LiLag==","LOdFES9HN1w=",,,,
"70d7eef0-c745-4c93-a844-2c17cd328452","D08","MAYF","MAYF.AOS.reach","2018-10-29T14:45Z","2019-06-25","2019-06-26","MAYF.20181029.SNAG.3","A00000046723","MAYF.20181029.SNAG.3",,,,,,,,"RHITHRON_Macroinvertebrate_Identification_Revision1","fine organic",,,83.0,94.2,1,,"Rhithron Associates, Inc.","LOdFES9HN1w=","FtcfAjYRHgtys5Ba7LiLag==",,,,
"05f99c4c-b002-4f8d-a5f8-66439d354568","D08","MAYF","MAYF.AOS.reach","2018-10-29T14:45Z","2019-06-25","2019-06-25","MAYF.20181029.SNAG.5","A00000046741","MAYF.20181029.SNAG.5",,,,,,,,"RHITHRON_Macroinvertebrate_Identification_Revision1","coarse organic",,,100.0,96.1,1,,"Rhithron Associates, Inc.","i1QflWRBxnudUqP2XRbJ5HtRIHlS+GcS","FtcfAjYRHgtys5Ba7LiLag==",,,,
"ff89c45c-f394-481f-bccb-815871f91f53","D08","MAYF","MAYF.AOS.reach","2018-10-29T14:45Z","2019-06-24","2019-06-24","MAYF.20181029.CORE.2","A00000046724","MAYF.20181029.CORE.2",,,,,,,,"RHITHRON_Macroinvertebrate_Identification_Revision1","fine organic",,,100.0,100.0,1,,"Rhithron Associates, Inc.","FtcfAjYRHgtys5Ba7LiLag==","jrNz6zwqS3Q=",,,0.0,0.0
