uid,domainID,siteID,namedLocation,decimalLatitude,decimalLongitude,coordinateUncertainty,geodeticDatum,elevation,elevationUncertainty,aquaticSiteType,collectDate,eventID,boutNumber,sampleID,sampleCode,sampleCondition,geneticSampleID,geneticSampleCode,geneticSampleCond,samplingProtocolVersion,samplingImpractical,biophysicalCriteria,habitatType,samplerType,sampleNumber,substratumSizeClass,benthicArea,ponarDepth,snagLength,snagDiameter,dnaSnagLength,dnaSnagDiameter,remarks,recordedBy,collectedBy,dataQF
"6284ac0a-6fa1-4527-8b76-181ba8eee5cd","D08","MAYF","MAYF.AOS.reach",32.960365,-87.407688,1000.0,"WGS84",76.7,1000.0,"stream","2018-10-29T14:45Z","MAYF.20181029",3,"MAYF.20181029.SNAG.4","A00000046707",,,,,"NEON.DOC.003046vC",,,"run","snag",4,"sand",0.064,,51.00,4.00,,,,"kmiller@battelleecology.org","jgalloway@battelleecology.org",
"02cf4bfe-7efa-448c-b8fe-b7cefcda745f","D08","MAYF","MAYF.AOS.reach",32.960365,-87.407688,1000.0,"WGS84",76.7,1000.0,"stream","2018-10-29T14:45Z","MAYF.20181029",3,"MAYF.20181029.CORE.1","A00000046740",,,,,"NEON.DOC.003046vC",,,"run","core",1,"sand",0.006,,,,,,,"kmiller@battelleecology.org","jgalloway@battelleecology.org",
"7c72c214-131e-4796-87f4-095786416097","D08","MAYF","MAYF.AOS.reach",32.960365,-87.407688,1000.0,"WGS84",76.7,1000.0,"stream","2018-10-29T14:45Z","MAYF.20181029",3,"MAYF.20181029.SNAG.3","A00000046723",,"MAYF.20181029.SNAG.3.DNA","A00000046706",,"NEON.DOC.003046vC",,,"run","snag",3,"sand",0.374,,85.00,14.00,,,"Length 55 diameter 2","kmiller@battelleecology.org","jgalloway@battelleecology.org",
"b1cd353c-4fd8-497b-8ae0-ef170265d191","D08","MAYF","MAYF.AOS.reach",32.960365,-87.407688,1000.0,"WGS84",76.7,1000.0,"stream","2018-10-29T14:45Z","MAYF.20181029",3,"MAYF.20181029.CORE.3","A00000046708",,,,,"NEON.DOC.003046vC",,,"run","core",3,"sand",0.006,,,,,,,"kmiller@battelleecology.org","jgalloway@battelleecology.org",
"f31826d5-660f-4b72-81f5-ea5c228aae13","D08","MAYF","MAYF.AOS.reach",32.960365,-87.407688,1000.0,"WGS84",76.7,1000.0,"stream","2018-10-29T14:45Z","MAYF.20181029",3,"MAYF.20181029.SNAG.5","A00000046741",,,,,"NEON.DOC.003046vC",,,"riffle","snag",5,"sand",0.037,,59.00,2.00,,,,"kmiller@battelleecology.org","jgalloway@battelleecology.org",
"abcf6014-a637-4c75-b025-cc98066fe280","D08","MAYF","MAYF.AOS.reach",32.960365,-87.407688,1000.0,"WGS84",76.7,1000.0,"stream","2018-10-29T14:45Z","MAYF.20181029",3,"MAYF.20181029.CORE.2","A00000046724",,,,,"NEON.DOC.003046vC",,,"run","core",2,"sand",0.006,,,,,,,"kmiller@battelleecology.org","jgalloway@battelleecology.org",
"ea40adf8-a897-4ef8-a9bf-fe8988532c31","D08","MAYF","MAYF.AOS.reach",32.960365,-87.407688,1000.0,"WGS84",76.7,1000.0,"stream","2018-10-29T14:45Z","MAYF.20181029",3,"MAYF.20181029.SNAG.1","A00000046721",,"MAYF.20181029.SNAG.1.DNA","A00000046722",,"NEON.DOC.003046vC",,,"run","snag",1,"sand",0.118,,47.00,8.00,,,"Length 0.48 diameter 0.13","kmiller@battelleecology.org","jgalloway@battelleecology.org",
"1bbfa0bc-137c-45aa-a0c1-99a9c9b4f16d","D08","MAYF","MAYF.AOS.reach",32.960365,-87.407688,1000.0,"WGS84",76.7,1000.0,"stream","2018-10-29T14:45Z","MAYF.20181029",3,"MAYF.20181029.SNAG.2","A00000046739",,"MAYF.20181029.SNAG.2.DNA","A00000046738",,"NEON.DOC.003046vC",,,"run","snag",2,"sand",0.068,,43.00,5.00,,,"Length 56 cm diameter 9 cm","kmiller@battelleecology.org","jgalloway@battelleecology.org",
