uid,domainID,siteID,namedLocation,decimalLatitude,decimalLongitude,coordinateUncertainty,geodeticDatum,elevation,elevationUncertainty,aquaticSiteType,collectDate,eventID,boutNumber,sampleID,sampleCode,sampleCondition,geneticSampleID,geneticSampleCode,geneticSampleCond,samplingProtocolVersion,samplingImpractical,biophysicalCriteria,habitatType,samplerType,sampleNumber,substratumSizeClass,benthicArea,ponarDepth,snagLength,snagDiameter,dnaSnagLength,dnaSnagDiameter,remarks,recordedBy,collectedBy,dataQF
"bf18e524-ed3e-4cbb-b8cc-212069d1ac8c","D17","BIGC","BIGC.AOS.reach",37.059719,-119.257549,1000.0,"WGS84",1197.0,1000.0,"stream","2020-10-13T14:00Z","BIGC.20201013",3,,,,,,,"NEON.DOC.003046vE","logistical","unknown - logistical","riffle",,6,,,,,,,,"COVID19","0000-0001-7332-328X",,
"ce56ab3f-0dce-4116-a813-9adb0f8a71cc","D17","BIGC","BIGC.AOS.reach",37.059719,-119.257549,1000.0,"WGS84",1197.0,1000.0,"stream","2020-10-13T14:00Z","BIGC.20201013",3,,,,,,,"NEON.DOC.003046vE","logistical","unknown - logistical","riffle",,8,,,,,,,,"COVID19","0000-0001-7332-328X",,
"dc18f26d-5108-418d-b84a-b3ac7cf970ac","D17","BIGC","BIGC.AOS.reach",37.059719,-119.257549,1000.0,"WGS84",1197.0,1000.0,"stream","2020-10-13T14:00Z","BIGC.20201013",3,,,,,,,"NEON.DOC.003046vE","logistical","unknown - logistical","run",,4,,,,,,,,"COVID19","0000-0001-7332-328X",,
"932ef9d2-19f0-4819-bb7d-35c4331ef85a","D17","BIGC","BIGC.AOS.reach",37.059719,-119.257549,1000.0,"WGS84",1197.0,1000.0,"stream","2020-10-13T14:00Z","BIGC.20201013",3,,,,,,,"NEON.DOC.003046vE","logistical","unknown - logistical","run",,5,,,,,,,,"COVID19","0000-0001-7332-328X",,
"5e951ce1-716a-4fc7-ad51-a190c44622d6","D17","BIGC","BIGC.AOS.reach",37.059719,-119.257549,1000.0,"WGS84",1197.0,1000.0,"stream","2020-10-13T14:00Z","BIGC.20201013",3,,,,,,,"NEON.DOC.003046vE","logistical","unknown - logistical","riffle",,7,,,,,,,,"COVID19","0000-0001-7332-328X",,
"c6ad5f23-6844-478e-860d-6ff2bd0bf17e","D17","BIGC","BIGC.AOS.reach",37.059719,-119.257549,1000.0,"WGS84",1197.0,1000.0,"stream","2020-10-13T14:00Z","BIGC.20201013",3,,,,,,,"NEON.DOC.003046vE","logistical","unknown - logistical","run",,3,,,,,,,,"COVID19","0000-0001-7332-328X",,
"2ade7845-fc63-4878-813d-55aecda42fb1","D17","BIGC","BIGC.AOS.reach",37.059719,-119.257549,1000.0,"WGS84",1197.0,1000.0,"stream","2020-10-13T14:00Z","BIGC.20201013",3,,,,,,,"NEON.DOC.003046vE","logistical","unknown - logistical","run",,2,,,,,,,,"COVID19","0000-0001-7332-328X",,
"4e0aae30-d234-4ef0-8fa7-c931f4d0f59d","D17","BIGC","BIGC.AOS.reach",37.059719,-119.257549,1000.0,"WGS84",1197.0,1000.0,"stream","2020-10-13T14:00Z","BIGC.20201013",3,,,,,,,"NEON.DOC.003046vE","logistical","unknown - logistical","run",,1,,,,,,,,"COVID19","0000-0001-7332-328X",,
