uid,domainID,siteID,namedLocation,decimalLatitude,decimalLongitude,coordinateUncertainty,geodeticDatum,elevation,elevationUncertainty,aquaticSiteType,collectDate,eventID,boutNumber,sampleID,sampleCode,sampleCondition,geneticSampleID,geneticSampleCode,geneticSampleCond,samplingProtocolVersion,samplingImpractical,biophysicalCriteria,habitatType,samplerType,sampleNumber,substratumSizeClass,benthicArea,ponarDepth,snagLength,snagDiameter,dnaSnagLength,dnaSnagDiameter,remarks,recordedBy,collectedBy,dataQF
"40bb23e8-e34d-4152-ba36-06b408db6460","D17","BIGC","BIGC.AOS.reach",37.059719,-119.257549,1000.0,"WGS84",1197.0,1000.0,"stream","2018-07-18T17:23Z","BIGC.20180718",2,"BIGC.20180718.SURBER.5","A00000027065",,,,,"NEON.DOC.003046vC",,,"riffle","surber",5,"pebble",0.093,,,,,,,"zlafaver@battelleecology.org","ecrandall@battelleecology.org",
"ecb3f595-863f-46b4-a5bf-35d50e2dfdd9","D17","BIGC","BIGC.AOS.reach",37.059719,-119.257549,1000.0,"WGS84",1197.0,1000.0,"stream","2018-07-18T17:23Z","BIGC.20180718",2,"BIGC.20180718.SURBER.2","A00000027076",,,,,"NEON.DOC.003046vC",,,"riffle","surber",2,"cobble",0.093,,,,,,,"zlafaver@battelleecology.org","ecrandall@battelleecology.org",
"365edb30-9503-42ce-8c55-4f5890d8ed78","D17","BIGC","BIGC.AOS.reach",37.059719,-119.257549,1000.0,"WGS84",1197.0,1000.0,"stream","2018-07-18T17:23Z","BIGC.20180718",2,"BIGC.20180718.SURBER.3","A00000027053",,"BIGC.20180718.SURBER.3.DNA","A00000027093",,"NEON.DOC.003046vC",,,"run","surber",3,"pebble",0.093,,,,,,,"zlafaver@battelleecology.org","ecrandall@battelleecology.org",
"b4a9ac45-bf02-4738-8a86-9007b74b9551","D17","BIGC","BIGC.AOS.reach",37.059719,-119.257549,1000.0,"WGS84",1197.0,1000.0,"stream","2018-07-18T17:23Z","BIGC.20180718",2,"BIGC.20180718.SURBER.7","A00000027094",,,,,"NEON.DOC.003046vC",,,"run","surber",7,"sand",0.093,,,,,,,"zlafaver@battelleecology.org","ecrandall@battelleecology.org",
"a6714918-9f8e-475a-b516-1748018df848","D17","BIGC","BIGC.AOS.reach",37.059719,-119.257549,1000.0,"WGS84",1197.0,1000.0,"stream","2018-07-18T17:23Z","BIGC.20180718",2,"BIGC.20180718.SURBER.1","A00000030786",,"BIGC.20180718.SURBER.1.DNA","A00000027069",,"NEON.DOC.003046vC",,,"run","surber",1,"cobble",0.093,,,,,,,"zlafaver@battelleecology.org","ecrandall@battelleecology.org",
"db89b28b-43a0-45a5-ad1a-89dec5c7abd9","D17","BIGC","BIGC.AOS.reach",37.059719,-119.257549,1000.0,"WGS84",1197.0,1000.0,"stream","2018-07-18T17:23Z","BIGC.20180718",2,"BIGC.20180718.SURBER.6","A00000027060",,,,,"NEON.DOC.003046vC",,,"run","surber",6,"pebble",0.093,,,,,,,"zlafaver@battelleecology.org","ecrandall@battelleecology.org",
"d01b301a-7552-475a-a5ed-71fe01a62e3f","D17","BIGC","BIGC.AOS.reach",37.059719,-119.257549,1000.0,"WGS84",1197.0,1000.0,"stream","2018-07-18T17:23Z","BIGC.20180718",2,"BIGC.20180718.SURBER.8","A00000027077",,,,,"NEON.DOC.003046vC",,,"riffle","surber",8,"cobble",0.093,,,,,,,"zlafaver@battelleecology.org","ecrandall@battelleecology.org",
"29f227f2-9e38-4759-85e7-320461291307","D17","BIGC","BIGC.AOS.reach",37.059719,-119.257549,1000.0,"WGS84",1197.0,1000.0,"stream","2018-07-18T17:23Z","BIGC.20180718",2,"BIGC.20180718.SURBER.4","A00000027059",,"BIGC.20180718.SURBER.4.DNA","A00000027061",,"NEON.DOC.003046vC",,,"run","surber",4,"pebble",0.093,,,,,,,"zlafaver@battelleecology.org","ecrandall@battelleecology.org",
