uid,domainID,siteID,namedLocation,startDate,collectDate,sampleID,sampleCode,slideID,slideCode,scientificName,morphospeciesID,referenceCount,referenceID,referenceCode,archiveLabSampleMedium,laboratoryName,dataQF
"85e679e1-781e-4acf-ae38-cb9c23ee344b","D17","BIGC","BIGC.AOS.reach","2018-07-18T17:23Z","2018-07-18T17:23Z","BIGC.20180718.SURBER.4","A00000027059",,,"Coenagrionidae sp.",,1,"BIGC.20180718.SURBER.4.COENAGRIONIDAE SP.",,,"EcoAnalysts Inc.",
"c8400057-06a2-435d-a71b-fce5e2323c3b","D17","BIGC","BIGC.AOS.reach","2018-07-18T17:23Z","2018-07-18T17:23Z","BIGC.20180718.SURBER.8","A00000027077",,,"Krenosmittia sp.",,1,"BIGC.20180718.SURBER.8.KRENOSMITTIA SP.",,,"EcoAnalysts Inc.",
"6d08a13e-9eae-4ded-a45c-87a590bb51d0","D17","BIGC","BIGC.AOS.reach","2018-07-18T17:23Z","2018-07-18T17:23Z","BIGC.20180718.SURBER.5","A00000027065",,,"Tipulidae sp.",,2,"BIGC.20180718.SURBER.5.TIPULIDAE SP.",,,"EcoAnalysts Inc.",
"42800341-ea3c-4aea-a37c-8913a34da7b6","D17","BIGC","BIGC.AOS.reach","2018-07-18T17:23Z","2018-07-18T17:23Z","BIGC.20180718.SURBER.8","A00000027077",,,"Baetis sp.",,2,"BIGC.20180718.SURBER.8.BAETIS SP.",,,"EcoAnalysts Inc.",
"9fd8a75a-a472-431d-8636-26cfd23398dd","D17","BIGC","BIGC.AOS.reach","2018-07-18T17:23Z","2018-07-18T17:23Z","BIGC.20180718.SURBER.7","A00000027094",,,"Labrundinia sp.",,1,"BIGC.20180718.SURBER.7.LABRUNDINIA SP.",,,"EcoAnalysts Inc.",
"bce20164-5af1-4137-b246-4f8f4992f848","D17","BIGC","BIGC.AOS.reach","2018-07-18T17:23Z","2018-07-18T17:23Z","BIGC.20180718.SURBER.6","A00000027060",,,"Thienemanniella sp.",,1,"BIGC.20180718.SURBER.6.THIENEMANNIELLA SP.",,,"EcoAnalysts Inc.",
"cde23ae5-1cb3-46d9-9798-89d9b316a898","D17","BIGC","BIGC.AOS.reach","2018-07-18T17:23Z","2018-07-18T17:23Z","BIGC.20180718.SURBER.6","A00000027060",,,"Torrenticola sp.",,1,"BIGC.20180718.SURBER.6.TORRENTICOLA SP.",,,"EcoAnalysts Inc.",
"215dbaaf-3b1c-43ed-b863-c6ffb17f70c1","D17","BIGC","BIGC.AOS.reach","2018-07-18T17:23Z","2018-07-18T17:23Z","BIGC.20180718.SURBER.8","A00000027077",,,"Polypedilum sp.",,3,"BIGC.20180718.SURBER.8.POLYPEDILUM SP.",,,"EcoAnalysts Inc.",
"17348992-186f-47ba-a4a3-91d1464451ee","D17","BIGC","BIGC.AOS.reach","2018-07-18T17:23Z","2018-07-18T17:23Z","BIGC.20180718.SURBER.8","A00000027077",,,"Brillia sp.",,3,"BIGC.20180718.SURBER.8.BRILLIA SP.",,,"EcoAnalysts Inc.",
"abcf6e26-dda5-45f1-9fb6-954446c77d86","D17","BIGC","BIGC.AOS.reach","2018-07-18T17:23Z","2018-07-18T17:23Z","BIGC.20180718.SURBER.8","A00000027077",,,"Perlidae sp.",,3,"BIGC.20180718.SURBER.8.PERLIDAE SP.",,,"EcoAnalysts Inc.",
"91a6957a-2bb7-4f87-8630-90cca65be053","D17","BIGC","BIGC.AOS.reach","2018-07-18T17:23Z","2018-07-18T17:23Z","BIGC.20180718.SURBER.6","A00000027060",,,"Hydra sp.",,1,"BIGC.20180718.SURBER.6.HYDRA SP.",,,"EcoAnalysts Inc.",
"efe72eee-ebe0-495b-ba0f-54b997dc217b","D17","BIGC","BIGC.AOS.reach","2018-07-18T17:23Z","2018-07-18T17:23Z","BIGC.20180718.SURBER.8","A00000027077",,,"Eukiefferiella claripennis gr.",,2,"BIGC.20180718.SURBER.8.EUKIEFFERIELLA CLARIPENNIS GR.",,,"EcoAnalysts Inc.",
"8bb9dbc7-5589-468e-8766-7180a0b541a0","D17","BIGC","BIGC.AOS.reach","2018-07-18T17:23Z","2018-07-18T17:23Z","BIGC.20180718.SURBER.3","A00000027053",,,"Cricotopus sp.",,3,"BIGC.20180718.SURBER.3.CRICOTOPUS SP.",,,"EcoAnalysts Inc.",
"2478d265-8a9a-4a38-bd48-b811edaef4f3","D17","BIGC","BIGC.AOS.reach","2018-07-18T17:23Z","2018-07-18T17:23Z","BIGC.20180718.SURBER.8","A00000027077",,,"Parametriocnemus sp.",,2,"BIGC.20180718.SURBER.8.PARAMETRIOCNEMUS SP.",,,"EcoAnalysts Inc.",
"ddd414f5-4d6d-4714-924f-18e17a0a0363","D17","BIGC","BIGC.AOS.reach","2018-07-18T17:23Z","2018-07-18T17:23Z","BIGC.20180718.SURBER.5","A00000027065",,,"Dicranota sp.",,2,"BIGC.20180718.SURBER.5.DICRANOTA SP.",,,"EcoAnalysts Inc.",
"26735ccb-68ec-44a9-8f14-43d41a9cec50","D17","BIGC","BIGC.AOS.reach","2018-07-18T17:23Z","2018-07-18T17:23Z","BIGC.20180718.SURBER.2","A00000027076",,,"Testudacarus sp.",,2,"BIGC.20180718.SURBER.2.TESTUDACARUS SP.",,,"EcoAnalysts Inc.",
"772255f2-a4ab-4c33-b4cb-726edbc6dc48","D17","BIGC","BIGC.AOS.reach","2018-07-18T17:23Z","2018-07-18T17:23Z","BIGC.20180718.SURBER.8","A00000027077",,,"Cricotopus nostocicola",,3,"BIGC.20180718.SURBER.8.CRICOTOPUS NOSTOCICOLA",,,"EcoAnalysts Inc.",
"eb944d0c-429e-40ed-894f-903975a36204","D17","BIGC","BIGC.AOS.reach","2018-07-18T17:23Z","2018-07-18T17:23Z","BIGC.20180718.SURBER.4","A00000027059",,,"Macropelopiini sp.",,1,"BIGC.20180718.SURBER.4.MACROPELOPIINI SP.",,,"EcoAnalysts Inc.",
"d29c7606-e598-4050-8cd1-d87d9113debe","D17","BIGC","BIGC.AOS.reach","2018-07-18T17:23Z","2018-07-18T17:23Z","BIGC.20180718.SURBER.8","A00000027077",,,"Hydropsychidae sp.",,2,"BIGC.20180718.SURBER.8.HYDROPSYCHIDAE SP.",,,"EcoAnalysts Inc.",
"320de2ff-921b-46b9-8e9f-a63d4dfb82d9","D17","BIGC","BIGC.AOS.reach","2018-07-18T17:23Z","2018-07-18T17:23Z","BIGC.20180718.SURBER.2","A00000027076",,,"Ampumixis dispar",,3,"BIGC.20180718.SURBER.2.AMPUMIXIS DISPAR",,,"EcoAnalysts Inc.",
"47b28fca-1815-42cb-a439-8d572e7a22c1","D17","BIGC","BIGC.AOS.reach","2018-07-18T17:23Z","2018-07-18T17:23Z","BIGC.20180718.SURBER.1","A00000030786",,,"Atrichopogon sp.",,1,"BIGC.20180718.SURBER.1.ATRICHOPOGON SP.",,,"EcoAnalysts Inc.",
"c01ffd4a-23e3-49a7-af89-a380585c4361","D17","BIGC","BIGC.AOS.reach","2018-07-18T17:23Z","2018-07-18T17:23Z","BIGC.20180718.SURBER.7","A00000027094",,,"Pentaneura sp.",,1,"BIGC.20180718.SURBER.7.PENTANEURA SP.",,,"EcoAnalysts Inc.",
"9fa22b79-9bdc-4255-8097-f8683463e6b2","D17","BIGC","BIGC.AOS.reach","2018-07-18T17:23Z","2018-07-18T17:23Z","BIGC.20180718.SURBER.8","A00000027077",,,"Zaitzevia sp.",,1,"BIGC.20180718.SURBER.8.ZAITZEVIA SP.",,,"EcoAnalysts Inc.",
"34f30f78-df50-4e12-9342-9906c44f7f0b","D17","BIGC","BIGC.AOS.reach","2018-07-18T17:23Z","2018-07-18T17:23Z","BIGC.20180718.SURBER.7","A00000027094",,,"Nilotanypus fimbriatus",,1,"BIGC.20180718.SURBER.7.NILOTANYPUS FIMBRIATUS",,,"EcoAnalysts Inc.",
"9e1fc8fb-8a4c-4491-893a-dc2c0e2a1b0a","D17","BIGC","BIGC.AOS.reach","2018-07-18T17:23Z","2018-07-18T17:23Z","BIGC.20180718.SURBER.4","A00000027059",,,"Lepidostoma sp.",,1,"BIGC.20180718.SURBER.4.LEPIDOSTOMA SP.",,,"EcoAnalysts Inc.",
"2d25d267-815f-4743-b575-de1299144967","D17","BIGC","BIGC.AOS.reach","2018-07-18T17:23Z","2018-07-18T17:23Z","BIGC.20180718.SURBER.3","A00000027053",,,"Paratanytarsus sp.",,5,"BIGC.20180718.SURBER.3.PARATANYTARSUS SP.",,,"EcoAnalysts Inc.",
"ce8d994a-b7d1-494c-b7f3-42ba3ae96cd5","D17","BIGC","BIGC.AOS.reach","2018-07-18T17:23Z","2018-07-18T17:23Z","BIGC.20180718.SURBER.6","A00000027060",,,"Hydroptilidae sp.",,3,"BIGC.20180718.SURBER.6.HYDROPTILIDAE SP.",,,"EcoAnalysts Inc.",
"a1cfbd71-aa8f-4561-afc1-fffc799807f7","D17","BIGC","BIGC.AOS.reach","2018-07-18T17:23Z","2018-07-18T17:23Z","BIGC.20180718.SURBER.6","A00000027060",,,"Tipulidae sp.",,1,"BIGC.20180718.SURBER.6.TIPULIDAE SP.",,,"EcoAnalysts Inc.",
"597e592f-7973-4a8e-af83-1bd8025cda0e","D17","BIGC","BIGC.AOS.reach","2018-07-18T17:23Z","2018-07-18T17:23Z","BIGC.20180718.SURBER.7","A00000027094",,,"Larsia sp.",,1,"BIGC.20180718.SURBER.7.LARSIA SP.",,,"EcoAnalysts Inc.",
"e1999c40-1d20-41ed-8a22-3dbfda9b784f","D17","BIGC","BIGC.AOS.reach","2018-07-18T17:23Z","2018-07-18T17:23Z","BIGC.20180718.SURBER.6","A00000027060",,,"Hydroptila sp.",,3,"BIGC.20180718.SURBER.6.HYDROPTILA SP.",,,"EcoAnalysts Inc.",
"312a62a5-df4c-4863-a9a6-3e8ddb3ff3f8","D17","BIGC","BIGC.AOS.reach","2018-07-18T17:23Z","2018-07-18T17:23Z","BIGC.20180718.SURBER.3","A00000027053",,,"Polycentropus sp.",,1,"BIGC.20180718.SURBER.3.POLYCENTROPUS SP.",,,"EcoAnalysts Inc.",
"05dbebbb-b235-4aa0-ba29-9d162fe37679","D17","BIGC","BIGC.AOS.reach","2018-07-18T17:23Z","2018-07-18T17:23Z","BIGC.20180718.SURBER.2","A00000027076",,,"Serratella micheneri",,2,"BIGC.20180718.SURBER.2.SERRATELLA MICHENERI",,,"EcoAnalysts Inc.",
"7e9a8bf3-c223-43d2-81e8-e51e99d2daa9","D17","BIGC","BIGC.AOS.reach","2018-07-18T17:23Z","2018-07-18T17:23Z","BIGC.20180718.SURBER.7","A00000027094",,,"Stempellinella sp.",,3,"BIGC.20180718.SURBER.7.STEMPELLINELLA SP.",,,"EcoAnalysts Inc.",
"ed7ced44-b5e7-46fb-a6d8-65572a1c2afb","D17","BIGC","BIGC.AOS.reach","2018-07-18T17:23Z","2018-07-18T17:23Z","BIGC.20180718.SURBER.7","A00000027094",,,"Tanytarsus sp.",,3,"BIGC.20180718.SURBER.7.TANYTARSUS SP.",,,"EcoAnalysts Inc.",
"fd0a8cc1-439f-4131-9116-5b3d4641b313","D17","BIGC","BIGC.AOS.reach","2018-07-18T17:23Z","2018-07-18T17:23Z","BIGC.20180718.SURBER.6","A00000027060",,,"Neoplasta sp.",,3,"BIGC.20180718.SURBER.6.NEOPLASTA SP.",,,"EcoAnalysts Inc.",
"09b69b9d-2eb7-4f06-b18d-fab1aabff60c","D17","BIGC","BIGC.AOS.reach","2018-07-18T17:23Z","2018-07-18T17:23Z","BIGC.20180718.SURBER.7","A00000027094",,,"Zavrelimyia sp.",,2,"BIGC.20180718.SURBER.7.ZAVRELIMYIA SP.",,,"EcoAnalysts Inc.",
"961c8249-60b0-4e00-92b6-3fdd6646bf3e","D17","BIGC","BIGC.AOS.reach","2018-07-18T17:23Z","2018-07-18T17:23Z","BIGC.20180718.SURBER.4","A00000027059",,,"Psephenidae sp.",,1,"BIGC.20180718.SURBER.4.PSEPHENIDAE SP.",,,"EcoAnalysts Inc.",
"7579f718-0624-4420-82bf-944431ab92c7","D17","BIGC","BIGC.AOS.reach","2018-07-18T17:23Z","2018-07-18T17:23Z","BIGC.20180718.SURBER.3","A00000027053",,,"Stilobezzia sp.",,1,"BIGC.20180718.SURBER.3.STILOBEZZIA SP.",,,"EcoAnalysts Inc.",
"c7761c5c-207d-4137-ab79-a64f66868c93","D17","BIGC","BIGC.AOS.reach","2018-07-18T17:23Z","2018-07-18T17:23Z","BIGC.20180718.SURBER.6","A00000027060",,,"Sialis sp.",,2,"BIGC.20180718.SURBER.6.SIALIS SP.",,,"EcoAnalysts Inc.",
"ab380365-ba51-41f2-a5e5-667f44073f00","D17","BIGC","BIGC.AOS.reach","2018-07-18T17:23Z","2018-07-18T17:23Z","BIGC.20180718.SURBER.4","A00000027059",,,"Parakiefferiella sp.",,1,"BIGC.20180718.SURBER.4.PARAKIEFFERIELLA SP.",,,"EcoAnalysts Inc.",
"14dbf6f1-884d-40bd-981c-904e2994e21f","D17","BIGC","BIGC.AOS.reach","2018-07-18T17:23Z","2018-07-18T17:23Z","BIGC.20180718.SURBER.7","A00000027094",,,"Chironomini sp.",,2,"BIGC.20180718.SURBER.7.CHIRONOMINI SP.",,,"EcoAnalysts Inc.",
"130d5001-2383-4484-8bb3-578f69f64cbf","D17","BIGC","BIGC.AOS.reach","2018-07-18T17:23Z","2018-07-18T17:23Z","BIGC.20180718.SURBER.8","A00000027077",,,"Microtendipes rydalensis gr.",,3,"BIGC.20180718.SURBER.8.MICROTENDIPES RYDALENSIS GR.",,,"EcoAnalysts Inc.",
"d47f7361-b242-4407-9e72-8dce97ed0b3d","D17","BIGC","BIGC.AOS.reach","2018-07-18T17:23Z","2018-07-18T17:23Z","BIGC.20180718.SURBER.8","A00000027077",,,"Rheotanytarsus sp.",,3,"BIGC.20180718.SURBER.8.RHEOTANYTARSUS SP.",,,"EcoAnalysts Inc.",
"1fcd8984-8eda-4e34-bbde-1952410c107b","D17","BIGC","BIGC.AOS.reach","2018-07-18T17:23Z","2018-07-18T17:23Z","BIGC.20180718.SURBER.8","A00000027077",,,"Micropsectra sp.",,3,"BIGC.20180718.SURBER.8.MICROPSECTRA SP.",,,"EcoAnalysts Inc.",
"38ea932e-2518-4fff-ab38-56fc32e2d9df","D17","BIGC","BIGC.AOS.reach","2018-07-18T17:23Z","2018-07-18T17:23Z","BIGC.20180718.SURBER.8","A00000027077",,,"Eukiefferiella sp.",,4,"BIGC.20180718.SURBER.8.EUKIEFFERIELLA SP.",,,"EcoAnalysts Inc.",
"f2fe3a32-5578-42d4-95cf-bc944d973a07","D17","BIGC","BIGC.AOS.reach","2018-07-18T17:23Z","2018-07-18T17:23Z","BIGC.20180718.SURBER.4","A00000027059",,,"Sweltsa sp.",,1,"BIGC.20180718.SURBER.4.SWELTSA SP.",,,"EcoAnalysts Inc.",
"b27e01fb-6b62-42cf-9f0c-2c391e07673e","D17","BIGC","BIGC.AOS.reach","2018-07-18T17:23Z","2018-07-18T17:23Z","BIGC.20180718.SURBER.8","A00000027077",,,"Corynoneura sp.",,3,"BIGC.20180718.SURBER.8.CORYNONEURA SP.",,,"EcoAnalysts Inc.",
"f9eb11a5-da7f-4b08-b96b-42bce61aa6d2","D17","BIGC","BIGC.AOS.reach","2018-07-18T17:23Z","2018-07-18T17:23Z","BIGC.20180718.SURBER.8","A00000027077",,,"Cricotopus/Orthocladius sp.",,3,"BIGC.20180718.SURBER.8.CRICOTOPUS/ORTHOCLADIUS SP.",,,"EcoAnalysts Inc.",
"1b139c7c-47cb-49f4-beab-f36260517a13","D17","BIGC","BIGC.AOS.reach","2018-07-18T17:23Z","2018-07-18T17:23Z","BIGC.20180718.SURBER.3","A00000027053",,,"Dasyhelea sp.",,1,"BIGC.20180718.SURBER.3.DASYHELEA SP.",,,"EcoAnalysts Inc.",
"9021665b-5153-44ea-938b-400550872c35","D17","BIGC","BIGC.AOS.reach","2018-07-18T17:23Z","2018-07-18T17:23Z","BIGC.20180718.SURBER.6","A00000027060",,,"Lauterborniella agrayloides",,1,"BIGC.20180718.SURBER.6.LAUTERBORNIELLA AGRAYLOIDES",,,"EcoAnalysts Inc.",
"ce86d6e1-dbf2-4919-9746-1abe54d2327a","D17","BIGC","BIGC.AOS.reach","2018-07-18T17:23Z","2018-07-18T17:23Z","BIGC.20180718.SURBER.8","A00000027077",,,"Pentaneurini sp.",,1,"BIGC.20180718.SURBER.8.PENTANEURINI SP.",,,"EcoAnalysts Inc.",
"0e1b7660-2a7a-4747-b803-a5e01dcd85b3","D17","BIGC","BIGC.AOS.reach","2018-07-18T17:23Z","2018-07-18T17:23Z","BIGC.20180718.SURBER.6","A00000027060",,,"Heleniella sp.",,4,"BIGC.20180718.SURBER.6.HELENIELLA SP.",,,"EcoAnalysts Inc.",
"02d1a917-74f6-4811-88df-621965aadd02","D17","BIGC","BIGC.AOS.reach","2018-07-18T17:23Z","2018-07-18T17:23Z","BIGC.20180718.SURBER.8","A00000027077",,,"Thienemannimyia gr.",,2,"BIGC.20180718.SURBER.8.THIENEMANNIMYIA GR.",,,"EcoAnalysts Inc.",
"fbb1ec0c-cad8-4923-b497-b84d117a2a53","D17","BIGC","BIGC.AOS.reach","2018-07-18T17:23Z","2018-07-18T17:23Z","BIGC.20180718.SURBER.5","A00000027065",,,"Cryptolabis sp.",,3,"BIGC.20180718.SURBER.5.CRYPTOLABIS SP.",,,"EcoAnalysts Inc.",
"4e99d7b8-e8e3-4b2d-a16e-89237782a136","D17","BIGC","BIGC.AOS.reach","2018-07-18T17:23Z","2018-07-18T17:23Z","BIGC.20180718.SURBER.2","A00000027076",,,"Parapsyche sp.",,1,"BIGC.20180718.SURBER.2.PARAPSYCHE SP.",,,"EcoAnalysts Inc.",
"c68ef86d-c3ab-4dc3-aa44-3a9bfca076ab","D17","BIGC","BIGC.AOS.reach","2018-07-18T17:23Z","2018-07-18T17:23Z","BIGC.20180718.SURBER.5","A00000027065",,,"Trichoptera sp.",,1,"BIGC.20180718.SURBER.5.TRICHOPTERA SP.",,,"EcoAnalysts Inc.",
"d8929438-a2c0-46ac-8649-960ab6da1a8c","D17","BIGC","BIGC.AOS.reach","2018-07-18T17:23Z","2018-07-18T17:23Z","BIGC.20180718.SURBER.3","A00000027053",,,"Tanytarsini sp.",,5,"BIGC.20180718.SURBER.3.TANYTARSINI SP.",,,"EcoAnalysts Inc.",
"87a2611b-4345-4484-90a9-1942c2f37df8","D17","BIGC","BIGC.AOS.reach","2018-07-18T17:23Z","2018-07-18T17:23Z","BIGC.20180718.SURBER.1","A00000030786",,,"Capniidae sp.",,4,"BIGC.20180718.SURBER.1.CAPNIIDAE SP.",,,"EcoAnalysts Inc.",
"3460b9ad-c604-4e27-9942-cc11542a16b5","D17","BIGC","BIGC.AOS.reach","2018-07-18T17:23Z","2018-07-18T17:23Z","BIGC.20180718.SURBER.8","A00000027077",,,"Simulium sp.",,2,"BIGC.20180718.SURBER.8.SIMULIUM SP.",,,"EcoAnalysts Inc.",
"b489ed98-8c51-4545-a46e-7eb068875991","D17","BIGC","BIGC.AOS.reach","2018-07-18T17:23Z","2018-07-18T17:23Z","BIGC.20180718.SURBER.1","A00000030786",,,"Antocha sp.",,2,"BIGC.20180718.SURBER.1.ANTOCHA SP.",,,"EcoAnalysts Inc.",
"9f5f859f-3222-4696-80ec-144e2d552088","D17","BIGC","BIGC.AOS.reach","2018-07-18T17:23Z","2018-07-18T17:23Z","BIGC.20180718.SURBER.4","A00000027059",,,"Robackia demeijerei",,1,"BIGC.20180718.SURBER.4.ROBACKIA DEMEIJEREI",,,"EcoAnalysts Inc.",
"8cbc2d06-3b7e-4ce8-a63b-7924ca4c263e","D17","BIGC","BIGC.AOS.reach","2018-07-18T17:23Z","2018-07-18T17:23Z","BIGC.20180718.SURBER.8","A00000027077",,,"Orthocladiinae sp.",,3,"BIGC.20180718.SURBER.8.ORTHOCLADIINAE SP.",,,"EcoAnalysts Inc.",
"861ab9c3-ff35-4e5c-911a-874748574aef","D17","BIGC","BIGC.AOS.reach","2018-07-18T17:23Z","2018-07-18T17:23Z","BIGC.20180718.SURBER.5","A00000027065",,,"Eukiefferiella coerulescens gr.",,5,"BIGC.20180718.SURBER.5.EUKIEFFERIELLA COERULESCENS GR.",,,"EcoAnalysts Inc.",
"8c321633-d0b8-47a9-9de6-0e21b2938eda","D17","BIGC","BIGC.AOS.reach","2018-07-18T17:23Z","2018-07-18T17:23Z","BIGC.20180718.SURBER.8","A00000027077",,,"Synorthocladius sp.",,1,"BIGC.20180718.SURBER.8.SYNORTHOCLADIUS SP.",,,"EcoAnalysts Inc.",
"759c6c12-6781-40b6-8b8b-39560f702f7d","D17","BIGC","BIGC.AOS.reach","2018-07-18T17:23Z","2018-07-18T17:23Z","BIGC.20180718.SURBER.7","A00000027094",,,"Cladotanytarsus sp.",,2,"BIGC.20180718.SURBER.7.CLADOTANYTARSUS SP.",,,"EcoAnalysts Inc.",
"ef317f06-3269-4702-960a-a8987259f8a0","D17","BIGC","BIGC.AOS.reach","2018-07-18T17:23Z","2018-07-18T17:23Z","BIGC.20180718.SURBER.7","A00000027094",,,"Ceratopogoninae sp.",,1,"BIGC.20180718.SURBER.7.CERATOPOGONINAE SP.",,,"EcoAnalysts Inc.",
"4d7c2bb7-5234-4236-aacb-5e7339e7515e","D17","BIGC","BIGC.AOS.reach","2018-07-18T17:23Z","2018-07-18T17:23Z","BIGC.20180718.SURBER.7","A00000027094",,,"Cryptochironomus sp.",,1,"BIGC.20180718.SURBER.7.CRYPTOCHIRONOMUS SP.",,,"EcoAnalysts Inc.",
"34518683-48d0-4251-aa11-85935522f4c0","D17","BIGC","BIGC.AOS.reach","2018-07-18T17:23Z","2018-07-18T17:23Z","BIGC.20180718.SURBER.8","A00000027077",,,"Rheocricotopus sp.",,1,"BIGC.20180718.SURBER.8.RHEOCRICOTOPUS SP.",,,"EcoAnalysts Inc.",
"27c55bf4-ab7c-4fdf-9003-04f39c37a225","D17","BIGC","BIGC.AOS.reach","2018-07-18T17:23Z","2018-07-18T17:23Z","BIGC.20180718.SURBER.5","A00000027065",,,"Hemerodromia sp.",,1,"BIGC.20180718.SURBER.5.HEMERODROMIA SP.",,,"EcoAnalysts Inc.",
"060ef9a8-68fa-42fa-af06-647e2d89354e","D17","BIGC","BIGC.AOS.reach","2018-07-18T17:23Z","2018-07-18T17:23Z","BIGC.20180718.SURBER.8","A00000027077",,,"Zapada cinctipes",,1,"BIGC.20180718.SURBER.8.ZAPADA CINCTIPES",,,"EcoAnalysts Inc.",
"fc433916-f6b9-49df-b846-41cb2feebf49","D17","BIGC","BIGC.AOS.reach","2018-07-18T17:23Z","2018-07-18T17:23Z","BIGC.20180718.SURBER.7","A00000027094",,,"Microtendipes pedellus gr.",,2,"BIGC.20180718.SURBER.7.MICROTENDIPES PEDELLUS GR.",,,"EcoAnalysts Inc.",
"8a3c0fe3-2280-4a0b-9527-e5f7b3fd61c8","D17","BIGC","BIGC.AOS.reach","2018-07-18T17:23Z","2018-07-18T17:23Z","BIGC.20180718.SURBER.8","A00000027077",,,"Eukiefferiella devonica gr.",,2,"BIGC.20180718.SURBER.8.EUKIEFFERIELLA DEVONICA GR.",,,"EcoAnalysts Inc.",
"d5daad91-5909-46d8-a2eb-cc0bb39973bb","D17","BIGC","BIGC.AOS.reach","2018-07-18T17:23Z","2018-07-18T17:23Z","BIGC.20180718.SURBER.3","A00000027053",,,"Ecdyonurus sp.",,1,"BIGC.20180718.SURBER.3.ECDYONURUS SP.",,,"EcoAnalysts Inc.",
"a03c1d5d-6b9d-43f4-a67b-23f5f830a48f","D17","BIGC","BIGC.AOS.reach","2018-07-18T17:23Z","2018-07-18T17:23Z","BIGC.20180718.SURBER.2","A00000027076",,,"Tvetenia bavarica gr.",,1,"BIGC.20180718.SURBER.2.TVETENIA BAVARICA GR.",,,"EcoAnalysts Inc.",
"dd813171-b60c-4d78-b79a-8c0d1f22c74a","D17","BIGC","BIGC.AOS.reach","2018-07-18T17:23Z","2018-07-18T17:23Z","BIGC.20180718.SURBER.4","A00000027059",,,"Aturidae sp.",,3,"BIGC.20180718.SURBER.4.ATURIDAE SP.",,,"EcoAnalysts Inc.",
"32889110-7350-4106-85f0-20119a6c421c","D17","BIGC","BIGC.AOS.reach","2018-07-18T17:23Z","2018-07-18T17:23Z","BIGC.20180718.SURBER.5","A00000027065",,,"Lopescladius sp.",,1,"BIGC.20180718.SURBER.5.LOPESCLADIUS SP.",,,"EcoAnalysts Inc.",
"935abf20-f164-43c9-b67d-607ec472a841","D17","BIGC","BIGC.AOS.reach","2018-07-18T17:23Z","2018-07-18T17:23Z","BIGC.20180718.SURBER.5","A00000027065",,,"Rhabdomastix fascigera gr.",,1,"BIGC.20180718.SURBER.5.RHABDOMASTIX FASCIGERA GR.",,,"EcoAnalysts Inc.",
"e7349bf8-c48d-436f-a900-6a92a40b309a","D17","BIGC","BIGC.AOS.reach","2018-07-18T17:23Z","2018-07-18T17:23Z","BIGC.20180718.SURBER.7","A00000027094",,,"Rheocricotopus sp.",,1,"BIGC.20180718.SURBER.7.RHEOCRICOTOPUS SP.",,,"EcoAnalysts Inc.",
"d925063f-b952-4d16-8347-949aaf8ba108","D17","BIGC","BIGC.AOS.reach","2018-07-18T17:23Z","2018-07-18T17:23Z","BIGC.20180718.SURBER.4","A00000027059",,,"Tricorythodes sp.",,4,"BIGC.20180718.SURBER.4.TRICORYTHODES SP.",,,"EcoAnalysts Inc.",
"00a4ffc7-6db9-4ed5-8796-dc3f63f84d4a","D17","BIGC","BIGC.AOS.reach","2018-07-18T17:23Z","2018-07-18T17:23Z","BIGC.20180718.SURBER.2","A00000027076",,,"Atractides sp.",,1,"BIGC.20180718.SURBER.2.ATRACTIDES SP.",,,"EcoAnalysts Inc.",
"4efc91cb-6f64-429f-8ff8-4a5ef6581c40","D17","BIGC","BIGC.AOS.reach","2018-07-18T17:23Z","2018-07-18T17:23Z","BIGC.20180718.SURBER.2","A00000027076",,,"Aturus sp.",,2,"BIGC.20180718.SURBER.2.ATURUS SP.",,,"EcoAnalysts Inc.",
"b8671a09-915d-43b8-bbf5-342f50fa466a","D17","BIGC","BIGC.AOS.reach","2018-07-18T17:23Z","2018-07-18T17:23Z","BIGC.20180718.SURBER.2","A00000027076",,,"Eukiefferiella brehmi gr.",,1,"BIGC.20180718.SURBER.2.EUKIEFFERIELLA BREHMI GR.",,,"EcoAnalysts Inc.",
