uid,domainID,siteID,namedLocation,collectDate,sortDate,qcSortDate,sampleID,sampleCode,mixedInvertVialID,mixedInvertVialCode,chironomidVialID,chironomidVialCode,oligochaeteVialID,oligochaeteVialCode,largeInvertVialID,largeInvertVialCode,testProtocolVersion,primaryMatrix,preRinseVolume,postRinseVolume,subsamplePercent,qcSortingEfficacy,qcIterationCount,qcPercentSimilarity,laboratoryName,sortedBy,qcSortedBy,benchRemarks,dataQF,qcEnumerationDifference,qcTaxonomicDifference
"c141baf2-0c3e-454f-9e47-a1657922b077","D17","BIGC","BIGC.AOS.reach","2018-07-18T17:23Z","2018-10-10","2018-10-11","BIGC.20180718.SURBER.8","A00000027077","BIGC.20180718.SURBER.8",,,,,,,,"ECOANALYSTS_Macroinvertebrate_Identification_Revision4","coarse organic",0.10,0.08,5.5,96.7,1,,"EcoAnalysts Inc.","z3wo8/+tr2E3/uMn/wCDLw==","CBtXit/4I2Wo31ut9nAUtQ==","E=0.02L of washout",,,
"fe0e573a-39a3-4278-ad2b-07df819339b4","D17","BIGC","BIGC.AOS.reach","2018-07-18T17:23Z","2018-10-11","2018-10-11","BIGC.20180718.SURBER.6","A00000027060","BIGC.20180718.SURBER.6",,,,,,,,"ECOANALYSTS_Macroinvertebrate_Identification_Revision4","coarse organic",0.08,0.08,18.8,96.4,1,,"EcoAnalysts Inc.","1vcFwuCrweea3e6drzmsAw==","CBtXit/4I2Wo31ut9nAUtQ==",,,,
"5f61d554-119e-4bb7-86d1-6cf4cbb622a3","D17","BIGC","BIGC.AOS.reach","2018-07-18T17:23Z","2018-10-11","2018-10-11","BIGC.20180718.SURBER.3","A00000027053","BIGC.20180718.SURBER.3",,,,,,,,"ECOANALYSTS_Macroinvertebrate_Identification_Revision4","fine organic",0.04,0.04,21.9,90.4,1,,"EcoAnalysts Inc.","7fjBP78Guy6YsiMxuAF1NQ==","nvO9dEMKYf3II1WEm9Fr0w==",,,,
"1b7aee8a-0895-4ba5-8d08-b50fe2d05af8","D17","BIGC","BIGC.AOS.reach","2018-07-18T17:23Z","2018-10-11","2018-10-11","BIGC.20180718.SURBER.5","A00000027065","BIGC.20180718.SURBER.5",,,,,,,,"ECOANALYSTS_Macroinvertebrate_Identification_Revision4","fine organic",0.03,0.03,12.5,97.6,1,,"EcoAnalysts Inc.","1vcFwuCrweea3e6drzmsAw==","CBtXit/4I2Wo31ut9nAUtQ==",,,1.0,8.8
"b6798e5c-e1ed-4d13-bafc-3f0890f610f8","D17","BIGC","BIGC.AOS.reach","2018-07-18T17:23Z","2018-10-11","2018-10-11","BIGC.20180718.SURBER.7","A00000027094","BIGC.20180718.SURBER.7",,,,,,,,"ECOANALYSTS_Macroinvertebrate_Identification_Revision4","coarse organic",0.10,0.10,3.7,99.2,1,,"EcoAnalysts Inc.","z3wo8/+tr2E3/uMn/wCDLw==","CBtXit/4I2Wo31ut9nAUtQ==",,,,
"6e93b104-4510-465c-9887-e9a633def023","D17","BIGC","BIGC.AOS.reach","2018-07-18T17:23Z","2018-10-11","2018-10-11","BIGC.20180718.SURBER.1","A00000030786","BIGC.20180718.SURBER.1",,,,,,,,"ECOANALYSTS_Macroinvertebrate_Identification_Revision4","fine organic",0.03,0.03,6.3,94.5,1,,"EcoAnalysts Inc.","7fjBP78Guy6YsiMxuAF1NQ==","nvO9dEMKYf3II1WEm9Fr0w==",,,,
"3ef599b4-1af7-4490-95d0-5fb660560e08","D17","BIGC","BIGC.AOS.reach","2018-07-18T17:23Z","2018-10-11","2018-10-11","BIGC.20180718.SURBER.2","A00000027076","BIGC.20180718.SURBER.2",,,,,,,,"ECOANALYSTS_Macroinvertebrate_Identification_Revision4","coarse organic",0.24,0.20,4.2,98.1,1,,"EcoAnalysts Inc.","1vcFwuCrweea3e6drzmsAw==","nvO9dEMKYf3II1WEm9Fr0w==","E=.04L washout of sediment",,,
"52cfcac6-93f0-4de9-95a6-0b2c06b80a3b","D17","BIGC","BIGC.AOS.reach","2018-07-18T17:23Z","2018-10-11","2018-10-11","BIGC.20180718.SURBER.4","A00000027059","BIGC.20180718.SURBER.4",,,,,,,,"ECOANALYSTS_Macroinvertebrate_Identification_Revision4","fine organic",0.10,0.04,25.0,97.6,1,,"EcoAnalysts Inc.","7fjBP78Guy6YsiMxuAF1NQ==","nvO9dEMKYf3II1WEm9Fr0w==","E=.06L inorganic elutriated",,,
