uid,domainID,siteID,namedLocation,decimalLatitude,decimalLongitude,coordinateUncertainty,geodeticDatum,elevation,elevationUncertainty,aquaticSiteType,collectDate,eventID,boutNumber,sampleID,sampleCode,sampleCondition,geneticSampleID,geneticSampleCode,geneticSampleCond,samplingProtocolVersion,samplingImpractical,biophysicalCriteria,habitatType,samplerType,sampleNumber,substratumSizeClass,benthicArea,ponarDepth,snagLength,snagDiameter,dnaSnagLength,dnaSnagDiameter,remarks,recordedBy,collectedBy,dataQF
"82f3c031-82c8-42af-9b2f-ee7fbf7f4624","D18","OKSR","OKSR.AOS.reach",68.669753,-149.143018,1000.0,"WGS84",766.0,1000.0,"stream","2020-08-12T18:39Z","OKSR.20200812",3,"OKSR.20200812.KICKNET.1","A00000303933",,"OKSR.20200812.KICKNET.1.ARC","A00000301634",,"NEON.DOC.003046vE",,"OK - no known exceptions","run","modifiedKicknet",1,"cobble",0.250,,,,,,,"0000-0001-6124-7021","0000-0001-5131-1181",
"d7af3f01-046c-4c5f-b35f-f69d9930e0f1","D18","OKSR","OKSR.AOS.reach",68.669753,-149.143018,1000.0,"WGS84",766.0,1000.0,"stream","2020-08-12T18:39Z","OKSR.20200812",3,"OKSR.20200812.KICKNET.3","A00000102995",,"OKSR.20200812.KICKNET.3.ARC","A00000301618",,"NEON.DOC.003046vE",,"OK - no known exceptions","run","modifiedKicknet",3,"cobble",0.250,,,,,,,"0000-0001-6124-7021","0000-0001-5131-1181",
"b071d5e3-dfb1-45b6-a686-ed23f8d4ee31","D18","OKSR","OKSR.AOS.reach",68.669753,-149.143018,1000.0,"WGS84",766.0,1000.0,"stream","2020-08-12T18:39Z","OKSR.20200812",3,"OKSR.20200812.SURBER.3","A00000102999",,,,,"NEON.DOC.003046vE",,"OK - no known exceptions","riffle","surber",3,"cobble",0.093,,,,,,,"0000-0001-6124-7021","0000-0001-5131-1181",
"055acafe-453c-47b2-9197-9c14ab20df40","D18","OKSR","OKSR.AOS.reach",68.669753,-149.143018,1000.0,"WGS84",766.0,1000.0,"stream","2020-08-12T18:39Z","OKSR.20200812",3,"OKSR.20200812.KICKNET.2","A00000102997",,,,,"NEON.DOC.003046vE",,"OK - no known exceptions","run","modifiedKicknet",2,"cobble",0.250,,,,,,,"0000-0001-6124-7021","0000-0001-5131-1181",
"f7a93af9-d813-454c-a5a1-b3527c40d568","D18","OKSR","OKSR.AOS.reach",68.669753,-149.143018,1000.0,"WGS84",766.0,1000.0,"stream","2020-08-12T18:39Z","OKSR.20200812",3,"OKSR.20200812.KICKNET.4","A00000303949",,,,,"NEON.DOC.003046vE",,"OK - no known exceptions","run","modifiedKicknet",4,"cobble",0.250,,,,,,,"0000-0001-6124-7021","0000-0001-5131-1181",
"ae2a69e0-597b-455b-8c78-fe6ded79fcb9","D18","OKSR","OKSR.AOS.reach",68.669753,-149.143018,1000.0,"WGS84",766.0,1000.0,"stream","2020-08-12T18:39Z","OKSR.20200812",3,"OKSR.20200812.KICKNET.5","A00000301601",,"OKSR.20200812.KICKNET.5.ARC","A00000301650",,"NEON.DOC.003046vE",,"OK - no known exceptions","run","modifiedKicknet",5,"cobble",0.250,,,,,,,"0000-0001-6124-7021","0000-0001-5131-1181",
"7949ec7b-2fee-44f4-aac6-53d791fd0781","D18","OKSR","OKSR.AOS.reach",68.669753,-149.143018,1000.0,"WGS84",766.0,1000.0,"stream","2020-08-12T18:39Z","OKSR.20200812",3,"OKSR.20200812.SURBER.2","A00000102996",,,,,"NEON.DOC.003046vE",,"OK - no known exceptions","riffle","surber",2,"cobble",0.093,,,,,,,"0000-0001-6124-7021","0000-0001-5131-1181",
"90621fed-51df-4888-9967-7c5a67968ec0","D18","OKSR","OKSR.AOS.reach",68.669753,-149.143018,1000.0,"WGS84",766.0,1000.0,"stream","2020-08-12T18:39Z","OKSR.20200812",3,"OKSR.20200812.SURBER.1","A00000102998",,,,,"NEON.DOC.003046vE",,"OK - no known exceptions","riffle","surber",1,"cobble",0.093,,,,,,,"0000-0001-6124-7021","0000-0001-5131-1181",
