uid,domainID,siteID,namedLocation,collectDate,sortDate,qcSortDate,sampleID,sampleCode,mixedInvertVialID,mixedInvertVialCode,chironomidVialID,chironomidVialCode,oligochaeteVialID,oligochaeteVialCode,largeInvertVialID,largeInvertVialCode,testProtocolVersion,primaryMatrix,preRinseVolume,postRinseVolume,subsamplePercent,qcSortingEfficacy,qcIterationCount,qcPercentSimilarity,laboratoryName,sortedBy,qcSortedBy,benchRemarks,dataQF,qcEnumerationDifference,qcTaxonomicDifference
"ea9bd30c-4db8-4fdf-9c40-8ce2da8832d5","D18","OKSR","OKSR.AOS.reach","2020-08-12T18:39Z","2021-01-29","2021-01-29","OKSR.20200812.SURBER.3","A00000102999","OKSR.20200812.SURBER.3",,"BA20NEOMST07009C",,,,"BA20NEOMST07009LR",,"RHITHRON_Macroinvertebrate_Identification_Revision1","coarse organic",,,70.0,100.0,1,,"Rhithron Associates, Inc.","kcNHfEa00olgOMivYV39aQ==","jrNz6zwqS3Q=",,,,
"bbee4e96-6abb-4fe4-a71e-f8d041bc9f3e","D18","OKSR","OKSR.AOS.reach","2020-08-12T18:39Z","2021-01-29","2021-01-29","OKSR.20200812.KICKNET.3","A00000102995","OKSR.20200812.KICKNET.3",,"BA20NEOMST07014C",,,,"BA20NEOMST07014LR",,"RHITHRON_Macroinvertebrate_Identification_Revision1","fine organic",,,100.0,98.6,1,,"Rhithron Associates, Inc.","kcNHfEa00olgOMivYV39aQ==","jrNz6zwqS3Q=",,,,
"cc373dff-cf51-46f3-93d1-683228de4832","D18","OKSR","OKSR.AOS.reach","2020-08-12T18:39Z","2021-01-29","2021-02-01","OKSR.20200812.SURBER.2","A00000102996","OKSR.20200812.SURBER.2",,"BA20NEOMST07010C",,,,"BA20NEOMST07010LR",,"RHITHRON_Macroinvertebrate_Identification_Revision1","fine organic",,,90.0,97.6,1,,"Rhithron Associates, Inc.","jrNz6zwqS3Q=","FtcfAjYRHgtys5Ba7LiLag==",,,,
"f85dd4a0-db46-4dfc-a042-80c77786c183","D18","OKSR","OKSR.AOS.reach","2020-08-12T18:39Z","2021-02-02","2021-02-02","OKSR.20200812.KICKNET.1","A00000303933","OKSR.20200812.KICKNET.1",,"BA20NEOMST07016C",,,,"BA20NEOMST07016LR",,"RHITHRON_Macroinvertebrate_Identification_Revision1","coarse organic",,,100.0,98.8,1,,"Rhithron Associates, Inc.","WO1ROMpMI5UERdFobeLniw==","kcNHfEa00olgOMivYV39aQ==",,,,
"ded85ddf-c7dd-493d-930b-3799a7eeaa4d","D18","OKSR","OKSR.AOS.reach","2020-08-12T18:39Z","2021-02-02","2021-02-02","OKSR.20200812.KICKNET.5","A00000301601","OKSR.20200812.KICKNET.5",,"BA20NEOMST07012C",,,,"BA20NEOMST07012LR",,"RHITHRON_Macroinvertebrate_Identification_Revision1","coarse organic",,,47.0,97.7,1,,"Rhithron Associates, Inc.","egCH3wedmfhvZrvQbyFP8Q==","kcNHfEa00olgOMivYV39aQ==",,,,
"4e0a97a5-1d8a-4f19-97ae-49fdebde1534","D18","OKSR","OKSR.AOS.reach","2020-08-12T18:39Z","2021-02-02","2021-02-02","OKSR.20200812.KICKNET.2","A00000102997","OKSR.20200812.KICKNET.2",,"BA20NEOMST07015C",,,,"BA20NEOMST07015LR",,"RHITHRON_Macroinvertebrate_Identification_Revision1","coarse organic",,,100.0,100.0,1,,"Rhithron Associates, Inc.","XlCRh6Ap9QNgux7KJv6yrw==","kcNHfEa00olgOMivYV39aQ==",,,,
"9436094b-7b44-46ba-a97e-f195403e5e50","D18","OKSR","OKSR.AOS.reach","2020-08-12T18:39Z","2021-02-02","2021-02-02","OKSR.20200812.KICKNET.4","A00000303949","OKSR.20200812.KICKNET.4",,"BA20NEOMST07013C",,,,"BA20NEOMST07013LR",,"RHITHRON_Macroinvertebrate_Identification_Revision1","fine organic",,,100.0,97.8,4,,"Rhithron Associates, Inc.","3hsarqkn53DnTHf+v6UBHA==","jrNz6zwqS3Q=",,,,
"1e6bbfc4-8d5d-453c-bd8e-b8fee003b801","D18","OKSR","OKSR.AOS.reach","2020-08-12T18:39Z","2021-01-29","2021-01-29","OKSR.20200812.SURBER.1","A00000102998","OKSR.20200812.SURBER.1",,"BA20NEOMST07011C",,,,"BA20NEOMST07011LR",,"RHITHRON_Macroinvertebrate_Identification_Revision1","coarse organic",,,100.0,100.0,1,,"Rhithron Associates, Inc.","yZFSmq1jJzE=","jrNz6zwqS3Q=",,,,
