uid,domainID,siteID,namedLocation,startDate,collectDate,sampleID,sampleCode,slideID,slideCode,scientificName,morphospeciesID,referenceCount,referenceID,referenceCode,archiveLabSampleMedium,laboratoryName,dataQF
"48cfd8d3-544f-488f-8d7a-6b70461a9c8e","D17","BIGC","BIGC.AOS.reach","2018-05-07T17:37Z","2018-05-07T17:37Z","BIGC.20180507.SURBER.5","A00000030742",,,"Demicryptochironomus sp.",,1,"BIGC.20180507.SURBER.5.DEMICRYPTOCHIRONOMUS SP.",,,"EcoAnalysts Inc.",
"da07c521-9e35-464c-8df6-7ab3b7f6c845","D17","BIGC","BIGC.AOS.reach","2018-05-07T17:37Z","2018-05-07T17:37Z","BIGC.20180507.SURBER.2","A00000030735",,,"Heteroplectron californicum",,1,"BIGC.20180507.SURBER.2.HETEROPLECTRON CALIFORNICUM",,,"EcoAnalysts Inc.",
"b51dc5e8-1544-47dd-b4f4-8cbbaa8e7400","D17","BIGC","BIGC.AOS.reach","2018-05-07T17:37Z","2018-05-07T17:37Z","BIGC.20180507.SURBER.5","A00000030742",,,"Pionidae sp.",,2,"BIGC.20180507.SURBER.5.PIONIDAE SP.",,,"EcoAnalysts Inc.",
"04c5aa84-8571-4726-9030-8364c1b1f975","D17","BIGC","BIGC.AOS.reach","2018-05-07T17:37Z","2018-05-07T17:37Z","BIGC.20180507.SURBER.6","A00000030770",,,"Antocha sp.",,2,"BIGC.20180507.SURBER.6.ANTOCHA SP.",,,"EcoAnalysts Inc.",
"eb339b3f-fc73-42e9-8962-400877a539ef","D17","BIGC","BIGC.AOS.reach","2018-05-07T17:37Z","2018-05-07T17:37Z","BIGC.20180507.SURBER.6","A00000030770",,,"Rhyacophila brunnea/vemna gr.",,1,"BIGC.20180507.SURBER.6.RHYACOPHILA BRUNNEA/VEMNA GR.",,,"EcoAnalysts Inc.",
"9c1b047e-99f9-473e-912d-622405aa25c2","D17","BIGC","BIGC.AOS.reach","2018-05-07T17:37Z","2018-05-07T17:37Z","BIGC.20180507.SURBER.4","A00000030753",,,"Argia sp.",,2,"BIGC.20180507.SURBER.4.ARGIA SP.",,,"EcoAnalysts Inc.",
"fa035c77-2c07-491e-b17f-390a6ac0a91f","D17","BIGC","BIGC.AOS.reach","2018-05-07T17:37Z","2018-05-07T17:37Z","BIGC.20180507.SURBER.4","A00000030753",,,"Gomphidae sp.",,1,"BIGC.20180507.SURBER.4.GOMPHIDAE SP.",,,"EcoAnalysts Inc.",
"d641bdff-763b-41a2-9fe2-4ffbc01b42d4","D17","BIGC","BIGC.AOS.reach","2018-05-07T17:37Z","2018-05-07T17:37Z","BIGC.20180507.SURBER.1","A00000030736",,,"Amiocentrus aspilus",,2,"BIGC.20180507.SURBER.1.AMIOCENTRUS ASPILUS",,,"EcoAnalysts Inc.",
"8e03a2d2-1866-44fe-9f96-98212c48dcd0","D17","BIGC","BIGC.AOS.reach","2018-05-07T17:37Z","2018-05-07T17:37Z","BIGC.20180507.SURBER.4","A00000030753",,,"Gumaga sp.",,1,"BIGC.20180507.SURBER.4.GUMAGA SP.",,,"EcoAnalysts Inc.",
"e27a45f4-a611-4d4a-82de-914952c40638","D17","BIGC","BIGC.AOS.reach","2018-05-07T17:37Z","2018-05-07T17:37Z","BIGC.20180507.SURBER.8","A00000030785",,,"Hydraena sp.",,2,"BIGC.20180507.SURBER.8.HYDRAENA SP.",,,"EcoAnalysts Inc.",
"a202674f-0561-4b6f-9e90-1b27bf5b11d6","D17","BIGC","BIGC.AOS.reach","2018-05-07T17:37Z","2018-05-07T17:37Z","BIGC.20180507.SURBER.2","A00000030735",,,"Diphetor hageni",,3,"BIGC.20180507.SURBER.2.DIPHETOR HAGENI",,,"EcoAnalysts Inc.",
"be1f126d-f87d-4eed-b078-79edd62aab98","D17","BIGC","BIGC.AOS.reach","2018-05-07T17:37Z","2018-05-07T17:37Z","BIGC.20180507.SURBER.6","A00000030770",,,"Cleptelmis addenda",,2,"BIGC.20180507.SURBER.6.CLEPTELMIS ADDENDA",,,"EcoAnalysts Inc.",
"600adf78-6e69-4ca1-84c6-bf058bd9845c","D17","BIGC","BIGC.AOS.reach","2018-05-07T17:37Z","2018-05-07T17:37Z","BIGC.20180507.SURBER.1","A00000030736",,,"Optioservus sp.",,2,"BIGC.20180507.SURBER.1.OPTIOSERVUS SP.",,,"EcoAnalysts Inc.",
"8b8d434d-a8f8-49bd-ba88-4ec948dd1e6b","D17","BIGC","BIGC.AOS.reach","2018-05-07T17:37Z","2018-05-07T17:37Z","BIGC.20180507.SURBER.7","A00000030752",,,"Ironodes sp.",,1,"BIGC.20180507.SURBER.7.IRONODES SP.",,,"EcoAnalysts Inc.",
"4518d98d-c1f7-4e74-b8a1-2612296d56e4","D17","BIGC","BIGC.AOS.reach","2018-05-07T17:37Z","2018-05-07T17:37Z","BIGC.20180507.SURBER.4","A00000030753",,,"Agapetus sp.",,1,"BIGC.20180507.SURBER.4.AGAPETUS SP.",,,"EcoAnalysts Inc.",
"d1da4ba8-b489-4f2f-9f3a-e2873c11000b","D17","BIGC","BIGC.AOS.reach","2018-05-07T17:37Z","2018-05-07T17:37Z","BIGC.20180507.SURBER.8","A00000030785",,,"Odontomesa sp.",,1,"BIGC.20180507.SURBER.8.ODONTOMESA SP.",,,"EcoAnalysts Inc.",
"bbf5175c-bcc5-4524-bff1-7a31ae6e6ae4","D17","BIGC","BIGC.AOS.reach","2018-05-07T17:37Z","2018-05-07T17:37Z","BIGC.20180507.SURBER.8","A00000030785",,,"Acari sp.",,6,"BIGC.20180507.SURBER.8.ACARI SP.",,,"EcoAnalysts Inc.",
"dde8fdbd-3320-40b0-b202-e4cd228fd71a","D17","BIGC","BIGC.AOS.reach","2018-05-07T17:37Z","2018-05-07T17:37Z","BIGC.20180507.SURBER.7","A00000030752",,,"Eukiefferiella brehmi gr.",,1,"BIGC.20180507.SURBER.7.EUKIEFFERIELLA BREHMI GR.",,,"EcoAnalysts Inc.",
"9468dc68-58ff-494d-bcdd-b7077c325f94","D17","BIGC","BIGC.AOS.reach","2018-05-07T17:37Z","2018-05-07T17:37Z","BIGC.20180507.SURBER.5","A00000030742",,,"Ephemerella dorothea/excrucians",,1,"BIGC.20180507.SURBER.5.EPHEMERELLA DOROTHEA/EXCRUCIANS",,,"EcoAnalysts Inc.",
"1629808a-9e9a-40a6-a574-7e5f5d7bbed2","D17","BIGC","BIGC.AOS.reach","2018-05-07T17:37Z","2018-05-07T17:37Z","BIGC.20180507.SURBER.6","A00000030770",,,"Optioservus sp.",,5,"BIGC.20180507.SURBER.6.OPTIOSERVUS SP.",,,"EcoAnalysts Inc.",
"e7b9f1b0-e9bc-4a87-933b-24e8b6df6486","D17","BIGC","BIGC.AOS.reach","2018-05-07T17:37Z","2018-05-07T17:37Z","BIGC.20180507.SURBER.3","A00000030769",,,"Drunella sp.",,1,"BIGC.20180507.SURBER.3.DRUNELLA SP.",,,"EcoAnalysts Inc.",
"e366f94c-aade-4a4b-a49b-b5b4fa2cbd6d","D17","BIGC","BIGC.AOS.reach","2018-05-07T17:37Z","2018-05-07T17:37Z","BIGC.20180507.SURBER.6","A00000030770",,,"Acari sp.",,2,"BIGC.20180507.SURBER.6.ACARI SP.",,,"EcoAnalysts Inc.",
"c61cb00f-aaa7-43b5-b90f-731d46b6d9ea","D17","BIGC","BIGC.AOS.reach","2018-05-07T17:37Z","2018-05-07T17:37Z","BIGC.20180507.SURBER.6","A00000030770",,,"Epeorus longimanus",,1,"BIGC.20180507.SURBER.6.EPEORUS LONGIMANUS",,,"EcoAnalysts Inc.",
"93101f3e-1dec-494f-aabb-f8349333b311","D17","BIGC","BIGC.AOS.reach","2018-05-07T17:37Z","2018-05-07T17:37Z","BIGC.20180507.SURBER.2","A00000030735",,,"Acari sp.",,2,"BIGC.20180507.SURBER.2.ACARI SP.",,,"EcoAnalysts Inc.",
"8319ce3b-7a61-4628-886d-94c886d9f9e4","D17","BIGC","BIGC.AOS.reach","2018-05-07T17:37Z","2018-05-07T17:37Z","BIGC.20180507.SURBER.7","A00000030752",,,"Estelloxus sp.",,2,"BIGC.20180507.SURBER.7.ESTELLOXUS SP.",,,"EcoAnalysts Inc.",
"b605ccf8-952c-4b63-9fc3-d88e0f12ba6b","D17","BIGC","BIGC.AOS.reach","2018-05-07T17:37Z","2018-05-07T17:37Z","BIGC.20180507.SURBER.3","A00000030769",,,"Heptageniidae sp.",,1,"BIGC.20180507.SURBER.3.HEPTAGENIIDAE SP.",,,"EcoAnalysts Inc.",
"661b6fa7-a1c0-42e7-8ec2-1a05c3cbf589","D17","BIGC","BIGC.AOS.reach","2018-05-07T17:37Z","2018-05-07T17:37Z","BIGC.20180507.SURBER.6","A00000030770",,,"Zaitzevia parvula",,2,"BIGC.20180507.SURBER.6.ZAITZEVIA PARVULA",,,"EcoAnalysts Inc.",
"fe2d6f93-9568-4726-adc2-ed206d34cc1e","D17","BIGC","BIGC.AOS.reach","2018-05-07T17:37Z","2018-05-07T17:37Z","BIGC.20180507.SURBER.8","A00000030785",,,"Drunella coloradensis/flavilinea",,1,"BIGC.20180507.SURBER.8.DRUNELLA COLORADENSIS/FLAVILINEA",,,"EcoAnalysts Inc.",
"7c2c78f9-ebd8-4568-a8e3-993a80d79991","D17","BIGC","BIGC.AOS.reach","2018-05-07T17:37Z","2018-05-07T17:37Z","BIGC.20180507.SURBER.8","A00000030785",,,"Matriella teresa",,1,"BIGC.20180507.SURBER.8.MATRIELLA TERESA",,,"EcoAnalysts Inc.",
"c122f793-ad0a-41fa-8b16-575e80193860","D17","BIGC","BIGC.AOS.reach","2018-05-07T17:37Z","2018-05-07T17:37Z","BIGC.20180507.SURBER.2","A00000030735",,,"Brundiniella sp.",,1,"BIGC.20180507.SURBER.2.BRUNDINIELLA SP.",,,"EcoAnalysts Inc.",
"2322df90-fb4d-441b-9d20-c0243e649764","D17","BIGC","BIGC.AOS.reach","2018-05-07T17:37Z","2018-05-07T17:37Z","BIGC.20180507.SURBER.2","A00000030735",,,"Eubrianax edwardsii",,2,"BIGC.20180507.SURBER.2.EUBRIANAX EDWARDSII",,,"EcoAnalysts Inc.",
"7a9c18e8-b582-4775-8f40-c026910fb127","D17","BIGC","BIGC.AOS.reach","2018-05-07T17:37Z","2018-05-07T17:37Z","BIGC.20180507.SURBER.1","A00000030736",,,"Cinygma sp.",,1,"BIGC.20180507.SURBER.1.CINYGMA SP.",,,"EcoAnalysts Inc.",
"4b0ee132-a7b4-430f-b89f-17c809c59ecc","D17","BIGC","BIGC.AOS.reach","2018-05-07T17:37Z","2018-05-07T17:37Z","BIGC.20180507.SURBER.6","A00000030770",,,"Rhyacophila betteni gr.",,1,"BIGC.20180507.SURBER.6.RHYACOPHILA BETTENI GR.",,,"EcoAnalysts Inc.",
"52948408-1fd4-45b1-810c-57d75d7d6c22","D17","BIGC","BIGC.AOS.reach","2018-05-07T17:37Z","2018-05-07T17:37Z","BIGC.20180507.SURBER.3","A00000030769",,,"Paraleptophlebia sp.",,2,"BIGC.20180507.SURBER.3.PARALEPTOPHLEBIA SP.",,,"EcoAnalysts Inc.",
"0f9e753e-cf02-4874-ac0c-252c1f22620e","D17","BIGC","BIGC.AOS.reach","2018-05-07T17:37Z","2018-05-07T17:37Z","BIGC.20180507.SURBER.4","A00000030753",,,"Limnephilidae sp.",,1,"BIGC.20180507.SURBER.4.LIMNEPHILIDAE SP.",,,"EcoAnalysts Inc.",
"1c361ff7-82ff-44ca-a2a1-2f069b6877e9","D17","BIGC","BIGC.AOS.reach","2018-05-07T17:37Z","2018-05-07T17:37Z","BIGC.20180507.SURBER.6","A00000030770",,,"Micrasema sp.",,1,"BIGC.20180507.SURBER.6.MICRASEMA SP.",,,"EcoAnalysts Inc.",
"61c21f37-0c94-4e09-a3af-19ab8748a6c3","D17","BIGC","BIGC.AOS.reach","2018-05-07T17:37Z","2018-05-07T17:37Z","BIGC.20180507.SURBER.2","A00000030735",,,"Teneridrilus sp.",,1,"BIGC.20180507.SURBER.2.TENERIDRILUS SP.",,,"EcoAnalysts Inc.",
"cb480d14-9fa8-42d3-badb-9007b41b6ce2","D17","BIGC","BIGC.AOS.reach","2018-05-07T17:37Z","2018-05-07T17:37Z","BIGC.20180507.SURBER.8","A00000030785",,,"Epeorus sp.",,1,"BIGC.20180507.SURBER.8.EPEORUS SP.",,,"EcoAnalysts Inc.",
"4d9afa1a-71c2-4c71-9355-0a598cd7d107","D17","BIGC","BIGC.AOS.reach","2018-05-07T17:37Z","2018-05-07T17:37Z","BIGC.20180507.SURBER.3","A00000030769",,,"Microtendipes sp.",,2,"BIGC.20180507.SURBER.3.MICROTENDIPES SP.",,,"EcoAnalysts Inc.",
"709016e0-e878-4e2e-8ff9-f2373ee0ade8","D17","BIGC","BIGC.AOS.reach","2018-05-07T17:37Z","2018-05-07T17:37Z","BIGC.20180507.SURBER.8","A00000030785",,,"Baetis tricaudatus",,4,"BIGC.20180507.SURBER.8.BAETIS TRICAUDATUS",,,"EcoAnalysts Inc.",
