uid,domainID,siteID,namedLocation,collectDate,sortDate,qcSortDate,sampleID,sampleCode,mixedInvertVialID,mixedInvertVialCode,chironomidVialID,chironomidVialCode,oligochaeteVialID,oligochaeteVialCode,largeInvertVialID,largeInvertVialCode,testProtocolVersion,primaryMatrix,preRinseVolume,postRinseVolume,subsamplePercent,qcSortingEfficacy,qcIterationCount,qcPercentSimilarity,laboratoryName,sortedBy,qcSortedBy,benchRemarks,dataQF,qcEnumerationDifference,qcTaxonomicDifference
"aa5e2836-95f3-4197-97ae-c6cdb1664bdb","D17","BIGC","BIGC.AOS.reach","2018-05-07T17:37Z","2018-06-14","2018-06-18","BIGC.20180507.SURBER.8","A00000030785","BIGC.20180507.SURBER.8",,,,,,,,"ECOANALYSTS_Macroinvertebrate_Identification_Revision4","other (specified in remarks)",0.06,0.01,100.0,100.0,1,,"EcoAnalysts Inc.","CBtXit/4I2Wo31ut9nAUtQ==","uHoo3kTsBG4=","Primary Matrix is Inorganic Inorganic E = 0.05",,1.9,11.1
"af4c5cb8-a5b1-40c1-8be9-8d2219d6f306","D17","BIGC","BIGC.AOS.reach","2018-05-07T17:37Z","2018-06-15","2018-06-18","BIGC.20180507.SURBER.6","A00000030770","BIGC.20180507.SURBER.6",,,,,,,,"ECOANALYSTS_Macroinvertebrate_Identification_Revision4","fine organic",0.10,0.03,87.5,98.1,1,,"EcoAnalysts Inc.","7fjBP78Guy6YsiMxuAF1NQ==","uHoo3kTsBG4=",,,,
"bbd3a0cb-f8d1-4cf2-bb4e-bee4ae5244fa","D17","BIGC","BIGC.AOS.reach","2018-05-07T17:37Z","2018-06-16","2018-06-18","BIGC.20180507.SURBER.3","A00000030769","BIGC.20180507.SURBER.3",,,,,,,,"ECOANALYSTS_Macroinvertebrate_Identification_Revision4","coarse organic",0.06,0.02,100.0,92.2,1,,"EcoAnalysts Inc.","7fjBP78Guy6YsiMxuAF1NQ==","uHoo3kTsBG4=",".04 inorganic elutriated",,,
"8dc5a030-18e4-4793-9565-af4fbd098a0f","D17","BIGC","BIGC.AOS.reach","2018-05-07T17:37Z","2018-06-16","2018-06-18","BIGC.20180507.SURBER.1","A00000030736","BIGC.20180507.SURBER.1",,,,,,,,"ECOANALYSTS_Macroinvertebrate_Identification_Revision4","other (specified in remarks)",0.02,0.02,100.0,100.0,1,,"EcoAnalysts Inc.","7fjBP78Guy6YsiMxuAF1NQ==","uHoo3kTsBG4=","Primary Matrix is Inorganic",,,
"1757078b-cb99-4053-af16-ae6f2a3d9d37","D17","BIGC","BIGC.AOS.reach","2018-05-07T17:37Z","2018-06-15","2018-06-18","BIGC.20180507.SURBER.7","A00000030752","BIGC.20180507.SURBER.7",,,,,,,,"ECOANALYSTS_Macroinvertebrate_Identification_Revision4","fine organic",0.10,0.10,43.8,90.8,1,,"EcoAnalysts Inc.","7fjBP78Guy6YsiMxuAF1NQ==","uHoo3kTsBG4=",,,,
"bc446352-14d3-44fd-8fe0-912c1ec26f0f","D17","BIGC","BIGC.AOS.reach","2018-05-07T17:37Z","2018-06-16","2018-06-18","BIGC.20180507.SURBER.2","A00000030735","BIGC.20180507.SURBER.2",,,,,,,,"ECOANALYSTS_Macroinvertebrate_Identification_Revision4","fine organic",0.12,0.02,100.0,97.8,2,,"EcoAnalysts Inc.","7fjBP78Guy6YsiMxuAF1NQ==","uHoo3kTsBG4=",".1 inorganic elutriated",,,
"9428a15f-222b-4fe1-b65e-11aa5f9c08db","D17","BIGC","BIGC.AOS.reach","2018-05-07T17:37Z","2018-06-15","2018-06-18","BIGC.20180507.SURBER.5","A00000030742","BIGC.20180507.SURBER.5",,,,,,,,"ECOANALYSTS_Macroinvertebrate_Identification_Revision4","other (specified in remarks)",0.04,0.04,62.5,97.4,1,,"EcoAnalysts Inc.","7fjBP78Guy6YsiMxuAF1NQ==","uHoo3kTsBG4=","Primary Matrix is Inorganic",,,
"b567c3aa-d640-444f-a46d-f65fdd19c4c0","D17","BIGC","BIGC.AOS.reach","2018-05-07T17:37Z","2018-06-16","2018-06-18","BIGC.20180507.SURBER.4","A00000030753","BIGC.20180507.SURBER.4",,,,,,,,"ECOANALYSTS_Macroinvertebrate_Identification_Revision4","fine organic",0.05,0.05,100.0,96.2,1,,"EcoAnalysts Inc.","7fjBP78Guy6YsiMxuAF1NQ==","uHoo3kTsBG4=",,,,
