uid,domainID,siteID,namedLocation,decimalLatitude,decimalLongitude,coordinateUncertainty,geodeticDatum,elevation,elevationUncertainty,aquaticSiteType,collectDate,eventID,boutNumber,sampleID,sampleCode,sampleCondition,geneticSampleID,geneticSampleCode,geneticSampleCond,samplingProtocolVersion,samplingImpractical,biophysicalCriteria,habitatType,samplerType,sampleNumber,substratumSizeClass,benthicArea,ponarDepth,snagLength,snagDiameter,dnaSnagLength,dnaSnagDiameter,remarks,recordedBy,collectedBy,dataQF
"399522d5-50d4-4886-bb59-3a16e83e5b30","D17","BIGC","BIGC.AOS.reach",37.059719,-119.257549,1000.0,"WGS84",1197.0,1000.0,"stream","2018-05-07T17:37Z","BIGC.20180507",1,"BIGC.20180507.SURBER.4","A00000030753",,"BIGC.20180507.SURBER.4.DNA","A00000030734",,"NEON.DOC.003046vC",,,"run","surber",4,"cobble",0.093,,,,,,,"zlafaver@battelleecology.org","ecrandall@battelleecology.org",
"caf55846-8453-4a4a-a8e9-d1a006cba894","D17","BIGC","BIGC.AOS.reach",37.059719,-119.257549,1000.0,"WGS84",1197.0,1000.0,"stream","2018-05-07T17:37Z","BIGC.20180507",1,"BIGC.20180507.SURBER.6","A00000030770",,,,,"NEON.DOC.003046vC",,,"riffle","surber",6,"cobble",0.093,,,,,,,"zlafaver@battelleecology.org","ecrandall@battelleecology.org",
"b68d87f8-5d3e-425b-95d4-2231fcdcd229","D17","BIGC","BIGC.AOS.reach",37.059719,-119.257549,1000.0,"WGS84",1197.0,1000.0,"stream","2018-05-07T17:37Z","BIGC.20180507",1,"BIGC.20180507.SURBER.5","A00000030742",,,,,"NEON.DOC.003046vC",,,"run","surber",5,"pebble",0.093,,,,,,,"zlafaver@battelleecology.org","ecrandall@battelleecology.org",
"be1fc72b-9641-44c7-bdf2-147c92be565e","D17","BIGC","BIGC.AOS.reach",37.059719,-119.257549,1000.0,"WGS84",1197.0,1000.0,"stream","2018-05-07T17:37Z","BIGC.20180507",1,"BIGC.20180507.SURBER.8","A00000030785",,,,,"NEON.DOC.003046vC",,,"riffle","surber",8,"pebble",0.093,,,,,,,"zlafaver@battelleecology.org","ecrandall@battelleecology.org",
"2524e810-308f-4c8d-a2cf-52ab80b383d5","D17","BIGC","BIGC.AOS.reach",37.059719,-119.257549,1000.0,"WGS84",1197.0,1000.0,"stream","2018-05-07T17:37Z","BIGC.20180507",1,"BIGC.20180507.SURBER.1","A00000030736",,"BIGC.20180507.SURBER.1.DNA","A00000030768",,"NEON.DOC.003046vC",,,"run","surber",1,"cobble",0.093,,,,,,,"zlafaver@battelleecology.org","ecrandall@battelleecology.org",
"00dbe35e-2ec5-4593-b732-10f9171155c5","D17","BIGC","BIGC.AOS.reach",37.059719,-119.257549,1000.0,"WGS84",1197.0,1000.0,"stream","2018-05-07T17:37Z","BIGC.20180507",1,"BIGC.20180507.SURBER.3","A00000030769",,,,,"NEON.DOC.003046vC",,,"run","surber",3,"cobble",0.093,,,,,,,"zlafaver@battelleecology.org","ecrandall@battelleecology.org",
"9c05d690-85d5-46b2-a9cf-f8630a913707","D17","BIGC","BIGC.AOS.reach",37.059719,-119.257549,1000.0,"WGS84",1197.0,1000.0,"stream","2018-05-07T17:37Z","BIGC.20180507",1,"BIGC.20180507.SURBER.2","A00000030735",,"BIGC.20180507.SURBER.2.DNA","A00000030751",,"NEON.DOC.003046vC",,,"run","surber",2,"cobble",0.093,,,,,,,"zlafaver@battelleecology.org","ecrandall@battelleecology.org",
"b8140bc9-67b8-4e2f-9565-880e19d05a07","D17","BIGC","BIGC.AOS.reach",37.059719,-119.257549,1000.0,"WGS84",1197.0,1000.0,"stream","2018-05-07T17:37Z","BIGC.20180507",1,"BIGC.20180507.SURBER.7","A00000030752",,,,,"NEON.DOC.003046vC",,,"riffle","surber",7,"cobble",0.093,,,,,,,"zlafaver@battelleecology.org","ecrandall@battelleecology.org",
