uid,domainID,siteID,namedLocation,decimalLatitude,decimalLongitude,coordinateUncertainty,geodeticDatum,elevation,elevationUncertainty,aquaticSiteType,collectDate,eventID,boutNumber,sampleID,sampleCode,sampleCondition,geneticSampleID,geneticSampleCode,geneticSampleCond,samplingProtocolVersion,samplingImpractical,biophysicalCriteria,habitatType,samplerType,sampleNumber,substratumSizeClass,benthicArea,ponarDepth,snagLength,snagDiameter,dnaSnagLength,dnaSnagDiameter,remarks,recordedBy,collectedBy,dataQF
"bba1af52-71b5-491a-acc2-cac297f878e1","D18","OKSR","OKSR.AOS.reach",68.669753,-149.143018,1000.0,"WGS84",766.0,1000.0,"stream","2019-07-11T18:04Z","OKSR.20190711",2,"OKSR.20190711.KICKNET.4","A00000028826",,"OKSR.20190711.KICKNET.4.DNA","A00000028781",,"NEON.DOC.003046vC",,,"run","modifiedKicknet",4,"cobble",0.250,,,,,,,"0000-0002-9744-1448","0000-0001-9124-8148",
"d1e9018f-7127-4694-87de-97451b327e1b","D18","OKSR","OKSR.AOS.reach",68.669753,-149.143018,1000.0,"WGS84",766.0,1000.0,"stream","2019-07-11T18:04Z","OKSR.20190711",2,"OKSR.20190711.SURBER.3","A00000028791",,,,,"NEON.DOC.003046vC",,,"riffle","surber",3,"cobble",0.093,,,,,,,"0000-0002-9744-1448","0000-0001-9124-8148",
"c8f5d581-a825-4184-b7ae-5bcf3f66fc97","D18","OKSR","OKSR.AOS.reach",68.669753,-149.143018,1000.0,"WGS84",766.0,1000.0,"stream","2019-07-11T18:04Z","OKSR.20190711",2,"OKSR.20190711.SURBER.2","A00000028790",,,,,"NEON.DOC.003046vC",,,"riffle","surber",2,"cobble",0.093,,,,,,,"0000-0002-9744-1448","0000-0001-9124-8148",
"3dbb48b2-5d71-4c2e-9e6c-7cc9988530ae","D18","OKSR","OKSR.AOS.reach",68.669753,-149.143018,1000.0,"WGS84",766.0,1000.0,"stream","2019-07-11T18:04Z","OKSR.20190711",2,"OKSR.20190711.KICKNET.5","A00000028783",,"OKSR.20190711.KICKNET.5.DNA","A00000028768",,"NEON.DOC.003046vC",,,"run","modifiedKicknet",5,"cobble",0.250,,,,,,,"0000-0002-9744-1448","0000-0001-9124-8148",
"b39fd464-a210-46e8-b8fe-469441e56617","D18","OKSR","OKSR.AOS.reach",68.669753,-149.143018,1000.0,"WGS84",766.0,1000.0,"stream","2019-07-11T18:04Z","OKSR.20190711",2,"OKSR.20190711.SURBER.1","A00000028796",,,,,"NEON.DOC.003046vC",,,"riffle","surber",1,"cobble",0.093,,,,,,,"0000-0002-9744-1448","0000-0001-9124-8148",
"40d3e71b-4198-4fd4-a450-d868e7991b3f","D18","OKSR","OKSR.AOS.reach",68.669753,-149.143018,1000.0,"WGS84",766.0,1000.0,"stream","2019-07-11T18:04Z","OKSR.20190711",2,"OKSR.20190711.KICKNET.1","A00000028808",,,,,"NEON.DOC.003046vC",,,"run","modifiedKicknet",1,"cobble",0.250,,,,,,,"0000-0002-9744-1448","0000-0001-9124-8148",
"5961aa9f-8563-42d9-aee7-cde302fc1d3f","D18","OKSR","OKSR.AOS.reach",68.669753,-149.143018,1000.0,"WGS84",766.0,1000.0,"stream","2019-07-11T18:04Z","OKSR.20190711",2,"OKSR.20190711.KICKNET.3","A00000028780",,,,,"NEON.DOC.003046vC",,,"run","modifiedKicknet",3,"cobble",0.250,,,,,,,"0000-0002-9744-1448","0000-0001-9124-8148",
"2025e253-ee51-4ebd-ad7c-2982507bef0c","D18","OKSR","OKSR.AOS.reach",68.669753,-149.143018,1000.0,"WGS84",766.0,1000.0,"stream","2019-07-11T18:04Z","OKSR.20190711",2,"OKSR.20190711.KICKNET.2","A00000028811",,"OKSR.20190711.KICKNET.2.DNA","A00000028758",,"NEON.DOC.003046vC",,,"run","modifiedKicknet",2,"cobble",0.250,,,,,,,"0000-0002-9744-1448","0000-0001-9124-8148",
