uid,domainID,siteID,namedLocation,collectDate,sortDate,qcSortDate,sampleID,sampleCode,mixedInvertVialID,mixedInvertVialCode,chironomidVialID,chironomidVialCode,oligochaeteVialID,oligochaeteVialCode,largeInvertVialID,largeInvertVialCode,testProtocolVersion,primaryMatrix,preRinseVolume,postRinseVolume,subsamplePercent,qcSortingEfficacy,qcIterationCount,qcPercentSimilarity,laboratoryName,sortedBy,qcSortedBy,benchRemarks,dataQF,qcEnumerationDifference,qcTaxonomicDifference
"0e507879-2e8c-4769-93ab-de5790589bc2","D18","OKSR","OKSR.AOS.reach","2019-07-11T18:04Z","2019-08-28","2019-08-29","OKSR.20190711.KICKNET.2","A00000028811","OKSR.20190711.KICKNET.2",,,,,,,,"RHITHRON_Macroinvertebrate_Identification_Revision1","coarse organic",,,100.0,100.0,1,,"Rhithron Associates, Inc.","FtcfAjYRHgtys5Ba7LiLag==","kcNHfEa00olgOMivYV39aQ==",,,,
"915567dd-69e4-49ea-8576-99fd2d72ba30","D18","OKSR","OKSR.AOS.reach","2019-07-11T18:04Z","2019-08-29","2019-08-29","OKSR.20190711.KICKNET.3","A00000028780","OKSR.20190711.KICKNET.3",,,,,,,,"RHITHRON_Macroinvertebrate_Identification_Revision1","other (specified in remarks)",,,80.0,98.8,1,,"Rhithron Associates, Inc.","i1QflWRBxnudUqP2XRbJ5HtRIHlS+GcS","LOdFES9HN1w=","fine inorganic",,,
"724ca444-0e52-48c7-93c7-81f827b92942","D18","OKSR","OKSR.AOS.reach","2019-07-11T18:04Z","2019-08-28","2019-08-29","OKSR.20190711.SURBER.3","A00000028791","OKSR.20190711.SURBER.3",,,,,,,,"RHITHRON_Macroinvertebrate_Identification_Revision1","other (specified in remarks)",,,100.0,100.0,1,,"Rhithron Associates, Inc.","FtcfAjYRHgtys5Ba7LiLag==","kcNHfEa00olgOMivYV39aQ==","fine inorganic",,,
"70cd80a7-4622-4866-8ee8-15760c68522b","D18","OKSR","OKSR.AOS.reach","2019-07-11T18:04Z","2019-08-29","2019-08-29","OKSR.20190711.SURBER.1","A00000028796","OKSR.20190711.SURBER.1",,,,,,,,"RHITHRON_Macroinvertebrate_Identification_Revision1","coarse organic",,,100.0,100.0,1,,"Rhithron Associates, Inc.","egCH3wedmfhvZrvQbyFP8Q==","kcNHfEa00olgOMivYV39aQ==",,,,
"ea5ece0e-006a-4e6e-881c-a5ddc85f5436","D18","OKSR","OKSR.AOS.reach","2019-07-11T18:04Z","2019-08-28","2019-08-29","OKSR.20190711.KICKNET.5","A00000028783","OKSR.20190711.KICKNET.5",,,,,,,,"RHITHRON_Macroinvertebrate_Identification_Revision1","coarse organic",,,100.0,96.2,1,,"Rhithron Associates, Inc.","WO1ROMpMI5UERdFobeLniw==","kcNHfEa00olgOMivYV39aQ==",,,,
"3ef6850e-0f34-4e3c-b66e-233760e1c9ae","D18","OKSR","OKSR.AOS.reach","2019-07-11T18:04Z","2019-08-29","2019-08-29","OKSR.20190711.SURBER.2","A00000028790","OKSR.20190711.SURBER.2",,,,,,,,"RHITHRON_Macroinvertebrate_Identification_Revision1","other (specified in remarks)",,,100.0,93.0,1,,"Rhithron Associates, Inc.","jrNz6zwqS3Q=","LOdFES9HN1w=","fine inorganic",,,
"fd3008a4-88b5-4dcb-a5ba-6da34561b6bd","D18","OKSR","OKSR.AOS.reach","2019-07-11T18:04Z","2019-08-30","2019-08-30","OKSR.20190711.KICKNET.1","A00000028808","OKSR.20190711.KICKNET.1",,,,,,,,"RHITHRON_Macroinvertebrate_Identification_Revision1","fine organic",,,57.0,100.0,1,,"Rhithron Associates, Inc.","yZFSmq1jJzE=","kcNHfEa00olgOMivYV39aQ==",,,0.0,2.9
"61136599-a56b-4d2a-bc9e-379bd5af3b87","D18","OKSR","OKSR.AOS.reach","2019-07-11T18:04Z","2019-08-29","2019-08-29","OKSR.20190711.KICKNET.4","A00000028826","OKSR.20190711.KICKNET.4",,,,,,,,"RHITHRON_Macroinvertebrate_Identification_Revision1","fine organic",,,100.0,100.0,1,,"Rhithron Associates, Inc.","kcNHfEa00olgOMivYV39aQ==","LOdFES9HN1w=",,,,
