uid,domainID,siteID,namedLocation,startDate,collectDate,sampleID,sampleCode,slideID,slideCode,scientificName,morphospeciesID,referenceCount,referenceID,referenceCode,archiveLabSampleMedium,laboratoryName,dataQF
"7715eb32-660b-42e5-9eda-7b123324719b","D18","OKSR","OKSR.AOS.reach","2019-07-11T18:04Z","2019-07-11T18:04Z","OKSR.20190711.SURBER.2","A00000028790",,,"Stempellina sp.",,1,"C156",,,"Rhithron Associates, Inc.",
"57b61b17-d7e5-4741-8fbd-dfeae12e991b","D18","OKSR","OKSR.AOS.reach","2019-07-11T18:04Z","2019-07-11T18:04Z","OKSR.20190711.SURBER.2","A00000028790",,,"Limnophyes sp.",,1,"C157",,,"Rhithron Associates, Inc.",
"88a2eda9-c95e-41d7-a258-97e07428cd6a","D18","OKSR","OKSR.AOS.reach","2019-07-11T18:04Z","2019-07-11T18:04Z","OKSR.20190711.SURBER.2","A00000028790",,,"Acentrella lapponica",,1,"V251",,,"Rhithron Associates, Inc.",
"51215f1e-7340-4f36-937c-20986f894626","D18","OKSR","OKSR.AOS.reach","2019-07-11T18:04Z","2019-07-11T18:04Z","OKSR.20190711.SURBER.3","A00000028791",,,"Euryhapsis sp.",,1,"C155",,,"Rhithron Associates, Inc.",
"85f9d559-d93f-450d-841c-ea95757758df","D18","OKSR","OKSR.AOS.reach","2019-07-11T18:04Z","2019-07-11T18:04Z","OKSR.20190711.SURBER.3","A00000028791",,,"Ephemerella tibialis",,1,"V256",,,"Rhithron Associates, Inc.",
