uid,domainID,siteID,namedLocation,decimalLatitude,decimalLongitude,coordinateUncertainty,geodeticDatum,elevation,elevationUncertainty,aquaticSiteType,collectDate,eventID,boutNumber,sampleID,sampleCode,sampleCondition,geneticSampleID,geneticSampleCode,geneticSampleCond,samplingProtocolVersion,samplingImpractical,biophysicalCriteria,habitatType,samplerType,sampleNumber,substratumSizeClass,benthicArea,ponarDepth,snagLength,snagDiameter,dnaSnagLength,dnaSnagDiameter,remarks,recordedBy,collectedBy,dataQF
"025ae363-bb50-4ad0-b0bc-d8bf060bfa9a","D18","OKSR","OKSR.AOS.reach",68.669753,-149.143018,1000.0,"WGS84",766.0,1000.0,"stream","2020-07-23T18:23Z","OKSR.20200723",2,"OKSR.20200723.SURBER.1","A00000303948",,,,,"NEON.DOC.003046vE",,"OK - no known exceptions","riffle","surber",1,"cobble",0.093,,,,,,,"0000-0001-5131-1181","0000-0001-6124-7021",
"7550d9df-b406-488b-86f5-7c6239d93040","D18","OKSR","OKSR.AOS.reach",68.669753,-149.143018,1000.0,"WGS84",766.0,1000.0,"stream","2020-07-23T18:23Z","OKSR.20200723",2,"OKSR.20200723.SURBER.2","A00000303947",,,,,"NEON.DOC.003046vE",,"OK - no known exceptions","run","surber",2,"cobble",0.093,,,,,,,"0000-0001-5131-1181","0000-0001-6124-7021",
"7f2de73c-228d-403b-8c16-7dffebff4f5b","D18","OKSR","OKSR.AOS.reach",68.669753,-149.143018,1000.0,"WGS84",766.0,1000.0,"stream","2020-07-23T18:23Z","OKSR.20200723",2,"OKSR.20200723.KICKNET.4","A00000303996",,,,,"NEON.DOC.003046vE",,"OK - no known exceptions","run","modifiedKicknet",4,"cobble",0.250,,,,,,,"0000-0001-5131-1181","0000-0001-6124-7021",
"fbf12172-482c-44fa-8a77-93833a8dbe9b","D18","OKSR","OKSR.AOS.reach",68.669753,-149.143018,1000.0,"WGS84",766.0,1000.0,"stream","2020-07-23T18:23Z","OKSR.20200723",2,"OKSR.20200723.KICKNET.1","A00000303963",,"OKSR.20200723.KICKNET.1.DNA","A00000303901",,"NEON.DOC.003046vE",,"OK - no known exceptions","run","modifiedKicknet",1,"cobble",0.250,,,,,,,"0000-0001-5131-1181","0000-0001-6124-7021",
"f3082cfc-9724-4c0a-a88b-74e0e2052e7c","D18","OKSR","OKSR.AOS.reach",68.669753,-149.143018,1000.0,"WGS84",766.0,1000.0,"stream","2020-07-23T18:23Z","OKSR.20200723",2,"OKSR.20200723.SURBER.3","A00000303980",,,,,"NEON.DOC.003046vE",,"OK - no known exceptions","riffle","surber",3,"cobble",0.093,,,,,,,"0000-0001-5131-1181","0000-0001-6124-7021",
"f3ff98a0-217e-49a2-acb3-fafeb5c271ae","D18","OKSR","OKSR.AOS.reach",68.669753,-149.143018,1000.0,"WGS84",766.0,1000.0,"stream","2020-07-23T18:23Z","OKSR.20200723",2,"OKSR.20200723.KICKNET.3","A00000303995",,,,,"NEON.DOC.003046vE",,"OK - no known exceptions","run","modifiedKicknet",3,"cobble",0.250,,,,,,,"0000-0001-5131-1181","0000-0001-6124-7021",
"61017a2d-499d-4846-ad70-83029bdbf021","D18","OKSR","OKSR.AOS.reach",68.669753,-149.143018,1000.0,"WGS84",766.0,1000.0,"stream","2020-07-23T18:23Z","OKSR.20200723",2,"OKSR.20200723.KICKNET.5","A00000303979",,"OKSR.20200723.KICKNET.5.DNA","A00000101573",,"NEON.DOC.003046vE",,"OK - no known exceptions","run","modifiedKicknet",5,"cobble",0.250,,,,,,,"0000-0001-5131-1181","0000-0001-6124-7021",
"b9698898-2eaa-45b8-be80-ae537dad94c1","D18","OKSR","OKSR.AOS.reach",68.669753,-149.143018,1000.0,"WGS84",766.0,1000.0,"stream","2020-07-23T18:23Z","OKSR.20200723",2,"OKSR.20200723.KICKNET.2","A00000303964",,"OKSR.20200723.KICKNET.2.DNA","A00000103000",,"NEON.DOC.003046vE",,"OK - no known exceptions","run","modifiedKicknet",2,"cobble",0.250,,,,,,,"0000-0001-5131-1181","0000-0001-6124-7021",
