uid,domainID,siteID,namedLocation,collectDate,sortDate,qcSortDate,sampleID,sampleCode,mixedInvertVialID,mixedInvertVialCode,chironomidVialID,chironomidVialCode,oligochaeteVialID,oligochaeteVialCode,largeInvertVialID,largeInvertVialCode,testProtocolVersion,primaryMatrix,preRinseVolume,postRinseVolume,subsamplePercent,qcSortingEfficacy,qcIterationCount,qcPercentSimilarity,laboratoryName,sortedBy,qcSortedBy,benchRemarks,dataQF,qcEnumerationDifference,qcTaxonomicDifference
"b3cc623b-3dce-462f-b51c-c3edf08d22b2","D18","OKSR","OKSR.AOS.reach","2020-07-23T18:23Z","2021-01-28","2021-01-29","OKSR.20200723.KICKNET.1","A00000303963","OKSR.20200723.KICKNET.1",,"BA20NEOMST07008C",,,,"BA20NEOMST07008LR",,"RHITHRON_Macroinvertebrate_Identification_Revision1","fine organic",,,100.0,100.0,4,,"Rhithron Associates, Inc.","FtcfAjYRHgtys5Ba7LiLag==","WO1ROMpMI5UERdFobeLniw==",,,0.5,4.7
"8062d840-f955-47b3-b270-d7e515e57cf8","D18","OKSR","OKSR.AOS.reach","2020-07-23T18:23Z","2021-01-29","2021-01-29","OKSR.20200723.KICKNET.3","A00000303995","OKSR.20200723.KICKNET.3",,"BA20NEOMST07006C",,,,"BA20NEOMST07006LR",,"RHITHRON_Macroinvertebrate_Identification_Revision1","coarse organic",,,100.0,100.0,1,,"Rhithron Associates, Inc.","egCH3wedmfhvZrvQbyFP8Q==","WO1ROMpMI5UERdFobeLniw==",,,,
"896f0464-d7d1-4a81-b8cf-36e28098014a","D18","OKSR","OKSR.AOS.reach","2020-07-23T18:23Z","2021-01-28","2021-01-29","OKSR.20200723.KICKNET.5","A00000303979","OKSR.20200723.KICKNET.5",,"BA20NEOMST07004C",,,,"BA20NEOMST07004LR",,"RHITHRON_Macroinvertebrate_Identification_Revision1","fine organic",,,100.0,98.8,1,,"Rhithron Associates, Inc.","FtcfAjYRHgtys5Ba7LiLag==","WO1ROMpMI5UERdFobeLniw==",,,,
"7f96430b-c543-48c9-b7d2-42389e99f80e","D18","OKSR","OKSR.AOS.reach","2020-07-23T18:23Z","2021-01-28","2021-01-28","OKSR.20200723.SURBER.1","A00000303948","OKSR.20200723.SURBER.1",,"BA20NEOMST07003C",,,,"BA20NEOMST07003LR",,"RHITHRON_Macroinvertebrate_Identification_Revision1","other (specified in remarks)",,,100.0,96.0,1,,"Rhithron Associates, Inc.","FtcfAjYRHgtys5Ba7LiLag==","kcNHfEa00olgOMivYV39aQ==","fine inorganic",,0.0,2.1
"7ccd76a7-4d21-4d6d-8c38-775fe2894863","D18","OKSR","OKSR.AOS.reach","2020-07-23T18:23Z","2021-01-27","2021-01-28","OKSR.20200723.SURBER.3","A00000303980","OKSR.20200723.SURBER.3",,"BA20NEOMST07001C",,,,"BA20NEOMST07001LR",,"RHITHRON_Macroinvertebrate_Identification_Revision1","fine organic",,,100.0,98.4,1,,"Rhithron Associates, Inc.","FtcfAjYRHgtys5Ba7LiLag==","kcNHfEa00olgOMivYV39aQ==",,,,
"552e2f3b-b4fd-48b7-ae42-773719a60ce3","D18","OKSR","OKSR.AOS.reach","2020-07-23T18:23Z","2021-02-01","2021-02-01","OKSR.20200723.KICKNET.2","A00000303964","OKSR.20200723.KICKNET.2",,"BA20NEOMST07007C",,,,"BA20NEOMST07007LR",,"RHITHRON_Macroinvertebrate_Identification_Revision1","fine organic",,,100.0,100.0,1,,"Rhithron Associates, Inc.","LOdFES9HN1w=","FtcfAjYRHgtys5Ba7LiLag==",,,,
"585802d8-590b-45ea-8766-7c0a56f5f5ce","D18","OKSR","OKSR.AOS.reach","2020-07-23T18:23Z","2021-01-29","2021-01-29","OKSR.20200723.KICKNET.4","A00000303996","OKSR.20200723.KICKNET.4",,"BA20NEOMST07005C",,,,"BA20NEOMST07005LR",,"RHITHRON_Macroinvertebrate_Identification_Revision1","coarse organic",,,100.0,97.5,1,,"Rhithron Associates, Inc.","XlCRh6Ap9QNgux7KJv6yrw==","WO1ROMpMI5UERdFobeLniw==",,,,
"97e893dc-ea19-4036-913b-7eedad68b936","D18","OKSR","OKSR.AOS.reach","2020-07-23T18:23Z","2021-01-28","2021-01-28","OKSR.20200723.SURBER.2","A00000303947","OKSR.20200723.SURBER.2",,"BA20NEOMST07002C",,,,"BA20NEOMST07002LR",,"RHITHRON_Macroinvertebrate_Identification_Revision1","coarse organic",,,100.0,100.0,1,,"Rhithron Associates, Inc.","LOdFES9HN1w=","kcNHfEa00olgOMivYV39aQ==",,,,
