uid,domainID,siteID,namedLocation,collectDate,sortDate,qcSortDate,sampleID,sampleCode,mixedInvertVialID,mixedInvertVialCode,chironomidVialID,chironomidVialCode,oligochaeteVialID,oligochaeteVialCode,largeInvertVialID,largeInvertVialCode,testProtocolVersion,primaryMatrix,preRinseVolume,postRinseVolume,subsamplePercent,qcSortingEfficacy,qcIterationCount,qcPercentSimilarity,laboratoryName,sortedBy,qcSortedBy,benchRemarks,dataQF,qcEnumerationDifference,qcTaxonomicDifference
"1edd912c-d704-4c3e-9a21-da10094f41c5","D18","OKSR","OKSR.AOS.reach","2019-08-12T23:02Z","2020-02-24","2020-02-24","OKSR.20190812.SURBER.2","A00000028786","OKSR.20190812.SURBER.2",,,,,,,,"RHITHRON_Macroinvertebrate_Identification_Revision1","fine organic",,,100.0,93.3,1,,"Rhithron Associates, Inc.","3hsarqkn53DnTHf+v6UBHA==","FtcfAjYRHgtys5Ba7LiLag==",,,,
"5628838a-c94d-44d8-8cb7-ae11522b5926","D18","OKSR","OKSR.AOS.reach","2019-08-12T23:02Z","2020-02-24","2020-02-24","OKSR.20190812.SURBER.1","A00000028809","OKSR.20190812.SURBER.1",,,,,,,,"RHITHRON_Macroinvertebrate_Identification_Revision1","fine organic",,,100.0,92.9,1,,"Rhithron Associates, Inc.","kcNHfEa00olgOMivYV39aQ==","3hsarqkn53DnTHf+v6UBHA==",,,,
"0c9865df-9f5a-429d-9f42-33f52ce8e128","D18","OKSR","OKSR.AOS.reach","2019-08-12T23:02Z","2020-02-25","2020-02-25","OKSR.20190812.KICKNET.3","A00000027889","OKSR.20190812.KICKNET.3",,,,,,,,"RHITHRON_Macroinvertebrate_Identification_Revision1","coarse organic",,,70.0,90.2,1,,"Rhithron Associates, Inc.","XlCRh6Ap9QNgux7KJv6yrw==","3hsarqkn53DnTHf+v6UBHA==",,,0.3,2.6
"1d0280f9-ff5c-4458-a207-7cd508981692","D18","OKSR","OKSR.AOS.reach","2019-08-12T23:02Z","2020-02-25","2020-02-25","OKSR.20190812.KICKNET.1","A00000028770","OKSR.20190812.KICKNET.1",,,,,,,,"RHITHRON_Macroinvertebrate_Identification_Revision1","fine organic",,,67.0,98.8,1,,"Rhithron Associates, Inc.","egCH3wedmfhvZrvQbyFP8Q==","FtcfAjYRHgtys5Ba7LiLag==",,,0.2,4.1
"db2bf700-58df-416c-833f-7cb801a72d6b","D18","OKSR","OKSR.AOS.reach","2019-08-12T23:02Z","2020-02-24","2020-02-24","OKSR.20190812.SURBER.3","A00000028792","OKSR.20190812.SURBER.3",,,,,,,,"RHITHRON_Macroinvertebrate_Identification_Revision1","fine organic",,,100.0,93.0,1,,"Rhithron Associates, Inc.","FtcfAjYRHgtys5Ba7LiLag==","3hsarqkn53DnTHf+v6UBHA==",,,,
"8ffaf6dc-2e2a-4dbb-8db9-8900d48da091","D18","OKSR","OKSR.AOS.reach","2019-08-12T23:02Z","2020-02-25","2020-02-25","OKSR.20190812.KICKNET.5","A00000027887","OKSR.20190812.KICKNET.5",,,,,,,,"RHITHRON_Macroinvertebrate_Identification_Revision1","fine organic",,,33.0,97.7,1,,"Rhithron Associates, Inc.","WO1ROMpMI5UERdFobeLniw==","3hsarqkn53DnTHf+v6UBHA==",,,,
"56387f4a-82a8-4d6b-829e-d682e6f4008d","D18","OKSR","OKSR.AOS.reach","2019-08-12T23:02Z","2020-02-24","2020-02-24","OKSR.20190812.KICKNET.4","A00000028774","OKSR.20190812.KICKNET.4",,,,,,,,"RHITHRON_Macroinvertebrate_Identification_Revision1","filamentous algae",,,33.0,96.5,1,,"Rhithron Associates, Inc.","LOdFES9HN1w=","FtcfAjYRHgtys5Ba7LiLag==",,,,
"ab883072-a0b8-4e76-9581-298af969e1c1","D18","OKSR","OKSR.AOS.reach","2019-08-12T23:02Z","2020-02-24","2020-02-24","OKSR.20190812.KICKNET.2","A00000027876","OKSR.20190812.KICKNET.2",,,,,,,,"RHITHRON_Macroinvertebrate_Identification_Revision1","other (specified in remarks)",,,100.0,94.1,1,,"Rhithron Associates, Inc.","FtcfAjYRHgtys5Ba7LiLag==","kcNHfEa00olgOMivYV39aQ==","fine inorganic",,,
