uid,domainID,siteID,namedLocation,decimalLatitude,decimalLongitude,coordinateUncertainty,geodeticDatum,elevation,elevationUncertainty,aquaticSiteType,collectDate,eventID,boutNumber,sampleID,sampleCode,sampleCondition,geneticSampleID,geneticSampleCode,geneticSampleCond,samplingProtocolVersion,samplingImpractical,biophysicalCriteria,habitatType,samplerType,sampleNumber,substratumSizeClass,benthicArea,ponarDepth,snagLength,snagDiameter,dnaSnagLength,dnaSnagDiameter,remarks,recordedBy,collectedBy,dataQF
"18407ff4-35a2-4183-be19-f1ba5de89170","D18","OKSR","OKSR.AOS.reach",68.669753,-149.143018,1000.0,"WGS84",766.0,1000.0,"stream","2019-08-12T23:02Z","OKSR.20190812",3,"OKSR.20190812.KICKNET.1","A00000028770",,"OKSR.20190812.KICKNET.1.DNA","A00000028812",,"NEON.DOC.003046vC",,,"run","modifiedKicknet",1,"cobble",0.250,,,,,,,"0000-0001-5131-1181","0000-0003-1651-3911",
"a896e87a-4342-44f6-9cd3-7acfb6f8fc6b","D18","OKSR","OKSR.AOS.reach",68.669753,-149.143018,1000.0,"WGS84",766.0,1000.0,"stream","2019-08-12T23:02Z","OKSR.20190812",3,"OKSR.20190812.SURBER.1","A00000028809",,,,,"NEON.DOC.003046vC",,,"riffle","surber",1,"cobble",0.093,,,,,,,"0000-0001-5131-1181","0000-0003-1651-3911",
"864febd5-479e-40bb-9c81-a78f35dea8b7","D18","OKSR","OKSR.AOS.reach",68.669753,-149.143018,1000.0,"WGS84",766.0,1000.0,"stream","2019-08-12T23:02Z","OKSR.20190812",3,"OKSR.20190812.KICKNET.3","A00000027889",,"OKSR.20190812.KICKNET.3.DNA","A00000028803",,"NEON.DOC.003046vC",,,"run","modifiedKicknet",3,"cobble",0.250,,,,,,,"0000-0001-5131-1181","0000-0003-1651-3911",
"6af136ca-9a80-4d2e-abc2-2670318e8f9f","D18","OKSR","OKSR.AOS.reach",68.669753,-149.143018,1000.0,"WGS84",766.0,1000.0,"stream","2019-08-12T23:02Z","OKSR.20190812",3,"OKSR.20190812.KICKNET.2","A00000027876",,,,,"NEON.DOC.003046vC",,,"run","modifiedKicknet",2,"cobble",0.250,,,,,,,"0000-0001-5131-1181","0000-0003-1651-3911",
"f65f9ff6-f314-4556-ad97-bcc36bb91437","D18","OKSR","OKSR.AOS.reach",68.669753,-149.143018,1000.0,"WGS84",766.0,1000.0,"stream","2019-08-12T23:02Z","OKSR.20190812",3,"OKSR.20190812.SURBER.2","A00000028786",,,,,"NEON.DOC.003046vC",,,"riffle","surber",2,"cobble",0.093,,,,,,,"0000-0001-5131-1181","0000-0003-1651-3911",
"46707dbd-df48-49b0-ac59-70db70d43f87","D18","OKSR","OKSR.AOS.reach",68.669753,-149.143018,1000.0,"WGS84",766.0,1000.0,"stream","2019-08-12T23:02Z","OKSR.20190812",3,"OKSR.20190812.KICKNET.4","A00000028774",,"OKSR.20190812.KICKNET.4.DNA","A00000028807",,"NEON.DOC.003046vC",,,"run","modifiedKicknet",4,"cobble",0.250,,,,,,,"0000-0001-5131-1181","0000-0003-1651-3911",
"5b008a5d-dc19-408b-b609-93085a322202","D18","OKSR","OKSR.AOS.reach",68.669753,-149.143018,1000.0,"WGS84",766.0,1000.0,"stream","2019-08-12T23:02Z","OKSR.20190812",3,"OKSR.20190812.SURBER.3","A00000028792",,,,,"NEON.DOC.003046vC",,,"riffle","surber",3,"boulder",0.093,,,,,,,"0000-0001-5131-1181","0000-0003-1651-3911",
"b937ed9a-a80a-43e4-aedf-9c0304d5c0d5","D18","OKSR","OKSR.AOS.reach",68.669753,-149.143018,1000.0,"WGS84",766.0,1000.0,"stream","2019-08-12T23:02Z","OKSR.20190812",3,"OKSR.20190812.KICKNET.5","A00000027887",,,,,"NEON.DOC.003046vC",,,"run","modifiedKicknet",5,"cobble",0.250,,,,,,,"0000-0001-5131-1181","0000-0003-1651-3911",
