uid,domainID,siteID,namedLocation,startDate,collectDate,sampleID,sampleCode,slideID,slideCode,scientificName,morphospeciesID,referenceCount,referenceID,referenceCode,archiveLabSampleMedium,laboratoryName,dataQF
"a818da02-e2c1-46a4-b35b-5ba7e58662ee","D18","OKSR","OKSR.AOS.reach","2019-08-12T23:02Z","2019-08-12T23:02Z","OKSR.20190812.KICKNET.4","A00000028774",,,"Alaskaperla ovibovis",,2,"V342",,,"Rhithron Associates, Inc.",
"c6687776-7394-4dd1-beab-70044cc0625d","D18","OKSR","OKSR.AOS.reach","2019-08-12T23:02Z","2019-08-12T23:02Z","OKSR.20190812.SURBER.3","A00000028792",,,"Helodon sp.",,1,"V344",,,"Rhithron Associates, Inc.",
"d6f27ad4-bc01-4091-bb16-7d31bc49e3d0","D18","OKSR","OKSR.AOS.reach","2019-08-12T23:02Z","2019-08-12T23:02Z","OKSR.20190812.KICKNET.3","A00000027889",,,"Muscidae sp.",,1,"V348",,,"Rhithron Associates, Inc.",
"ef6d01b1-098c-46ef-8f01-d2e1e587679f","D18","OKSR","OKSR.AOS.reach","2019-08-12T23:02Z","2019-08-12T23:02Z","OKSR.20190812.SURBER.3","A00000028792",,,"Acentrella lapponica",,1,"V343",,,"Rhithron Associates, Inc.",
