uid,domainID,siteID,namedLocation,collectDate,identifiedDate,sampleID,sampleCode,slideID,taxonID,targetTaxaPresent,scientificName,morphospeciesID,taxonRank,phylum,subphylum,class,subclass,infraclass,superorder,order,suborder,infraorder,superfamily,family,subfamily,tribe,subtribe,genus,specificEpithet,infraspecificEpithet,invertebrateLifeStage,sizeClass,sizeCategory,individualCount,subsamplePercent,estimatedTotalCount,immatureSpecimen,indeterminateSpecies,sampleCondition,distinctTaxon,taxonDatabaseID,taxonDatabaseName,identificationQualifier,identificationReferences,qcChecked,laboratoryName,identifiedBy,identificationRemarks,dataQF
"de1c38b8-86e5-48b0-87d2-ec01ad5243f3","D08","MAYF","MAYF.AOS.reach","2019-03-11T15:00Z","2019-07-12","MAYF.20190311.SNAG.5","A00000048463",,"TANSP11","Y","Tanytarsus sp.",,,"Arthropoda",,,,,,,,,,,,,,,,,"larva",1,,3,100,3,"N","N","condition OK","Y",,,,"Weiderholm, 1983; Weiderholm, 1986; Epler 2001; Ferrington et al. 2019; Andersen, Cranston and Epler 2013","N","Rhithron Associates, Inc.","R. Spring",,
"96df232b-fd7c-414c-9680-45981573a26a","D08","MAYF","MAYF.AOS.reach","2019-03-11T15:00Z","2019-07-15","MAYF.20190311.CORE.3","A00000048638",,"STISP2","Y","Stictochironomus sp.",,,"Arthropoda",,,,,,,,,,,,,,,,,"larva",11,,1,100,1,"N","N","condition OK","Y",,,,"Weiderholm, 1983; Weiderholm, 1986; Epler 2001; Ferrington et al. 2019; Andersen, Cranston and Epler 2013","N","Rhithron Associates, Inc.","A. Fasbender",,
"8cec728a-30fd-464a-9d92-90ee8fc8d908","D08","MAYF","MAYF.AOS.reach","2019-03-11T15:00Z","2019-07-12","MAYF.20190311.SNAG.4","A00000048462",,"ANCVAR1","Y","Ancyronyx variegatus",,,"Arthropoda",,,,,,,,,,,,,,,,,"larva",3,,1,100,1,"N","N","condition OK","Y",,,,"Merritt et al. 2019","N","Rhithron Associates, Inc.","B. Moore",,
"8afbade3-8160-4df3-9d14-60fc019e79a0","D08","MAYF","MAYF.AOS.reach","2019-03-11T15:00Z","2019-07-12","MAYF.20190311.SNAG.5","A00000048463",,"RHESP1","Y","Rheocricotopus sp.",,,"Arthropoda",,,,,,,,,,,,,,,,,"larva",2,,2,100,2,"N","N","condition OK","Y",,,,"Weiderholm, 1983; Weiderholm, 1986; Epler 2001; Ferrington et al. 2019; Andersen, Cranston and Epler 2013","N","Rhithron Associates, Inc.","R. Spring",,
"fd70694c-e5ea-45d9-b0d6-388784bc8248","D08","MAYF","MAYF.AOS.reach","2019-03-11T15:00Z","2019-07-15","MAYF.20190311.SNAG.4","A00000048462",,"CORSP19","Y","Corynoneura sp.",,,"Arthropoda",,,,,,,,,,,,,,,,,"larva",2,,1,100,1,"N","N","condition OK","Y",,,,"Weiderholm, 1983; Weiderholm, 1986; Epler 2001; Ferrington et al. 2019; Andersen, Cranston and Epler 2013","N","Rhithron Associates, Inc.","R. Spring",,
"45523afb-8c66-4b3c-ae2a-a97354f5ce07","D08","MAYF","MAYF.AOS.reach","2019-03-11T15:00Z","2019-07-15","MAYF.20190311.SNAG.1","A00000048459",,"CRYSP2","Y","Cryptochironomus sp.",,,"Arthropoda",,,,,,,,,,,,,,,,,"larva",2,,1,33,3,"N","N","condition OK","Y",,,,"Weiderholm, 1983; Weiderholm, 1986; Epler 2001; Ferrington et al. 2019; Andersen, Cranston and Epler 2013","N","Rhithron Associates, Inc.","A. Fasbender","Reference Collection(1)",
"85c5530b-aad8-4b5e-8d1d-361707b5a8bd","D08","MAYF","MAYF.AOS.reach","2019-03-11T15:00Z","2019-07-12","MAYF.20190311.SNAG.5","A00000048463",,"PERSP6","Y","Perlesta sp.",,,"Arthropoda",,,,,,,,,,,,,,,,,"larva",2,,1,100,1,"N","N","condition OK","Y",,,,"Stewart and Stark 2002; Merritt et al. 2019","N","Rhithron Associates, Inc.","B. Moore",,
"ff09db16-8cd5-4285-bd48-aec138df9ba7","D08","MAYF","MAYF.AOS.reach","2019-03-11T15:00Z","2019-07-12","MAYF.20190311.SNAG.5","A00000048463",,"CORSP19","Y","Corynoneura sp.",,,"Arthropoda",,,,,,,,,,,,,,,,,"larva",1,,3,100,3,"N","N","condition OK","Y",,,,"Weiderholm, 1983; Weiderholm, 1986; Epler 2001; Ferrington et al. 2019; Andersen, Cranston and Epler 2013","N","Rhithron Associates, Inc.","R. Spring",,
"a11dc04a-444f-4f05-ac32-9aca0ee84146","D08","MAYF","MAYF.AOS.reach","2019-03-11T15:00Z","2019-07-12","MAYF.20190311.SNAG.4","A00000048462",,"STESP6","Y","Stenelmis sp.",,,"Arthropoda",,,,,,,,,,,,,,,,,"larva",2,,5,100,5,"N","N","condition OK","Y",,,,"Brown 1972; Merritt et al. 2019","N","Rhithron Associates, Inc.","B. Moore",,
"68558d02-549f-4968-b912-5f5c9af2eef7","D08","MAYF","MAYF.AOS.reach","2019-03-11T15:00Z","2019-07-15","MAYF.20190311.CORE.3","A00000048638",,"RHESP4","Y","Rheosmittia sp.",,,"Arthropoda",,,,,,,,,,,,,,,,,"larva",2,,2,100,2,"N","N","condition OK","Y",,,,"Weiderholm, 1983; Weiderholm, 1986; Epler 2001; Ferrington et al. 2019; Andersen, Cranston and Epler 2013","N","Rhithron Associates, Inc.","A. Fasbender",,
"79a1b85f-19ba-4042-84a5-6da7fd54e9c5","D08","MAYF","MAYF.AOS.reach","2019-03-11T15:00Z","2019-07-12","MAYF.20190311.SNAG.4","A00000048462",,"MACMOD","Y","Maccaffertium modestum",,,"Arthropoda",,,,,,,,,,,,,,,,,"larva",8,,1,100,1,"N","N","condition OK","Y",,,,"Bednarik and McCafferty 1979","N","Rhithron Associates, Inc.","B. Moore","Reference Collection(1)",
"a53966c9-b544-4fe7-91ea-1d03cbf082f4","D08","MAYF","MAYF.AOS.reach","2019-03-11T15:00Z","2019-07-15","MAYF.20190311.SNAG.2","A00000048636",,"CORSP19","Y","Corynoneura sp.",,,"Arthropoda",,,,,,,,,,,,,,,,,"larva",1,,8,100,8,"N","N","condition OK","Y",,,,"Weiderholm, 1983; Weiderholm, 1986; Epler 2001; Ferrington et al. 2019; Andersen, Cranston and Epler 2013","N","Rhithron Associates, Inc.","R. Spring",,
"e2211fdb-0cf7-4f00-a3a3-36fe32e3ccb1","D08","MAYF","MAYF.AOS.reach","2019-03-11T15:00Z","2019-07-15","MAYF.20190311.SNAG.1","A00000048459",,"STESP8","Y","Stenochironomus sp.",,,"Arthropoda",,,,,,,,,,,,,,,,,"larva",6,,3,33,9,"N","N","condition OK","Y",,,,"Weiderholm, 1983; Weiderholm, 1986; Epler 2001; Ferrington et al. 2019; Andersen, Cranston and Epler 2013","N","Rhithron Associates, Inc.","A. Fasbender",,
"367c5e43-cfe9-41bc-92f2-003a69887a4c","D08","MAYF","MAYF.AOS.reach","2019-03-11T15:00Z","2019-07-12","MAYF.20190311.CORE.3","A00000048638",,"COLSP1","Y","Collembola sp.",,,"Arthropoda",,,,,,,,,,,,,,,,,"none",1,,3,100,3,"N","N","condition OK","Y",,,,"Merritt et al. 2019","N","Rhithron Associates, Inc.","R. Spring",,
"86d29ae3-d4b7-4af8-ac82-9ec9ba4b3052","D08","MAYF","MAYF.AOS.reach","2019-03-11T15:00Z","2019-07-15","MAYF.20190311.SNAG.3","A00000048637",,"POLAVI","Y","Polypedilum aviceps",,,"Arthropoda",,,,,,,,,,,,,,,,,"larva",2,,24,100,24,"N","N","condition OK","Y",,,,"Weiderholm, 1983; Weiderholm, 1986; Epler 2001; Ferrington et al. 2019; Andersen, Cranston and Epler 2013","N","Rhithron Associates, Inc.","R. Spring",,
"2549ea5e-0ec5-433e-815d-811b8e1a1421","D08","MAYF","MAYF.AOS.reach","2019-03-11T15:00Z","2019-07-12","MAYF.20190311.SNAG.4","A00000048462",,"PRILON","Y","Pristina longiseta",,,"Annelida",,,,,,,,,,,,,,,,,"none",1,,1,100,1,"N","N","condition OK","Y",,,,"Kathman and Brinkhurst, 1999","N","Rhithron Associates, Inc.","A. Fasbender","Reference Collection(1)",
"b983c726-a205-4c03-848f-63d1398e5826","D08","MAYF","MAYF.AOS.reach","2019-03-11T15:00Z","2019-07-12","MAYF.20190311.SNAG.2","A00000048636",,"LEUSP2","Y","Leuctridae sp.",,,"Arthropoda",,,,,,,,,,,,,,,,,"larva",4,,1,100,1,"Y","N","condition OK","Y",,,,"Stewart and Stark 2002; Merritt et al. 2019","N","Rhithron Associates, Inc.","B. Moore",,
"0d6232d4-a35d-4cf7-a592-a4cbba371d85","D08","MAYF","MAYF.AOS.reach","2019-03-11T15:00Z","2019-07-15","MAYF.20190311.SNAG.3","A00000048637",,"RHEEXI","Y","Rheotanytarsus exiguus gr.",,,"Arthropoda",,,,,,,,,,,,,,,,,"larva",2,,1,100,1,"N","N","condition OK","Y",,,,"Weiderholm, 1983; Weiderholm, 1986; Epler 2001; Ferrington et al. 2008; Andersen, Cranston and Epler 2013","N","Rhithron Associates, Inc.","R. Spring",,
"0a4be265-9a5e-475e-a39e-94357ef23043","D08","MAYF","MAYF.AOS.reach","2019-03-11T15:00Z","2019-07-15","MAYF.20190311.SNAG.4","A00000048462",,"RHEEXI","Y","Rheotanytarsus exiguus gr.",,,"Arthropoda",,,,,,,,,,,,,,,,,"larva",2,,1,100,1,"N","N","condition OK","Y",,,,"Weiderholm, 1983; Weiderholm, 1986; Epler 2001; Ferrington et al. 2008; Andersen, Cranston and Epler 2013","N","Rhithron Associates, Inc.","R. Spring",,
"406cc959-e2cf-4f1d-9020-47f6c2a29e28","D08","MAYF","MAYF.AOS.reach","2019-03-11T15:00Z","2019-07-15","MAYF.20190311.SNAG.1","A00000048459",,"PSESP19","Y","Psectrocladius sp.",,,"Arthropoda",,,,,,,,,,,,,,,,,"pupa",2,,2,33,6,"N","N","condition OK","Y",,,,"Weiderholm, 1983; Weiderholm, 1986; Epler 2001; Ferrington et al. 2019; Andersen, Cranston and Epler 2013","N","Rhithron Associates, Inc.","A. Fasbender","Reference Collection(1)",
"bad895e8-edb9-4565-adbb-9cc5aa32e047","D08","MAYF","MAYF.AOS.reach","2019-03-11T15:00Z","2019-07-15","MAYF.20190311.SNAG.4","A00000048462",,"RHESP1","Y","Rheocricotopus sp.",,,"Arthropoda",,,,,,,,,,,,,,,,,"larva",2,,4,100,4,"N","N","condition OK","Y",,,,"Weiderholm, 1983; Weiderholm, 1986; Epler 2001; Ferrington et al. 2019; Andersen, Cranston and Epler 2013","N","Rhithron Associates, Inc.","R. Spring",,
"437096de-954a-4a5d-b37d-5d8e6b46d35f","D08","MAYF","MAYF.AOS.reach","2019-03-11T15:00Z","2019-07-15","MAYF.20190311.SNAG.1","A00000048459",,"STESP8","Y","Stenochironomus sp.",,,"Arthropoda",,,,,,,,,,,,,,,,,"larva",7,,6,33,18,"N","N","condition OK","Y",,,,"Weiderholm, 1983; Weiderholm, 1986; Epler 2001; Ferrington et al. 2019; Andersen, Cranston and Epler 2013","N","Rhithron Associates, Inc.","A. Fasbender",,
"120a60af-8fb5-4a64-ac4d-0ebe057b34f9","D08","MAYF","MAYF.AOS.reach","2019-03-11T15:00Z","2019-07-15","MAYF.20190311.SNAG.1","A00000048459",,"STESP8","Y","Stenochironomus sp.",,,"Arthropoda",,,,,,,,,,,,,,,,,"larva",9,,15,33,45,"N","N","condition OK","Y",,,,"Weiderholm, 1983; Weiderholm, 1986; Epler 2001; Ferrington et al. 2019; Andersen, Cranston and Epler 2013","N","Rhithron Associates, Inc.","A. Fasbender",,
"d63daaf1-79e9-4c20-aa96-c2551db7086b","D08","MAYF","MAYF.AOS.reach","2019-03-11T15:00Z","2019-07-12","MAYF.20190311.SNAG.5","A00000048463",,"STESP8","Y","Stenochironomus sp.",,,"Arthropoda",,,,,,,,,,,,,,,,,"larva",5,,1,100,1,"N","N","condition OK","Y",,,,"Weiderholm, 1983; Weiderholm, 1986; Epler 2001; Ferrington et al. 2019; Andersen, Cranston and Epler 2013","N","Rhithron Associates, Inc.","R. Spring",,
"85514ac6-87e1-48cb-89da-daa81f67ef5f","D08","MAYF","MAYF.AOS.reach","2019-03-11T15:00Z","2019-07-15","MAYF.20190311.SNAG.1","A00000048459",,"CHISP6","Y","Chironomini sp.",,,"Arthropoda",,,,,,,,,,,,,,,,,"larva",1,,1,33,3,"Y","N","condition OK","N",,,,"Weiderholm, 1983; Weiderholm, 1986; Epler 2001; Ferrington et al. 2019; Andersen, Cranston and Epler 2013","N","Rhithron Associates, Inc.","A. Fasbender",,
"402b2a10-00a9-4e6a-91ea-903d6f35a07f","D08","MAYF","MAYF.AOS.reach","2019-03-11T15:00Z","2019-07-15","MAYF.20190311.SNAG.4","A00000048462",,"RHESP1","Y","Rheocricotopus sp.",,,"Arthropoda",,,,,,,,,,,,,,,,,"larva",3,,3,100,3,"N","N","condition OK","Y",,,,"Weiderholm, 1983; Weiderholm, 1986; Epler 2001; Ferrington et al. 2019; Andersen, Cranston and Epler 2013","N","Rhithron Associates, Inc.","R. Spring",,
"3021af1d-3cbd-4ecf-bacb-ad8f1065d25b","D08","MAYF","MAYF.AOS.reach","2019-03-11T15:00Z","2019-07-15","MAYF.20190311.CORE.3","A00000048638",,"RHESP4","Y","Rheosmittia sp.",,,"Arthropoda",,,,,,,,,,,,,,,,,"larva",1,,3,100,3,"N","N","condition OK","Y",,,,"Weiderholm, 1983; Weiderholm, 1986; Epler 2001; Ferrington et al. 2019; Andersen, Cranston and Epler 2013","N","Rhithron Associates, Inc.","A. Fasbender",,
"5c8c423b-cd34-4906-ba5f-186180860c9b","D08","MAYF","MAYF.AOS.reach","2019-03-11T15:00Z","2019-07-15","MAYF.20190311.SNAG.2","A00000048636",,"PARSP26","Y","Parametriocnemus sp.",,,"Arthropoda",,,,,,,,,,,,,,,,,"larva",2,,1,100,1,"N","N","condition OK","Y",,,,"Weiderholm, 1983; Weiderholm, 1986; Epler 2001; Ferrington et al. 2019; Andersen, Cranston and Epler 2013","N","Rhithron Associates, Inc.","R. Spring",,
"b18ed089-55df-40c9-a3ee-ee6b82ab04d7","D08","MAYF","MAYF.AOS.reach","2019-03-11T15:00Z","2019-07-12","MAYF.20190311.SNAG.4","A00000048462",,"CERSP10","Y","Ceratopogoninae sp.",,,"Arthropoda",,,,,,,,,,,,,,,,,"larva",3,,5,100,5,"N","N","condition OK","Y",,,,"Merritt et al. 2019","N","Rhithron Associates, Inc.","B. Moore",,
"af71246f-d6a9-4afe-8021-811c5f70f972","D08","MAYF","MAYF.AOS.reach","2019-03-11T15:00Z","2019-07-15","MAYF.20190311.SNAG.1","A00000048459",,"STEPER","Y","Kribiodorum perpulchrum",,,"Arthropoda",,,,,,,,,,,,,,,,,"larva",1,,1,33,3,"N","N","condition OK","Y",,,,"Weiderholm, 1983; Weiderholm, 1986; Epler 2001; Ferrington et al. 2008; Andersen, Cranston and Epler 2013","N","Rhithron Associates, Inc.","A. Fasbender",,
"1c52a128-6033-4775-9c1b-1baa32a051f0","D08","MAYF","MAYF.AOS.reach","2019-03-11T15:00Z","2019-07-12","MAYF.20190311.SNAG.5","A00000048463",,"THISP2","Y","Thienemanniella sp.",,,"Arthropoda",,,,,,,,,,,,,,,,,"larva",1,,12,100,12,"N","N","condition OK","Y",,,,"Weiderholm, 1983; Weiderholm, 1986; Epler 2001; Ferrington et al. 2019; Andersen, Cranston and Epler 2013","N","Rhithron Associates, Inc.","R. Spring",,
"25d04e81-0199-4617-8663-0c2593b34517","D08","MAYF","MAYF.AOS.reach","2019-03-11T15:00Z","2019-07-12","MAYF.20190311.SNAG.5","A00000048463",,"POLHAL","Y","Polypedilum halterale gr.",,,"Arthropoda",,,,,,,,,,,,,,,,,"larva",2,,5,100,5,"N","N","condition OK","Y",,,,"Weiderholm, 1983; Weiderholm, 1986; Epler 2001; Ferrington et al. 2008; Andersen, Cranston and Epler 2016","N","Rhithron Associates, Inc.","R. Spring",,
"b2d0e2db-2f84-4d17-8d9a-d3e18c142968","D08","MAYF","MAYF.AOS.reach","2019-03-11T15:00Z","2019-07-12","MAYF.20190311.SNAG.4","A00000048462",,"SIMSP1","Y","Simulium sp.",,,"Arthropoda",,,,,,,,,,,,,,,,,"larva",1,,1,100,1,"N","N","condition OK","Y",,,,"Adler et al. 2004; Merritt et al. 2019","N","Rhithron Associates, Inc.","B. Moore",,
"7a6d27df-af00-4600-9c65-22d8d228d6ba","D08","MAYF","MAYF.AOS.reach","2019-03-11T15:00Z","2019-07-15","MAYF.20190311.SNAG.2","A00000048636",,"THISP2","Y","Thienemanniella sp.",,,"Arthropoda",,,,,,,,,,,,,,,,,"larva",2,,4,100,4,"N","N","condition OK","Y",,,,"Weiderholm, 1983; Weiderholm, 1986; Epler 2001; Ferrington et al. 2019; Andersen, Cranston and Epler 2013","N","Rhithron Associates, Inc.","R. Spring",,
"d66d02c0-dc83-44cd-ae2c-c1d4b597f72c","D08","MAYF","MAYF.AOS.reach","2019-03-11T15:00Z","2019-07-12","MAYF.20190311.SNAG.2","A00000048636",,"TORSP6","Y","Torrenticola sp.",,,"Arthropoda",,,,,,,,,,,,,,,,,"adult",1,,3,100,3,"N","N","condition OK","Y",,,,"Thorp and Rogers 2016","N","Rhithron Associates, Inc.","B. Moore",,
"b144c6a8-1ed7-401a-a97d-c09055949270","D08","MAYF","MAYF.AOS.reach","2019-03-11T15:00Z","2019-07-12","MAYF.20190311.SNAG.3","A00000048637",,"PERSP6","Y","Perlesta sp.",,,"Arthropoda",,,,,,,,,,,,,,,,,"larva",2,,1,100,1,"N","N","condition OK","Y",,,,"Stewart and Stark 2002; Merritt et al. 2019","N","Rhithron Associates, Inc.","B. Moore","Reference Collection(1)",
"d4f1b864-806a-4ab9-b053-ed5076fdb656","D08","MAYF","MAYF.AOS.reach","2019-03-11T15:00Z","2019-07-12","MAYF.20190311.SNAG.5","A00000048463",,"NYCSP","Y","Nyctiophylax sp.",,,"Arthropoda",,,,,,,,,,,,,,,,,"larva",3,,1,100,1,"N","N","condition OK","Y",,,,"Wiggins 1996; Merritt et al. 2019","N","Rhithron Associates, Inc.","B. Moore","Reference Collection(1)",
"84d0e3ba-b51a-42fe-acb7-d23b1d73044b","D08","MAYF","MAYF.AOS.reach","2019-03-11T15:00Z","2019-07-15","MAYF.20190311.SNAG.1","A00000048459",,"STEPER","Y","Kribiodorum perpulchrum",,,"Arthropoda",,,,,,,,,,,,,,,,,"larva",3,,2,33,6,"N","N","condition OK","Y",,,,"Weiderholm, 1983; Weiderholm, 1986; Epler 2001; Ferrington et al. 2008; Andersen, Cranston and Epler 2013","N","Rhithron Associates, Inc.","A. Fasbender",,
"3c1fc0a2-9a8d-4d9a-8516-358393727931","D08","MAYF","MAYF.AOS.reach","2019-03-11T15:00Z","2019-07-15","MAYF.20190311.CORE.3","A00000048638",,"POLHAL","Y","Polypedilum halterale gr.",,,"Arthropoda",,,,,,,,,,,,,,,,,"larva",3,,5,100,5,"N","N","condition OK","Y",,,,"Weiderholm, 1983; Weiderholm, 1986; Epler 2001; Ferrington et al. 2008; Andersen, Cranston and Epler 2016","N","Rhithron Associates, Inc.","A. Fasbender",,
"2c49ff39-960a-4df9-8d27-d31f39495164","D08","MAYF","MAYF.AOS.reach","2019-03-11T15:00Z","2019-07-15","MAYF.20190311.SNAG.3","A00000048637",,"THISP2","Y","Thienemanniella sp.",,,"Arthropoda",,,,,,,,,,,,,,,,,"larva",1,,1,100,1,"N","N","condition OK","Y",,,,"Weiderholm, 1983; Weiderholm, 1986; Epler 2001; Ferrington et al. 2019; Andersen, Cranston and Epler 2013","N","Rhithron Associates, Inc.","R. Spring",,
"a611a506-3d2c-4ffc-96f0-f2165a74eeae","D08","MAYF","MAYF.AOS.reach","2019-03-11T15:00Z","2019-07-12","MAYF.20190311.SNAG.1","A00000048459",,"HYGSP2","Y","Hygrobates sp.",,,"Arthropoda",,,,,,,,,,,,,,,,,"adult",1,,1,33,3,"N","N","condition OK","Y",,,,"Thorp and Rogers 2016","N","Rhithron Associates, Inc.","B. Moore",,
"2ed26b0f-07d0-4cfe-938a-15272aa75e07","D08","MAYF","MAYF.AOS.reach","2019-03-11T15:00Z","2019-07-15","MAYF.20190311.SNAG.1","A00000048459",,"RHESP1","Y","Rheocricotopus sp.",,,"Arthropoda",,,,,,,,,,,,,,,,,"larva",1,,33,33,100,"N","N","condition OK","Y",,,,"Weiderholm, 1983; Weiderholm, 1986; Epler 2001; Ferrington et al. 2019; Andersen, Cranston and Epler 2013","N","Rhithron Associates, Inc.","A. Fasbender",,
"c79b9dfa-9832-42ad-a868-58f48d897711","D08","MAYF","MAYF.AOS.reach","2019-03-11T15:00Z","2019-07-15","MAYF.20190311.SNAG.3","A00000048637",,"THISP2","Y","Thienemanniella sp.",,,"Arthropoda",,,,,,,,,,,,,,,,,"larva",2,,1,100,1,"N","N","condition OK","Y",,,,"Weiderholm, 1983; Weiderholm, 1986; Epler 2001; Ferrington et al. 2019; Andersen, Cranston and Epler 2013","N","Rhithron Associates, Inc.","R. Spring",,
"416ccdbe-0825-4d77-ba3f-adbbd4c37585","D08","MAYF","MAYF.AOS.reach","2019-03-11T15:00Z","2019-07-15","MAYF.20190311.SNAG.3","A00000048637",,"PARSP26","Y","Parametriocnemus sp.",,,"Arthropoda",,,,,,,,,,,,,,,,,"larva",1,,3,100,3,"N","N","condition OK","Y",,,,"Weiderholm, 1983; Weiderholm, 1986; Epler 2001; Ferrington et al. 2019; Andersen, Cranston and Epler 2013","N","Rhithron Associates, Inc.","R. Spring",,
"da8ef3dd-5de4-4110-924b-752880624783","D08","MAYF","MAYF.AOS.reach","2019-03-11T15:00Z","2019-07-12","MAYF.20190311.SNAG.3","A00000048637",,"ENCSP1","Y","Enchytraeidae sp.",,,"Annelida",,,,,,,,,,,,,,,,,"none",3,,2,100,2,"N","N","condition OK","Y",,,,"Kathman and Brinkhurst, 1999","N","Rhithron Associates, Inc.","A. Fasbender",,
"195b79c6-6a74-4673-a4f9-e62ab67c08f2","D08","MAYF","MAYF.AOS.reach","2019-03-11T15:00Z","2019-07-15","MAYF.20190311.SNAG.1","A00000048459",,"STESP8","Y","Stenochironomus sp.",,,"Arthropoda",,,,,,,,,,,,,,,,,"larva",11,,1,33,3,"N","N","condition OK","Y",,,,"Weiderholm, 1983; Weiderholm, 1986; Epler 2001; Ferrington et al. 2019; Andersen, Cranston and Epler 2013","N","Rhithron Associates, Inc.","A. Fasbender",,
"860f5f3f-a94d-4bf8-a32e-3767d32f91e9","D08","MAYF","MAYF.AOS.reach","2019-03-11T15:00Z","2019-07-15","MAYF.20190311.SNAG.4","A00000048462",,"UNNMUL","Y","Unniella multivirga",,,"Arthropoda",,,,,,,,,,,,,,,,,"larva",3,,1,100,1,"N","N","condition OK","Y",,,,"Weiderholm, 1983; Weiderholm, 1986; Epler 2001; Ferrington et al. 2019; Andersen, Cranston and Epler 2013","N","Rhithron Associates, Inc.","R. Spring",,
"98124ed6-fca4-45f1-98a1-7643609f5831","D08","MAYF","MAYF.AOS.reach","2019-03-11T15:00Z","2019-07-15","MAYF.20190311.SNAG.3","A00000048637",,"POLAVI","Y","Polypedilum aviceps",,,"Arthropoda",,,,,,,,,,,,,,,,,"larva",1,,4,100,4,"N","N","condition OK","Y",,,,"Weiderholm, 1983; Weiderholm, 1986; Epler 2001; Ferrington et al. 2019; Andersen, Cranston and Epler 2013","N","Rhithron Associates, Inc.","R. Spring",,
"62c4eecc-2810-41f1-9462-46c5a89f19f6","D08","MAYF","MAYF.AOS.reach","2019-03-11T15:00Z","2019-07-15","MAYF.20190311.CORE.3","A00000048638",,"POLHAL","Y","Polypedilum halterale gr.",,,"Arthropoda",,,,,,,,,,,,,,,,,"larva",4,,1,100,1,"N","N","condition OK","Y",,,,"Weiderholm, 1983; Weiderholm, 1986; Epler 2001; Ferrington et al. 2008; Andersen, Cranston and Epler 2016","N","Rhithron Associates, Inc.","A. Fasbender",,
"e52173bb-c9eb-406b-af7f-5b4dc17b7706","D08","MAYF","MAYF.AOS.reach","2019-03-11T15:00Z","2019-07-12","MAYF.20190311.SNAG.4","A00000048462",,"ENCSP1","Y","Enchytraeidae sp.",,,"Annelida",,,,,,,,,,,,,,,,,"none",4,,1,100,1,"N","N","condition OK","Y",,,,"Kathman and Brinkhurst, 1999","N","Rhithron Associates, Inc.","A. Fasbender",,
"e00d5c30-ffdf-4c58-b8b3-fbd7ecee7ce6","D08","MAYF","MAYF.AOS.reach","2019-03-11T15:00Z","2019-07-12","MAYF.20190311.SNAG.2","A00000048636",,"ATRSP3","Y","Atractides sp.",,,"Arthropoda",,,,,,,,,,,,,,,,,"adult",1,,1,100,1,"N","N","condition OK","Y",,,,"Thorp and Rogers 2016","N","Rhithron Associates, Inc.","B. Moore",,
"01cb4f63-ecac-4878-a6dc-ba8763d9f669","D08","MAYF","MAYF.AOS.reach","2019-03-11T15:00Z","2019-07-12","MAYF.20190311.SNAG.5","A00000048463",,"RHESP1","Y","Rheocricotopus sp.",,,"Arthropoda",,,,,,,,,,,,,,,,,"larva",1,,4,100,4,"N","N","condition OK","Y",,,,"Weiderholm, 1983; Weiderholm, 1986; Epler 2001; Ferrington et al. 2019; Andersen, Cranston and Epler 2013","N","Rhithron Associates, Inc.","R. Spring",,
"2b370548-7011-4368-b015-6f8f2429d7d0","D08","MAYF","MAYF.AOS.reach","2019-03-11T15:00Z","2019-07-12","MAYF.20190311.SNAG.5","A00000048463",,"TANSP8","Y","Tanytarsini sp.",,,"Arthropoda",,,,,,,,,,,,,,,,,"larva",1,,1,100,1,"Y","N","condition OK","N",,,,"Weiderholm, 1983; Weiderholm, 1986; Epler 2001; Ferrington et al. 2019; Andersen, Cranston and Epler 2013","N","Rhithron Associates, Inc.","R. Spring",,
"8137e51c-a41b-4a03-8640-ce9ea74f6218","D08","MAYF","MAYF.AOS.reach","2019-03-11T15:00Z","2019-07-15","MAYF.20190311.SNAG.1","A00000048459",,"RHESP1","Y","Rheocricotopus sp.",,,"Arthropoda",,,,,,,,,,,,,,,,,"larva",4,,17,33,52,"N","N","condition OK","Y",,,,"Weiderholm, 1983; Weiderholm, 1986; Epler 2001; Ferrington et al. 2019; Andersen, Cranston and Epler 2013","N","Rhithron Associates, Inc.","A. Fasbender",,
"b845c397-ec27-4e14-aeae-2a42643cd54a","D08","MAYF","MAYF.AOS.reach","2019-03-11T15:00Z","2019-07-15","MAYF.20190311.SNAG.1","A00000048459",,"PENSP7","Y","Pentaneura sp.",,,"Arthropoda",,,,,,,,,,,,,,,,,"larva",1,,1,33,3,"N","N","condition OK","Y",,,,"Weiderholm, 1983; Weiderholm, 1986; Epler 2001; Ferrington et al. 2019; Andersen, Cranston and Epler 2013","N","Rhithron Associates, Inc.","A. Fasbender",,
"a11f5213-86b6-4d4e-8acb-ce93f2dd08ce","D08","MAYF","MAYF.AOS.reach","2019-03-11T15:00Z","2019-07-12","MAYF.20190311.SNAG.4","A00000048462",,"ENCSP1","Y","Enchytraeidae sp.",,,"Annelida",,,,,,,,,,,,,,,,,"none",9,,1,100,1,"N","N","condition OK","Y",,,,"Kathman and Brinkhurst, 1999","N","Rhithron Associates, Inc.","A. Fasbender",,
"c8e68ab7-bf5b-4e96-b3b5-612889c85c93","D08","MAYF","MAYF.AOS.reach","2019-03-11T15:00Z","2019-07-15","MAYF.20190311.SNAG.2","A00000048636",,"THISP2","Y","Thienemanniella sp.",,,"Arthropoda",,,,,,,,,,,,,,,,,"larva",1,,2,100,2,"N","N","condition OK","Y",,,,"Weiderholm, 1983; Weiderholm, 1986; Epler 2001; Ferrington et al. 2019; Andersen, Cranston and Epler 2013","N","Rhithron Associates, Inc.","R. Spring",,
"1098f46f-08ea-40db-98a7-695d6459dbf6","D08","MAYF","MAYF.AOS.reach","2019-03-11T15:00Z","2019-07-12","MAYF.20190311.SNAG.3","A00000048637",,"ENCSP1","Y","Enchytraeidae sp.",,,"Annelida",,,,,,,,,,,,,,,,,"none",1,,2,100,2,"N","N","condition OK","Y",,,,"Kathman and Brinkhurst, 1999","N","Rhithron Associates, Inc.","A. Fasbender",,
"665ef762-59a8-4478-bde5-8728f2740416","D08","MAYF","MAYF.AOS.reach","2019-03-11T15:00Z","2019-07-15","MAYF.20190311.SNAG.3","A00000048637",,"TVESP","Y","Tvetenia sp.",,,"Arthropoda",,,,,,,,,,,,,,,,,"larva",2,,1,100,1,"N","N","condition OK","Y",,,,"Weiderholm, 1983; Weiderholm, 1986; Epler 2001; Ferrington et al. 2019; Andersen, Cranston and Epler 2013","N","Rhithron Associates, Inc.","R. Spring",,
"db504639-78f9-4d8d-95aa-dec8b8346813","D08","MAYF","MAYF.AOS.reach","2019-03-11T15:00Z","2019-07-15","MAYF.20190311.SNAG.1","A00000048459",,"STEPER","Y","Kribiodorum perpulchrum",,,"Arthropoda",,,,,,,,,,,,,,,,,"larva",5,,1,33,3,"N","N","condition OK","Y",,,,"Weiderholm, 1983; Weiderholm, 1986; Epler 2001; Ferrington et al. 2008; Andersen, Cranston and Epler 2013","N","Rhithron Associates, Inc.","A. Fasbender",,
"538a616f-8aa4-47df-b645-6f269544e255","D08","MAYF","MAYF.AOS.reach","2019-03-11T15:00Z","2019-07-15","MAYF.20190311.SNAG.3","A00000048637",,"STEPER","Y","Kribiodorum perpulchrum",,,"Arthropoda",,,,,,,,,,,,,,,,,"larva",2,,1,100,1,"N","N","condition OK","Y",,,,"Weiderholm, 1983; Weiderholm, 1986; Epler 2001; Ferrington et al. 2008; Andersen, Cranston and Epler 2013","N","Rhithron Associates, Inc.","R. Spring",,
"3b892cdd-4a5c-4017-a059-3b7aeda03622","D08","MAYF","MAYF.AOS.reach","2019-03-11T15:00Z","2019-07-15","MAYF.20190311.SNAG.2","A00000048636",,"TANSP11","Y","Tanytarsus sp.",,,"Arthropoda",,,,,,,,,,,,,,,,,"larva",3,,1,100,1,"N","N","condition OK","Y",,,,"Weiderholm, 1983; Weiderholm, 1986; Epler 2001; Ferrington et al. 2019; Andersen, Cranston and Epler 2013","N","Rhithron Associates, Inc.","R. Spring",,
"519e5e1b-c805-467d-bb90-74520c9503c9","D08","MAYF","MAYF.AOS.reach","2019-03-11T15:00Z","2019-07-15","MAYF.20190311.CORE.3","A00000048638",,"POLHAL","Y","Polypedilum halterale gr.",,,"Arthropoda",,,,,,,,,,,,,,,,,"larva",2,,1,100,1,"N","N","condition OK","Y",,,,"Weiderholm, 1983; Weiderholm, 1986; Epler 2001; Ferrington et al. 2008; Andersen, Cranston and Epler 2016","N","Rhithron Associates, Inc.","A. Fasbender",,
"7e68066c-4aa4-4cda-a096-6cf2762909c2","D08","MAYF","MAYF.AOS.reach","2019-03-11T15:00Z","2019-07-12","MAYF.20190311.SNAG.3","A00000048637",,"HYDSP5","Y","Hydroptilidae sp.",,,"Arthropoda",,,,,,,,,,,,,,,,,"larva",1,,1,100,1,"N","N","damaged, affecting taxonomy and measurement","Y",,,,"Wiggins 1996; Merritt et al. 2019","N","Rhithron Associates, Inc.","B. Moore",,
"1ba19c8f-eed5-46b4-825f-2f17b12058ad","D08","MAYF","MAYF.AOS.reach","2019-03-11T15:00Z","2019-07-12","MAYF.20190311.SNAG.2","A00000048636",,"CERSP10","Y","Ceratopogoninae sp.",,,"Arthropoda",,,,,,,,,,,,,,,,,"larva",2,,1,100,1,"N","N","condition OK","Y",,,,"Merritt et al. 2019","N","Rhithron Associates, Inc.","B. Moore",,
"af8e6999-f93a-424b-b463-6ef05c3a1192","D08","MAYF","MAYF.AOS.reach","2019-03-11T15:00Z","2019-07-12","MAYF.20190311.SNAG.4","A00000048462",,"STESP6","Y","Stenelmis sp.",,,"Arthropoda",,,,,,,,,,,,,,,,,"larva",4,,1,100,1,"N","N","condition OK","Y",,,,"Brown 1972; Merritt et al. 2019","N","Rhithron Associates, Inc.","B. Moore",,
"f346c5c4-a4ac-416b-a8e2-8ce73102c69e","D08","MAYF","MAYF.AOS.reach","2019-03-11T15:00Z","2019-07-12","MAYF.20190311.SNAG.5","A00000048463",,"TANSP11","Y","Tanytarsus sp.",,,"Arthropoda",,,,,,,,,,,,,,,,,"larva",2,,8,100,8,"N","N","condition OK","Y",,,,"Weiderholm, 1983; Weiderholm, 1986; Epler 2001; Ferrington et al. 2019; Andersen, Cranston and Epler 2013","N","Rhithron Associates, Inc.","R. Spring",,
"404b9a4a-94c7-4977-b4b6-d53bed2e58e7","D08","MAYF","MAYF.AOS.reach","2019-03-11T15:00Z","2019-07-15","MAYF.20190311.SNAG.2","A00000048636",,"POLAVI","Y","Polypedilum aviceps",,,"Arthropoda",,,,,,,,,,,,,,,,,"larva",2,,3,100,3,"N","N","condition OK","Y",,,,"Weiderholm, 1983; Weiderholm, 1986; Epler 2001; Ferrington et al. 2019; Andersen, Cranston and Epler 2013","N","Rhithron Associates, Inc.","R. Spring",,
"a1a13d94-d79a-4a77-a191-2238f734be5b","D08","MAYF","MAYF.AOS.reach","2019-03-11T15:00Z","2019-07-12","MAYF.20190311.SNAG.2","A00000048636",,"ACRSP4","Y","Acroneuria sp.",,,"Arthropoda",,,,,,,,,,,,,,,,,"larva",9,,1,100,1,"N","N","condition OK","Y",,,,"Stewart and Stark 2002; Merritt et al. 2019","N","Rhithron Associates, Inc.","B. Moore","Reference Collection(1)",
"04ecc743-23cc-4691-8698-813d48f45b2a","D08","MAYF","MAYF.AOS.reach","2019-03-11T15:00Z","2019-07-12","MAYF.20190311.SNAG.5","A00000048463",,"HEMSP4","Y","Hemerodromia sp.",,,"Arthropoda",,,,,,,,,,,,,,,,,"larva",1,,1,100,1,"N","N","condition OK","Y",,,,"Merritt et al. 2019","N","Rhithron Associates, Inc.","B. Moore","Reference Collection(1)",
"8df6eb7b-982a-4ab6-b077-49abbf75e1af","D08","MAYF","MAYF.AOS.reach","2019-03-11T15:00Z","2019-07-12","MAYF.20190311.SNAG.2","A00000048636",,"PERSP1","Y","Perlidae sp.",,,"Arthropoda",,,,,,,,,,,,,,,,,"larva",1,,2,100,2,"Y","N","condition OK","N",,,,"Stewart and Stark 2002; Merritt et al. 2019","N","Rhithron Associates, Inc.","B. Moore",,
"54564ac6-f0c4-4f3a-bf96-d3b36fb6b9ae","D08","MAYF","MAYF.AOS.reach","2019-03-11T15:00Z","2019-07-15","MAYF.20190311.SNAG.1","A00000048459",,"TANSP11","Y","Tanytarsus sp.",,,"Arthropoda",,,,,,,,,,,,,,,,,"larva",2,,19,33,58,"N","N","condition OK","Y",,,,"Weiderholm, 1983; Weiderholm, 1986; Epler 2001; Ferrington et al. 2019; Andersen, Cranston and Epler 2013","N","Rhithron Associates, Inc.","A. Fasbender",,
"c5928a4b-b1d9-4337-a039-77cd7270926d","D08","MAYF","MAYF.AOS.reach","2019-03-11T15:00Z","2019-07-15","MAYF.20190311.SNAG.3","A00000048637",,"TANSP11","Y","Tanytarsus sp.",,,"Arthropoda",,,,,,,,,,,,,,,,,"larva",3,,8,100,8,"N","N","condition OK","Y",,,,"Weiderholm, 1983; Weiderholm, 1986; Epler 2001; Ferrington et al. 2019; Andersen, Cranston and Epler 2013","N","Rhithron Associates, Inc.","R. Spring",,
"f6f5c32e-df22-4579-a466-e6a0b6467834","D08","MAYF","MAYF.AOS.reach","2019-03-11T15:00Z","2019-07-15","MAYF.20190311.SNAG.3","A00000048637",,"POLSCA","Y","Polypedilum scalaenum gr.",,,"Arthropoda",,,,,,,,,,,,,,,,,"larva",1,,4,100,4,"N","N","condition OK","Y",,,,"Weiderholm, 1983; Weiderholm, 1986; Epler 2001; Ferrington et al. 2008; Andersen, Cranston and Epler 2018","N","Rhithron Associates, Inc.","R. Spring",,
"1943b546-635a-49e4-8072-f1ef280e31fe","D08","MAYF","MAYF.AOS.reach","2019-03-11T15:00Z","2019-07-12","MAYF.20190311.SNAG.5","A00000048463",,"THIGRO","Y","Thienemannimyia gr.",,,"Arthropoda",,,,,,,,,,,,,,,,,"larva",1,,2,100,2,"Y","N","condition OK","Y",,,,"Weiderholm, 1983; Weiderholm, 1986; Epler 2001; Ferrington et al. 2008; Andersen, Cranston and Epler 2017","N","Rhithron Associates, Inc.","R. Spring",,
"6d9004e2-5ae4-4fe4-8884-d6403e9c0b6c","D08","MAYF","MAYF.AOS.reach","2019-03-11T15:00Z","2019-07-12","MAYF.20190311.SNAG.3","A00000048637",,"ENCSP1","Y","Enchytraeidae sp.",,,"Annelida",,,,,,,,,,,,,,,,,"none",5,,1,100,1,"N","N","condition OK","Y",,,,"Kathman and Brinkhurst, 1999","N","Rhithron Associates, Inc.","A. Fasbender",,
"59436ab2-131b-408e-8ecb-9ae5ff591d76","D08","MAYF","MAYF.AOS.reach","2019-03-11T15:00Z","2019-07-12","MAYF.20190311.SNAG.3","A00000048637",,"STESP6","Y","Stenelmis sp.",,,"Arthropoda",,,,,,,,,,,,,,,,,"adult",3,,1,100,1,"N","N","condition OK","Y",,,,"Brown 1972; Merritt et al. 2019","N","Rhithron Associates, Inc.","B. Moore",,
"0fa8fe70-6922-4ed7-a2c2-74387af25024","D08","MAYF","MAYF.AOS.reach","2019-03-11T15:00Z","2019-07-12","MAYF.20190311.SNAG.4","A00000048462",,"COLSP1","Y","Collembola sp.",,,"Arthropoda",,,,,,,,,,,,,,,,,"none",1,,1,100,1,"N","N","condition OK","Y",,,,"Merritt et al. 2019","N","Rhithron Associates, Inc.","B. Moore","Reference Collection(1)",
"418377e2-51bc-40d8-be49-7bcde27ac196","D08","MAYF","MAYF.AOS.reach","2019-03-11T15:00Z","2019-07-15","MAYF.20190311.SNAG.4","A00000048462",,"PARSP26","Y","Parametriocnemus sp.",,,"Arthropoda",,,,,,,,,,,,,,,,,"larva",3,,1,100,1,"N","N","condition OK","Y",,,,"Weiderholm, 1983; Weiderholm, 1986; Epler 2001; Ferrington et al. 2019; Andersen, Cranston and Epler 2013","N","Rhithron Associates, Inc.","R. Spring",,
"eb8c82bb-73a6-43bf-879b-cd13c930cea1","D08","MAYF","MAYF.AOS.reach","2019-03-11T15:00Z","2019-07-15","MAYF.20190311.SNAG.4","A00000048462",,"PARSP26","Y","Parametriocnemus sp.",,,"Arthropoda",,,,,,,,,,,,,,,,,"larva",1,,1,100,1,"N","N","condition OK","Y",,,,"Weiderholm, 1983; Weiderholm, 1986; Epler 2001; Ferrington et al. 2019; Andersen, Cranston and Epler 2013","N","Rhithron Associates, Inc.","R. Spring",,
"5a09e154-c749-4bbd-8af5-527a8f067e94","D08","MAYF","MAYF.AOS.reach","2019-03-11T15:00Z","2019-07-12","MAYF.20190311.SNAG.4","A00000048462",,"NEMSP","Y","Nematoda sp.",,,"Nematoda",,,,,,,,,,,,,,,,,"none",2,,1,100,1,"N","N","condition OK","Y",,,,"Thorp and Rogers 2016","N","Rhithron Associates, Inc.","B. Moore",,
"c65f18bf-4ccd-4905-a1f5-1ac092201a6a","D08","MAYF","MAYF.AOS.reach","2019-03-11T15:00Z","2019-07-15","MAYF.20190311.SNAG.1","A00000048459",,"RHESP4","Y","Rheosmittia sp.",,,"Arthropoda",,,,,,,,,,,,,,,,,"pupa",1,,1,33,3,"N","N","condition OK","Y",,,,"Weiderholm, 1983; Weiderholm, 1986; Epler 2001; Ferrington et al. 2019; Andersen, Cranston and Epler 2013","N","Rhithron Associates, Inc.","A. Fasbender",,
"be4337bb-0854-4ae3-a4ca-682150ad3dae","D08","MAYF","MAYF.AOS.reach","2019-03-11T15:00Z","2019-07-12","MAYF.20190311.SNAG.1","A00000048459",,"CERSP10","Y","Ceratopogoninae sp.",,,"Arthropoda",,,,,,,,,,,,,,,,,"larva",4,,4,33,12,"N","N","condition OK","Y",,,,"Merritt et al. 2019","N","Rhithron Associates, Inc.","B. Moore",,
"5ce43379-47a3-48f8-bf26-82344ee012fe","D08","MAYF","MAYF.AOS.reach","2019-03-11T15:00Z","2019-07-15","MAYF.20190311.SNAG.2","A00000048636",,"THIGRO","Y","Thienemannimyia gr.",,,"Arthropoda",,,,,,,,,,,,,,,,,"larva",1,,2,100,2,"Y","N","condition OK","Y",,,,"Weiderholm, 1983; Weiderholm, 1986; Epler 2001; Ferrington et al. 2008; Andersen, Cranston and Epler 2017","N","Rhithron Associates, Inc.","R. Spring",,
"c087ba53-ca99-4f52-90bc-9aeff4b1e73b","D08","MAYF","MAYF.AOS.reach","2019-03-11T15:00Z","2019-07-12","MAYF.20190311.SNAG.1","A00000048459",,"TORSP6","Y","Torrenticola sp.",,,"Arthropoda",,,,,,,,,,,,,,,,,"adult",1,,8,33,24,"N","N","condition OK","Y",,,,"Thorp and Rogers 2016","N","Rhithron Associates, Inc.","B. Moore",,
"04afd0b7-c6bb-4eb6-b672-fbcc0e034a75","D08","MAYF","MAYF.AOS.reach","2019-03-11T15:00Z","2019-07-15","MAYF.20190311.SNAG.2","A00000048636",,"TANSP11","Y","Tanytarsus sp.",,,"Arthropoda",,,,,,,,,,,,,,,,,"larva",2,,14,100,14,"N","N","condition OK","Y",,,,"Weiderholm, 1983; Weiderholm, 1986; Epler 2001; Ferrington et al. 2019; Andersen, Cranston and Epler 2013","N","Rhithron Associates, Inc.","R. Spring",,
"41369ef1-29c4-406c-ba9a-80f633f62579","D08","MAYF","MAYF.AOS.reach","2019-03-11T15:00Z","2019-07-12","MAYF.20190311.SNAG.3","A00000048637",,"DOLSP","Y","Dolichopodidae sp.",,,"Arthropoda",,,,,,,,,,,,,,,,,"larva",1,,1,100,1,"N","N","condition OK","Y",,,,"Merritt et al. 2019","N","Rhithron Associates, Inc.","B. Moore","Reference Collection(1)",
"560286a7-3ed5-4d06-874b-470d1cd7f514","D08","MAYF","MAYF.AOS.reach","2019-03-11T15:00Z","2019-07-12","MAYF.20190311.SNAG.3","A00000048637",,"ATRSP3","Y","Atractides sp.",,,"Arthropoda",,,,,,,,,,,,,,,,,"adult",1,,1,100,1,"N","N","condition OK","Y",,,,"Thorp and Rogers 2016","N","Rhithron Associates, Inc.","B. Moore",,
"7132d99e-6dd3-4092-8821-d7199ff7c1ac","D08","MAYF","MAYF.AOS.reach","2019-03-11T15:00Z","2019-07-12","MAYF.20190311.SNAG.4","A00000048462",,"CERSP10","Y","Ceratopogoninae sp.",,,"Arthropoda",,,,,,,,,,,,,,,,,"larva",2,,2,100,2,"N","N","condition OK","Y",,,,"Merritt et al. 2019","N","Rhithron Associates, Inc.","B. Moore",,
"84467d68-a511-41b7-9a39-86f74a1a324a","D08","MAYF","MAYF.AOS.reach","2019-03-11T15:00Z","2019-07-15","MAYF.20190311.SNAG.2","A00000048636",,"STESP8","Y","Stenochironomus sp.",,,"Arthropoda",,,,,,,,,,,,,,,,,"larva",6,,1,100,1,"N","N","condition OK","Y",,,,"Weiderholm, 1983; Weiderholm, 1986; Epler 2001; Ferrington et al. 2019; Andersen, Cranston and Epler 2013","N","Rhithron Associates, Inc.","R. Spring",,
"1d5ddb20-5d8e-4527-90d9-dd805bc75189","D08","MAYF","MAYF.AOS.reach","2019-03-11T15:00Z","2019-07-15","MAYF.20190311.SNAG.4","A00000048462",,"TANSP11","Y","Tanytarsus sp.",,,"Arthropoda",,,,,,,,,,,,,,,,,"larva",1,,10,100,10,"N","N","condition OK","Y",,,,"Weiderholm, 1983; Weiderholm, 1986; Epler 2001; Ferrington et al. 2019; Andersen, Cranston and Epler 2013","N","Rhithron Associates, Inc.","R. Spring",,
"c935ad8d-f8d3-4609-82c6-b0969c1bd450","D08","MAYF","MAYF.AOS.reach","2019-03-11T15:00Z","2019-07-15","MAYF.20190311.SNAG.2","A00000048636",,"THIGRO","Y","Thienemannimyia gr.",,,"Arthropoda",,,,,,,,,,,,,,,,,"larva",4,,2,100,2,"Y","N","condition OK","Y",,,,"Weiderholm, 1983; Weiderholm, 1986; Epler 2001; Ferrington et al. 2008; Andersen, Cranston and Epler 2017","N","Rhithron Associates, Inc.","R. Spring",,
"41a91a01-4054-4740-b7ef-563aa57e85f7","D08","MAYF","MAYF.AOS.reach","2019-03-11T15:00Z","2019-07-12","MAYF.20190311.SNAG.5","A00000048463",,"RHESP4","Y","Rheosmittia sp.",,,"Arthropoda",,,,,,,,,,,,,,,,,"pupa",1,,1,100,1,"N","N","condition OK","Y",,,,"Weiderholm, 1983; Weiderholm, 1986; Epler 2001; Ferrington et al. 2019; Andersen, Cranston and Epler 2013","N","Rhithron Associates, Inc.","R. Spring",,
"a537028e-152a-4783-816e-252d13dd0aa9","D08","MAYF","MAYF.AOS.reach","2019-03-11T15:00Z","2019-07-15","MAYF.20190311.SNAG.1","A00000048459",,"THISP2","Y","Thienemanniella sp.",,,"Arthropoda",,,,,,,,,,,,,,,,,"larva",2,,2,33,6,"N","N","condition OK","Y",,,,"Weiderholm, 1983; Weiderholm, 1986; Epler 2001; Ferrington et al. 2019; Andersen, Cranston and Epler 2013","N","Rhithron Associates, Inc.","A. Fasbender",,
"cd2196b4-7bd9-4c27-a3cd-e22a25f41ba7","D08","MAYF","MAYF.AOS.reach","2019-03-11T15:00Z","2019-07-15","MAYF.20190311.SNAG.4","A00000048462",,"TANSP11","Y","Tanytarsus sp.",,,"Arthropoda",,,,,,,,,,,,,,,,,"larva",2,,4,100,4,"N","N","condition OK","Y",,,,"Weiderholm, 1983; Weiderholm, 1986; Epler 2001; Ferrington et al. 2019; Andersen, Cranston and Epler 2013","N","Rhithron Associates, Inc.","R. Spring",,
"cf5d0a11-0aae-4b9b-8400-75ef179fdb13","D08","MAYF","MAYF.AOS.reach","2019-03-11T15:00Z","2019-07-15","MAYF.20190311.CORE.2","A00000048465",,"CLASP6","Y","Cladotanytarsus sp.",,,"Arthropoda",,,,,,,,,,,,,,,,,"larva",2,,1,100,1,"N","N","condition OK","Y",,,,"Weiderholm, 1983; Weiderholm, 1986; Epler 2001; Ferrington et al. 2019; Andersen, Cranston and Epler 2013","N","Rhithron Associates, Inc.","A. Fasbender","Reference Collection(1)",
"7d60fe7b-5485-450a-93e1-0ce09fa30cf6","D08","MAYF","MAYF.AOS.reach","2019-03-11T15:00Z","2019-07-15","MAYF.20190311.SNAG.1","A00000048459",,"STESP8","Y","Stenochironomus sp.",,,"Arthropoda",,,,,,,,,,,,,,,,,"larva",8,,6,33,18,"N","N","condition OK","Y",,,,"Weiderholm, 1983; Weiderholm, 1986; Epler 2001; Ferrington et al. 2019; Andersen, Cranston and Epler 2013","N","Rhithron Associates, Inc.","A. Fasbender",,
"4da02b3a-f541-486f-a9d7-af4028a1affe","D08","MAYF","MAYF.AOS.reach","2019-03-11T15:00Z","2019-07-12","MAYF.20190311.SNAG.3","A00000048637",,"SIMSP1","Y","Simulium sp.",,,"Arthropoda",,,,,,,,,,,,,,,,,"larva",3,,4,100,4,"N","N","condition OK","Y",,,,"Adler et al. 2004; Merritt et al. 2019","N","Rhithron Associates, Inc.","B. Moore",,
"2b7560ed-bd9d-4748-b941-039cf73462ba","D08","MAYF","MAYF.AOS.reach","2019-03-11T15:00Z","2019-07-12","MAYF.20190311.SNAG.1","A00000048459",,"ORISP1","Y","Oribatida sp.",,,"Arthropoda",,,,,,,,,,,,,,,,,"adult",1,,4,33,12,"N","N","condition OK","Y",,,,"Thorp and Rogers 2016","N","Rhithron Associates, Inc.","B. Moore",,
"2ea1bcfd-9741-4630-a295-6824373a7af5","D08","MAYF","MAYF.AOS.reach","2019-03-11T15:00Z","2019-07-12","MAYF.20190311.SNAG.5","A00000048463",,"RHESP1","Y","Rheocricotopus sp.",,,"Arthropoda",,,,,,,,,,,,,,,,,"larva",3,,4,100,4,"N","N","condition OK","Y",,,,"Weiderholm, 1983; Weiderholm, 1986; Epler 2001; Ferrington et al. 2019; Andersen, Cranston and Epler 2013","N","Rhithron Associates, Inc.","R. Spring",,
"393de2c1-eead-4f0b-9a8e-ccf4b638c135","D08","MAYF","MAYF.AOS.reach","2019-03-11T15:00Z","2019-07-15","MAYF.20190311.SNAG.1","A00000048459",,"STISP1","Y","Stilocladius sp.",,,"Arthropoda",,,,,,,,,,,,,,,,,"larva",3,,1,33,3,"N","N","condition OK","Y",,,,"Weiderholm, 1983; Weiderholm, 1986; Epler 2001; Ferrington et al. 2019; Andersen, Cranston and Epler 2013","N","Rhithron Associates, Inc.","A. Fasbender",,
"5af83fe4-d6aa-4c1f-88e3-f08dff5f8498","D08","MAYF","MAYF.AOS.reach","2019-03-11T15:00Z","2019-07-12","MAYF.20190311.SNAG.3","A00000048637",,"ORISP1","Y","Oribatida sp.",,,"Arthropoda",,,,,,,,,,,,,,,,,"adult",1,,27,100,27,"N","N","condition OK","Y",,,,"Thorp and Rogers 2016","N","Rhithron Associates, Inc.","B. Moore",,
"616885df-6386-436b-9697-1c4ab968cc02","D08","MAYF","MAYF.AOS.reach","2019-03-11T15:00Z","2019-07-12","MAYF.20190311.SNAG.5","A00000048463",,"POLILL","Y","Polypedilum illinoense gr.",,,"Arthropoda",,,,,,,,,,,,,,,,,"larva",1,,1,100,1,"N","N","condition OK","Y",,,,"Weiderholm, 1983; Weiderholm, 1986; Epler 2001; Ferrington et al. 2008; Andersen, Cranston and Epler 2017","N","Rhithron Associates, Inc.","R. Spring",,
"07cf0a88-fc51-4704-87a6-5a6fc45aad99","D08","MAYF","MAYF.AOS.reach","2019-03-11T15:00Z","2019-07-15","MAYF.20190311.SNAG.1","A00000048459",,"TANSP11","Y","Tanytarsus sp.",,,"Arthropoda",,,,,,,,,,,,,,,,,"larva",4,,4,33,12,"N","N","condition OK","Y",,,,"Weiderholm, 1983; Weiderholm, 1986; Epler 2001; Ferrington et al. 2019; Andersen, Cranston and Epler 2013","N","Rhithron Associates, Inc.","A. Fasbender",,
"9dae3014-7134-4310-acd2-4ecc689f2dcf","D08","MAYF","MAYF.AOS.reach","2019-03-11T15:00Z","2019-07-15","MAYF.20190311.SNAG.1","A00000048459",,"PARSP26","Y","Parametriocnemus sp.",,,"Arthropoda",,,,,,,,,,,,,,,,,"larva",3,,1,33,3,"N","N","condition OK","Y",,,,"Weiderholm, 1983; Weiderholm, 1986; Epler 2001; Ferrington et al. 2019; Andersen, Cranston and Epler 2013","N","Rhithron Associates, Inc.","A. Fasbender",,
"b29a21e3-6d16-4c65-9457-11f28e22cb13","D08","MAYF","MAYF.AOS.reach","2019-03-11T15:00Z","2019-07-12","MAYF.20190311.SNAG.3","A00000048637",,"LEUSP2","Y","Leuctridae sp.",,,"Arthropoda",,,,,,,,,,,,,,,,,"larva",2,,1,100,1,"Y","N","condition OK","Y",,,,"Stewart and Stark 2002; Merritt et al. 2019","N","Rhithron Associates, Inc.","B. Moore",,
"ce04a4ab-35ae-41ac-8549-11785b4f9a2b","D08","MAYF","MAYF.AOS.reach","2019-03-11T15:00Z","2019-07-12","MAYF.20190311.SNAG.2","A00000048636",,"LEPSP4","Y","Leptophlebiidae sp.",,,"Arthropoda",,,,,,,,,,,,,,,,,"larva",2,,3,100,3,"Y","N","condition OK","Y",,,,"Merritt et al. 2019","N","Rhithron Associates, Inc.","B. Moore",,
"9dabed83-9fda-4925-94a3-9bd0b38119e6","D08","MAYF","MAYF.AOS.reach","2019-03-11T15:00Z","2019-07-12","MAYF.20190311.SNAG.3","A00000048637",,"SIMSP1","Y","Simulium sp.",,,"Arthropoda",,,,,,,,,,,,,,,,,"larva",4,,5,100,5,"N","N","condition OK","Y",,,,"Adler et al. 2004; Merritt et al. 2019","N","Rhithron Associates, Inc.","B. Moore",,
"fbe23320-37cc-4988-a728-a1f8d68f2a90","D08","MAYF","MAYF.AOS.reach","2019-03-11T15:00Z","2019-07-12","MAYF.20190311.SNAG.2","A00000048636",,"LEPSP4","Y","Leptophlebiidae sp.",,,"Arthropoda",,,,,,,,,,,,,,,,,"larva",1,,1,100,1,"Y","N","condition OK","Y",,,,"Merritt et al. 2019","N","Rhithron Associates, Inc.","B. Moore",,
"cf3db76e-c6aa-4838-84c3-6c057b7116d0","D08","MAYF","MAYF.AOS.reach","2019-03-11T15:00Z","2019-07-15","MAYF.20190311.CORE.1","A00000048464",,"DEMSP1","Y","Demicryptochironomus sp.",,,"Arthropoda",,,,,,,,,,,,,,,,,"larva",4,,1,100,1,"N","N","condition OK","Y",,,,"Weiderholm, 1983; Weiderholm, 1986; Epler 2001; Ferrington et al. 2019; Andersen, Cranston and Epler 2013","Y","Rhithron Associates, Inc.","A. Fasbender","Reference Collection(1)",
"4d1e7219-269c-4fef-8526-6616ca7b254a","D08","MAYF","MAYF.AOS.reach","2019-03-11T15:00Z","2019-07-12","MAYF.20190311.SNAG.5","A00000048463",,"OECFUR","Y","Oecetis furva gr.",,,"Arthropoda",,,,,,,,,,,,,,,,,"larva",2,,1,100,1,"N","N","condition OK","Y",,,,"Floyd 1995","N","Rhithron Associates, Inc.","B. Moore","Reference Collection(1)",
"dda540fe-2600-4cdd-ab7f-6dcd2a0f02df","D08","MAYF","MAYF.AOS.reach","2019-03-11T15:00Z","2019-07-15","MAYF.20190311.SNAG.1","A00000048459",,"RHESP1","Y","Rheocricotopus sp.",,,"Arthropoda",,,,,,,,,,,,,,,,,"larva",3,,24,33,73,"N","N","condition OK","Y",,,,"Weiderholm, 1983; Weiderholm, 1986; Epler 2001; Ferrington et al. 2019; Andersen, Cranston and Epler 2013","N","Rhithron Associates, Inc.","A. Fasbender",,
"9298c814-5d09-4e02-a5cc-4b2053a7a425","D08","MAYF","MAYF.AOS.reach","2019-03-11T15:00Z","2019-07-15","MAYF.20190311.SNAG.4","A00000048462",,"RHESP4","Y","Rheosmittia sp.",,,"Arthropoda",,,,,,,,,,,,,,,,,"pupa",1,,2,100,2,"N","N","condition OK","Y",,,,"Weiderholm, 1983; Weiderholm, 1986; Epler 2001; Ferrington et al. 2019; Andersen, Cranston and Epler 2013","N","Rhithron Associates, Inc.","R. Spring",,
"c5e0abbf-70bb-45e1-8e20-500dadc3054c","D08","MAYF","MAYF.AOS.reach","2019-03-11T15:00Z","2019-07-12","MAYF.20190311.SNAG.1","A00000048459",,"ENCSP1","Y","Enchytraeidae sp.",,,"Annelida",,,,,,,,,,,,,,,,,"none",5,,1,33,3,"N","N","condition OK","Y",,,,"Kathman and Brinkhurst, 1999","N","Rhithron Associates, Inc.","A. Fasbender",,
"f086db81-2c93-490f-8e9c-52f38dcec07b","D08","MAYF","MAYF.AOS.reach","2019-03-11T15:00Z","2019-07-12","MAYF.20190311.SNAG.1","A00000048459",,"ANCVAR1","Y","Ancyronyx variegatus",,,"Arthropoda",,,,,,,,,,,,,,,,,"larva",3,,1,33,3,"N","N","condition OK","Y",,,,"Merritt et al. 2019","N","Rhithron Associates, Inc.","B. Moore",,
"40d7e41b-708e-4743-a96a-18ac6126ee6e","D08","MAYF","MAYF.AOS.reach","2019-03-11T15:00Z","2019-07-15","MAYF.20190311.SNAG.1","A00000048459",,"THISP2","Y","Thienemanniella sp.",,,"Arthropoda",,,,,,,,,,,,,,,,,"larva",1,,1,33,3,"N","N","condition OK","Y",,,,"Weiderholm, 1983; Weiderholm, 1986; Epler 2001; Ferrington et al. 2019; Andersen, Cranston and Epler 2013","N","Rhithron Associates, Inc.","A. Fasbender",,
"3edf050e-4094-417d-9a32-711d1708142b","D08","MAYF","MAYF.AOS.reach","2019-03-11T15:00Z","2019-07-15","MAYF.20190311.SNAG.1","A00000048459",,"THIGRO","Y","Thienemannimyia gr.",,,"Arthropoda",,,,,,,,,,,,,,,,,"larva",1,,2,33,6,"Y","N","condition OK","Y",,,,"Weiderholm, 1983; Weiderholm, 1986; Epler 2001; Ferrington et al. 2008; Andersen, Cranston and Epler 2017","N","Rhithron Associates, Inc.","A. Fasbender",,
"100ab491-dd1c-49cd-9e4e-446ff463f04f","D08","MAYF","MAYF.AOS.reach","2019-03-11T15:00Z","2019-07-12","MAYF.20190311.SNAG.3","A00000048637",,"ENCSP1","Y","Enchytraeidae sp.",,,"Annelida",,,,,,,,,,,,,,,,,"none",2,,4,100,4,"N","N","condition OK","Y",,,,"Kathman and Brinkhurst, 1999","N","Rhithron Associates, Inc.","A. Fasbender",,
"9208f6c8-5621-44e2-94ff-759163569883","D08","MAYF","MAYF.AOS.reach","2019-03-11T15:00Z","2019-07-12","MAYF.20190311.SNAG.3","A00000048637",,"STESP6","Y","Stenelmis sp.",,,"Arthropoda",,,,,,,,,,,,,,,,,"larva",2,,1,100,1,"N","N","condition OK","N",,,,"Brown 1972; Merritt et al. 2019","N","Rhithron Associates, Inc.","B. Moore",,
"7b0a383e-5e90-468b-b86d-1a07df0179b6","D08","MAYF","MAYF.AOS.reach","2019-03-11T15:00Z","2019-07-15","MAYF.20190311.SNAG.1","A00000048459",,"TVESP","Y","Tvetenia sp.",,,"Arthropoda",,,,,,,,,,,,,,,,,"larva",1,,2,33,6,"N","N","condition OK","Y",,,,"Weiderholm, 1983; Weiderholm, 1986; Epler 2001; Ferrington et al. 2019; Andersen, Cranston and Epler 2013","N","Rhithron Associates, Inc.","A. Fasbender",,
"64fe0f8b-1cfc-43ce-b8d8-5f9da7a4b730","D08","MAYF","MAYF.AOS.reach","2019-03-11T15:00Z","2019-07-12","MAYF.20190311.SNAG.5","A00000048463",,"POLILL","Y","Polypedilum illinoense gr.",,,"Arthropoda",,,,,,,,,,,,,,,,,"larva",2,,2,100,2,"N","N","condition OK","Y",,,,"Weiderholm, 1983; Weiderholm, 1986; Epler 2001; Ferrington et al. 2008; Andersen, Cranston and Epler 2017","N","Rhithron Associates, Inc.","R. Spring",,
"807dd662-2b39-4e1e-a546-ea93c8906dc0","D08","MAYF","MAYF.AOS.reach","2019-03-11T15:00Z","2019-07-15","MAYF.20190311.SNAG.1","A00000048459",,"ORTSP1","Y","Orthocladiinae sp.",,,"Arthropoda",,,,,,,,,,,,,,,,,"pupa",2,,2,33,6,"N","N","damaged, affecting taxonomy and measurement","N",,,,"Weiderholm, 1983; Weiderholm, 1986; Epler 2001; Ferrington et al. 2019; Andersen, Cranston and Epler 2013","N","Rhithron Associates, Inc.","A. Fasbender",,
"dec28dea-ad5b-4a11-a073-d4eab75a662a","D08","MAYF","MAYF.AOS.reach","2019-03-11T15:00Z","2019-07-15","MAYF.20190311.SNAG.1","A00000048459",,"STESP8","Y","Stenochironomus sp.",,,"Arthropoda",,,,,,,,,,,,,,,,,"larva",2,,1,33,3,"N","N","condition OK","Y",,,,"Weiderholm, 1983; Weiderholm, 1986; Epler 2001; Ferrington et al. 2019; Andersen, Cranston and Epler 2013","N","Rhithron Associates, Inc.","A. Fasbender",,
"116e74e0-97d6-4c85-a07a-3883ba627f80","D08","MAYF","MAYF.AOS.reach","2019-03-11T15:00Z","2019-07-12","MAYF.20190311.SNAG.5","A00000048463",,"TANSP11","Y","Tanytarsus sp.",,,"Arthropoda",,,,,,,,,,,,,,,,,"larva",3,,2,100,2,"N","N","condition OK","Y",,,,"Weiderholm, 1983; Weiderholm, 1986; Epler 2001; Ferrington et al. 2019; Andersen, Cranston and Epler 2013","N","Rhithron Associates, Inc.","R. Spring",,
"c0b15f40-0772-42f0-9491-5dcb3b4a9ad9","D08","MAYF","MAYF.AOS.reach","2019-03-11T15:00Z","2019-07-12","MAYF.20190311.SNAG.5","A00000048463",,"STESP6","Y","Stenelmis sp.",,,"Arthropoda",,,,,,,,,,,,,,,,,"adult",3,,1,100,1,"N","N","condition OK","Y",,,,"Brown 1972; Merritt et al. 2019","N","Rhithron Associates, Inc.","B. Moore",,
"b7807ae6-c545-418d-8e4b-489b32a008c7","D08","MAYF","MAYF.AOS.reach","2019-03-11T15:00Z","2019-07-12","MAYF.20190311.SNAG.1","A00000048459",,"NAISP","Y","Naididae sp.",,,"Annelida",,,,,,,,,,,,,,,,,"none",4,,1,33,3,"Y","N","condition OK","Y",,,,"Kathman and Brinkhurst, 1999","N","Rhithron Associates, Inc.","A. Fasbender","w/o HC",
"c826ba58-70d5-4787-be68-c3e355441c35","D08","MAYF","MAYF.AOS.reach","2019-03-11T15:00Z","2019-07-12","MAYF.20190311.SNAG.1","A00000048459",,"ENCSP1","Y","Enchytraeidae sp.",,,"Annelida",,,,,,,,,,,,,,,,,"none",4,,1,33,3,"N","N","condition OK","Y",,,,"Kathman and Brinkhurst, 1999","N","Rhithron Associates, Inc.","A. Fasbender",,
"232a9930-d275-4015-a471-61fecb155b92","D08","MAYF","MAYF.AOS.reach","2019-03-11T15:00Z","2019-07-15","MAYF.20190311.SNAG.1","A00000048459",,"STESP8","Y","Stenochironomus sp.",,,"Arthropoda",,,,,,,,,,,,,,,,,"larva",3,,1,33,3,"N","N","condition OK","Y",,,,"Weiderholm, 1983; Weiderholm, 1986; Epler 2001; Ferrington et al. 2019; Andersen, Cranston and Epler 2013","N","Rhithron Associates, Inc.","A. Fasbender",,
"174dfcbb-8b96-4d3b-bb62-fb0e50f6579a","D08","MAYF","MAYF.AOS.reach","2019-03-11T15:00Z","2019-07-12","MAYF.20190311.SNAG.5","A00000048463",,"ANCVAR1","Y","Ancyronyx variegatus",,,"Arthropoda",,,,,,,,,,,,,,,,,"larva",3,,2,100,2,"N","N","condition OK","Y",,,,"Merritt et al. 2019","N","Rhithron Associates, Inc.","B. Moore",,
"a3032405-3350-4f91-8116-d2187878af8d","D08","MAYF","MAYF.AOS.reach","2019-03-11T15:00Z","2019-07-15","MAYF.20190311.SNAG.2","A00000048636",,"THIGRO","Y","Thienemannimyia gr.",,,"Arthropoda",,,,,,,,,,,,,,,,,"larva",3,,2,100,2,"Y","N","condition OK","Y",,,,"Weiderholm, 1983; Weiderholm, 1986; Epler 2001; Ferrington et al. 2008; Andersen, Cranston and Epler 2017","N","Rhithron Associates, Inc.","R. Spring",,
"bd6e41d9-8b76-49de-91cb-ad3489ec7572","D08","MAYF","MAYF.AOS.reach","2019-03-11T15:00Z","2019-07-12","MAYF.20190311.SNAG.3","A00000048637",,"SPESP5","Y","Sperchonopsis sp.",,,"Arthropoda",,,,,,,,,,,,,,,,,"adult",1,,1,100,1,"N","N","condition OK","Y",,,,"Thorp and Rogers 2016","N","Rhithron Associates, Inc.","B. Moore",,
"0e55e2ec-5af4-4f0a-96e5-788ebcf3af16","D08","MAYF","MAYF.AOS.reach","2019-03-11T15:00Z","2019-07-12","MAYF.20190311.CORE.2","A00000048465",,"PROOBS","Y","Progomphus obscurus",,,"Arthropoda",,,,,,,,,,,,,,,,,"larva",6,,1,100,1,"N","N","condition OK","Y",,,,"Needham et al. 2000; Merritt et al. 2019; Tennessen 2019","N","Rhithron Associates, Inc.","R. Spring","Reference Collection(1)",
"056ccc5d-d51d-4324-95c3-c52f7ef53a45","D08","MAYF","MAYF.AOS.reach","2019-03-11T15:00Z","2019-07-12","MAYF.20190311.SNAG.4","A00000048462",,"CERSP10","Y","Ceratopogoninae sp.",,,"Arthropoda",,,,,,,,,,,,,,,,,"larva",5,,2,100,2,"N","N","condition OK","Y",,,,"Merritt et al. 2019","N","Rhithron Associates, Inc.","B. Moore",,
"dd55c4e9-25ca-4f3e-b912-5b383117d210","D08","MAYF","MAYF.AOS.reach","2019-03-11T15:00Z","2019-07-12","MAYF.20190311.SNAG.5","A00000048463",,"ANCVAR1","Y","Ancyronyx variegatus",,,"Arthropoda",,,,,,,,,,,,,,,,,"larva",1,,1,100,1,"N","N","condition OK","Y",,,,"Merritt et al. 2019","N","Rhithron Associates, Inc.","B. Moore",,
"4fdfc4e8-08a0-4b54-84a5-0815269a0c5b","D08","MAYF","MAYF.AOS.reach","2019-03-11T15:00Z","2019-07-12","MAYF.20190311.SNAG.2","A00000048636",,"HAPSP3","Y","Haploperla sp.",,,"Arthropoda",,,,,,,,,,,,,,,,,"larva",4,,1,100,1,"N","N","condition OK","Y",,,,"Stewart and Stark 2002; Merritt et al. 2019","N","Rhithron Associates, Inc.","B. Moore","Reference Collection(1)",
"5d4cec8e-a93d-4d12-82cb-201a4d39e148","D08","MAYF","MAYF.AOS.reach","2019-03-11T15:00Z","2019-07-12","MAYF.20190311.SNAG.5","A00000048463",,"TORSP6","Y","Torrenticola sp.",,,"Arthropoda",,,,,,,,,,,,,,,,,"adult",1,,3,100,3,"N","N","condition OK","Y",,,,"Thorp and Rogers 2016","N","Rhithron Associates, Inc.","B. Moore",,
"19703b4b-ab66-4557-a985-52ece0b133f0","D08","MAYF","MAYF.AOS.reach","2019-03-11T15:00Z","2019-07-12","MAYF.20190311.SNAG.2","A00000048636",,"PERSP6","Y","Perlesta sp.",,,"Arthropoda",,,,,,,,,,,,,,,,,"larva",1,,1,100,1,"N","N","condition OK","Y",,,,"Stewart and Stark 2002; Merritt et al. 2019","N","Rhithron Associates, Inc.","B. Moore",,
"00c9a35d-983a-4e4c-9e17-de75ac105f9d","D08","MAYF","MAYF.AOS.reach","2019-03-11T15:00Z","2019-07-15","MAYF.20190311.SNAG.3","A00000048637",,"POLAVI","Y","Polypedilum aviceps",,,"Arthropoda",,,,,,,,,,,,,,,,,"larva",3,,8,100,8,"N","N","condition OK","Y",,,,"Weiderholm, 1983; Weiderholm, 1986; Epler 2001; Ferrington et al. 2019; Andersen, Cranston and Epler 2013","N","Rhithron Associates, Inc.","R. Spring",,
"82c79ae5-234f-4f4f-8a76-48f1cba44312","D08","MAYF","MAYF.AOS.reach","2019-03-11T15:00Z","2019-07-12","MAYF.20190311.SNAG.1","A00000048459",,"HYDSP24","Y","Hydroptila sp.",,,"Arthropoda",,,,,,,,,,,,,,,,,"larva",1,,2,33,6,"N","N","condition OK","Y",,,,"Wiggins 1996; Merritt et al. 2019","N","Rhithron Associates, Inc.","B. Moore",,
"10c5115c-5df1-4f04-8028-0b6edeb69d0d","D08","MAYF","MAYF.AOS.reach","2019-03-11T15:00Z","2019-07-12","MAYF.20190311.SNAG.3","A00000048637",,"NEMSP","Y","Nematoda sp.",,,"Nematoda",,,,,,,,,,,,,,,,,"none",2,,9,100,9,"N","N","condition OK","Y",,,,"Thorp and Rogers 2016","N","Rhithron Associates, Inc.","B. Moore",,
"edabc552-0704-4bf0-95aa-10174c43c19d","D08","MAYF","MAYF.AOS.reach","2019-03-11T15:00Z","2019-07-12","MAYF.20190311.SNAG.2","A00000048636",,"LEUSP2","Y","Leuctridae sp.",,,"Arthropoda",,,,,,,,,,,,,,,,,"larva",2,,1,100,1,"Y","N","condition OK","Y",,,,"Stewart and Stark 2002; Merritt et al. 2019","N","Rhithron Associates, Inc.","B. Moore",,
"b9de7edb-6e92-4c53-a7ac-2f4e18fb3e3e","D08","MAYF","MAYF.AOS.reach","2019-03-11T15:00Z","2019-07-12","MAYF.20190311.SNAG.1","A00000048459",,"SIMSP1","Y","Simulium sp.",,,"Arthropoda",,,,,,,,,,,,,,,,,"larva",1,,1,33,3,"N","N","condition OK","Y",,,,"Adler et al. 2004; Merritt et al. 2019","N","Rhithron Associates, Inc.","B. Moore",,
"4f764dd6-3a1d-491c-acbb-3babb213f704","D08","MAYF","MAYF.AOS.reach","2019-03-11T15:00Z","2019-07-12","MAYF.20190311.SNAG.3","A00000048637",,"PERSP6","Y","Perlesta sp.",,,"Arthropoda",,,,,,,,,,,,,,,,,"larva",4,,1,100,1,"N","N","condition OK","Y",,,,"Stewart and Stark 2002; Merritt et al. 2019","N","Rhithron Associates, Inc.","B. Moore","Reference Collection(1)",
"8b278337-ac3f-471b-a7f8-bb8b6299cff2","D08","MAYF","MAYF.AOS.reach","2019-03-11T15:00Z","2019-07-12","MAYF.20190311.SNAG.2","A00000048636",,"STESP6","Y","Stenelmis sp.",,,"Arthropoda",,,,,,,,,,,,,,,,,"larva",2,,1,100,1,"N","N","condition OK","Y",,,,"Brown 1972; Merritt et al. 2019","N","Rhithron Associates, Inc.","B. Moore",,
"9147801e-ee90-43b1-b63b-6ec7f366bfcf","D08","MAYF","MAYF.AOS.reach","2019-03-11T15:00Z","2019-07-15","MAYF.20190311.SNAG.2","A00000048636",,"PARSP26","Y","Parametriocnemus sp.",,,"Arthropoda",,,,,,,,,,,,,,,,,"larva",1,,2,100,2,"N","N","condition OK","Y",,,,"Weiderholm, 1983; Weiderholm, 1986; Epler 2001; Ferrington et al. 2019; Andersen, Cranston and Epler 2013","N","Rhithron Associates, Inc.","R. Spring",,
"c97e0a39-62ef-4db5-bf3d-1e54766db356","D08","MAYF","MAYF.AOS.reach","2019-03-11T15:00Z","2019-07-12","MAYF.20190311.SNAG.3","A00000048637",,"SIMSP1","Y","Simulium sp.",,,"Arthropoda",,,,,,,,,,,,,,,,,"pupa",3,,2,100,2,"N","N","condition OK","N",,,,"Adler et al. 2004; Merritt et al. 2019","N","Rhithron Associates, Inc.","B. Moore",,
"e24f689c-813a-4ed8-9ec7-5bed7820381f","D08","MAYF","MAYF.AOS.reach","2019-03-11T15:00Z","2019-07-12","MAYF.20190311.SNAG.1","A00000048459",,"ANCVAR1","Y","Ancyronyx variegatus",,,"Arthropoda",,,,,,,,,,,,,,,,,"larva",2,,2,33,6,"N","N","condition OK","Y",,,,"Merritt et al. 2019","N","Rhithron Associates, Inc.","B. Moore",,
"81a5eed7-edbf-4a13-9098-3ce99278df7a","D08","MAYF","MAYF.AOS.reach","2019-03-11T15:00Z","2019-07-12","MAYF.20190311.CORE.3","A00000048638",,"NAISP","Y","Naididae sp.",,,"Annelida",,,,,,,,,,,,,,,,,"none",18,,1,100,1,"Y","N","condition OK","Y",,,,"Kathman and Brinkhurst, 1999","N","Rhithron Associates, Inc.","A. Fasbender","w/o HC",
"3fc641d6-eb73-4399-a9f6-6514d04c8ab2","D08","MAYF","MAYF.AOS.reach","2019-03-11T15:00Z","2019-07-15","MAYF.20190311.SNAG.3","A00000048637",,"PARSP26","Y","Parametriocnemus sp.",,,"Arthropoda",,,,,,,,,,,,,,,,,"larva",2,,1,100,1,"N","N","condition OK","Y",,,,"Weiderholm, 1983; Weiderholm, 1986; Epler 2001; Ferrington et al. 2019; Andersen, Cranston and Epler 2013","N","Rhithron Associates, Inc.","R. Spring",,
"9fa3b983-e652-49f3-89b3-d7a772970c26","D08","MAYF","MAYF.AOS.reach","2019-03-11T15:00Z","2019-07-15","MAYF.20190311.SNAG.3","A00000048637",,"POLHAL","Y","Polypedilum halterale gr.",,,"Arthropoda",,,,,,,,,,,,,,,,,"larva",4,,1,100,1,"N","N","condition OK","Y",,,,"Weiderholm, 1983; Weiderholm, 1986; Epler 2001; Ferrington et al. 2008; Andersen, Cranston and Epler 2016","N","Rhithron Associates, Inc.","R. Spring",,
"7dc6f291-0567-4f98-93e0-7c591dc59bf2","D08","MAYF","MAYF.AOS.reach","2019-03-11T15:00Z","2019-07-15","MAYF.20190311.SNAG.3","A00000048637",,"CORSP19","Y","Corynoneura sp.",,,"Arthropoda",,,,,,,,,,,,,,,,,"larva",1,,2,100,2,"N","N","condition OK","Y",,,,"Weiderholm, 1983; Weiderholm, 1986; Epler 2001; Ferrington et al. 2019; Andersen, Cranston and Epler 2013","N","Rhithron Associates, Inc.","R. Spring",,
"b02b1a72-0eca-40d5-bdd4-ac15db0eef88","D08","MAYF","MAYF.AOS.reach","2019-03-11T15:00Z","2019-07-12","MAYF.20190311.SNAG.2","A00000048636",,"NIGSP","Y","Nigronia sp.",,,"Arthropoda",,,,,,,,,,,,,,,,,"larva",11,,1,100,1,"N","N","condition OK","Y",,,,"Merritt et al. 2019","N","Rhithron Associates, Inc.","B. Moore",,
"51d851c9-fd3c-4a91-96f2-f3be31c8511d","D08","MAYF","MAYF.AOS.reach","2019-03-11T15:00Z","2019-07-15","MAYF.20190311.SNAG.1","A00000048459",,"POLSP13","Y","Polypedilum sp.",,,"Arthropoda",,,,,,,,,,,,,,,,,"larva",1,,1,33,3,"Y","N","condition OK","Y",,,,"Weiderholm, 1983; Weiderholm, 1986; Epler 2001; Ferrington et al. 2008; Andersen, Cranston and Epler 2013","N","Rhithron Associates, Inc.","A. Fasbender",,
"197c4732-86e2-40fa-b971-70fd41f53924","D08","MAYF","MAYF.AOS.reach","2019-03-11T15:00Z","2019-07-12","MAYF.20190311.SNAG.3","A00000048637",,"PRIAEQ","Y","Pristina aequiseta",,,"Annelida",,,,,,,,,,,,,,,,,"none",1,,1,100,1,"N","N","condition OK","Y",,,,"Kathman and Brinkhurst, 1999","N","Rhithron Associates, Inc.","A. Fasbender","Reference Collection(1)",
"3f6a80bb-1c30-40e3-8511-f315465a4a86","D08","MAYF","MAYF.AOS.reach","2019-03-11T15:00Z","2019-07-12","MAYF.20190311.SNAG.5","A00000048463",,"THIGRO","Y","Thienemannimyia gr.",,,"Arthropoda",,,,,,,,,,,,,,,,,"larva",3,,1,100,1,"Y","N","condition OK","Y",,,,"Weiderholm, 1983; Weiderholm, 1986; Epler 2001; Ferrington et al. 2008; Andersen, Cranston and Epler 2017","N","Rhithron Associates, Inc.","R. Spring",,
"cc447b0c-abdd-4b2d-ab49-7068e0ade81f","D08","MAYF","MAYF.AOS.reach","2019-03-11T15:00Z","2019-07-15","MAYF.20190311.SNAG.3","A00000048637",,"PARSP23","Y","Parachaetocladius sp.",,,"Arthropoda",,,,,,,,,,,,,,,,,"larva",1,,1,100,1,"N","N","condition OK","Y",,,,"Weiderholm, 1983; Weiderholm, 1986; Epler 2001; Ferrington et al. 2019; Andersen, Cranston and Epler 2013","N","Rhithron Associates, Inc.","R. Spring",,
"924c53fc-8a54-4317-bc7b-72a6946514e2","D08","MAYF","MAYF.AOS.reach","2019-03-11T15:00Z","2019-07-12","MAYF.20190311.SNAG.3","A00000048637",,"PELSP1","Y","Peltoperlidae sp.",,,"Arthropoda",,,,,,,,,,,,,,,,,"larva",1,,2,100,2,"Y","N","condition OK","Y",,,,"Stewart and Stark 2002; Merritt et al. 2019","N","Rhithron Associates, Inc.","B. Moore",,
"4dd0db94-72c3-4b21-86e5-9f6def123b79","D08","MAYF","MAYF.AOS.reach","2019-03-11T15:00Z","2019-07-12","MAYF.20190311.SNAG.1","A00000048459",,"ENCSP1","Y","Enchytraeidae sp.",,,"Annelida",,,,,,,,,,,,,,,,,"none",2,,5,33,15,"N","N","condition OK","Y",,,,"Kathman and Brinkhurst, 1999","N","Rhithron Associates, Inc.","A. Fasbender",,
"a93705fb-43c7-409a-9ab4-dd58192c83c8","D08","MAYF","MAYF.AOS.reach","2019-03-11T15:00Z","2019-07-15","MAYF.20190311.SNAG.4","A00000048462",,"THIGRO","Y","Thienemannimyia gr.",,,"Arthropoda",,,,,,,,,,,,,,,,,"larva",1,,1,100,1,"Y","N","condition OK","Y",,,,"Weiderholm, 1983; Weiderholm, 1986; Epler 2001; Ferrington et al. 2008; Andersen, Cranston and Epler 2017","N","Rhithron Associates, Inc.","R. Spring",,
"89bd43cd-a7de-4983-99ee-ac1ed65b65d7","D08","MAYF","MAYF.AOS.reach","2019-03-11T15:00Z","2019-07-15","MAYF.20190311.SNAG.2","A00000048636",,"TANSP11","Y","Tanytarsus sp.",,,"Arthropoda",,,,,,,,,,,,,,,,,"larva",1,,10,100,10,"N","N","condition OK","Y",,,,"Weiderholm, 1983; Weiderholm, 1986; Epler 2001; Ferrington et al. 2019; Andersen, Cranston and Epler 2013","N","Rhithron Associates, Inc.","R. Spring",,
"7007dc4a-6fbc-48e3-8a51-15bbd1974a32","D08","MAYF","MAYF.AOS.reach","2019-03-11T15:00Z","2019-07-12","MAYF.20190311.SNAG.5","A00000048463",,"RHESP1","Y","Rheocricotopus sp.",,,"Arthropoda",,,,,,,,,,,,,,,,,"larva",4,,1,100,1,"N","N","condition OK","Y",,,,"Weiderholm, 1983; Weiderholm, 1986; Epler 2001; Ferrington et al. 2019; Andersen, Cranston and Epler 2013","N","Rhithron Associates, Inc.","R. Spring",,
"2dbf476a-5b47-4afa-9717-462eda631850","D08","MAYF","MAYF.AOS.reach","2019-03-11T15:00Z","2019-07-15","MAYF.20190311.SNAG.3","A00000048637",,"POLSCA","Y","Polypedilum scalaenum gr.",,,"Arthropoda",,,,,,,,,,,,,,,,,"larva",4,,1,100,1,"N","N","condition OK","Y",,,,"Weiderholm, 1983; Weiderholm, 1986; Epler 2001; Ferrington et al. 2008; Andersen, Cranston and Epler 2018","N","Rhithron Associates, Inc.","R. Spring",,
"1cfc82bc-86ab-44e4-9bd1-bbff3a5b3535","D08","MAYF","MAYF.AOS.reach","2019-03-11T15:00Z","2019-07-15","MAYF.20190311.SNAG.1","A00000048459",,"STISP1","Y","Stilocladius sp.",,,"Arthropoda",,,,,,,,,,,,,,,,,"larva",1,,2,33,6,"N","N","condition OK","Y",,,,"Weiderholm, 1983; Weiderholm, 1986; Epler 2001; Ferrington et al. 2019; Andersen, Cranston and Epler 2013","N","Rhithron Associates, Inc.","A. Fasbender",,
"37ce2b34-4724-415e-b579-6d8e2bf41aa4","D08","MAYF","MAYF.AOS.reach","2019-03-11T15:00Z","2019-07-12","MAYF.20190311.SNAG.2","A00000048636",,"SPESP5","Y","Sperchonopsis sp.",,,"Arthropoda",,,,,,,,,,,,,,,,,"adult",1,,1,100,1,"N","N","condition OK","Y",,,,"Thorp and Rogers 2016","N","Rhithron Associates, Inc.","B. Moore",,
"7d32dab3-9a82-4fe8-bbcd-4e736222f1be","D08","MAYF","MAYF.AOS.reach","2019-03-11T15:00Z","2019-07-12","MAYF.20190311.SNAG.5","A00000048463",,"MACSP11","Y","Maccaffertium sp.",,,"Arthropoda",,,,,,,,,,,,,,,,,"larva",2,,1,100,1,"Y","N","condition OK","Y",,,,"Merritt et al. 2019","N","Rhithron Associates, Inc.","B. Moore",,
"169d3e17-6442-4fe7-af9d-ac6bb8d47699","D08","MAYF","MAYF.AOS.reach","2019-03-11T15:00Z","2019-07-12","MAYF.20190311.SNAG.4","A00000048462",,"ENCSP1","Y","Enchytraeidae sp.",,,"Annelida",,,,,,,,,,,,,,,,,"none",3,,1,100,1,"N","N","condition OK","Y",,,,"Kathman and Brinkhurst, 1999","N","Rhithron Associates, Inc.","A. Fasbender",,
"e6b71b7b-c5ff-4ad9-a3c0-57ff198d2ae0","D08","MAYF","MAYF.AOS.reach","2019-03-11T15:00Z","2019-07-12","MAYF.20190311.SNAG.3","A00000048637",,"PLESP","Y","Plecoptera sp.",,,"Arthropoda",,,,,,,,,,,,,,,,,"larva",1,,18,100,18,"Y","N","condition OK","N",,,,"Merritt et al. 2019","N","Rhithron Associates, Inc.","B. Moore",,
"ba730f29-c3b7-42e2-9425-6c1a4b1ada4a","D08","MAYF","MAYF.AOS.reach","2019-03-11T15:00Z","2019-07-15","MAYF.20190311.SNAG.4","A00000048462",,"RHESP1","Y","Rheocricotopus sp.",,,"Arthropoda",,,,,,,,,,,,,,,,,"larva",1,,4,100,4,"N","N","condition OK","Y",,,,"Weiderholm, 1983; Weiderholm, 1986; Epler 2001; Ferrington et al. 2019; Andersen, Cranston and Epler 2013","N","Rhithron Associates, Inc.","R. Spring",,
"8c5b92c5-f796-485b-a425-41f77769337f","D08","MAYF","MAYF.AOS.reach","2019-03-11T15:00Z","2019-07-12","MAYF.20190311.SNAG.5","A00000048463",,"CORSP19","Y","Corynoneura sp.",,,"Arthropoda",,,,,,,,,,,,,,,,,"larva",2,,4,100,4,"N","N","condition OK","Y",,,,"Weiderholm, 1983; Weiderholm, 1986; Epler 2001; Ferrington et al. 2019; Andersen, Cranston and Epler 2013","N","Rhithron Associates, Inc.","R. Spring",,
"10dd3ef9-8fb7-4c55-ba4e-9bf98724359f","D08","MAYF","MAYF.AOS.reach","2019-03-11T15:00Z","2019-07-15","MAYF.20190311.SNAG.1","A00000048459",,"RHESP1","Y","Rheocricotopus sp.",,,"Arthropoda",,,,,,,,,,,,,,,,,"pupa",3,,1,33,3,"N","N","condition OK","N",,,,"Weiderholm, 1983; Weiderholm, 1986; Epler 2001; Ferrington et al. 2019; Andersen, Cranston and Epler 2013","N","Rhithron Associates, Inc.","A. Fasbender","Reference Collection(1)",
"3d0e62c7-4506-4b88-b53a-72e6258ea73e","D08","MAYF","MAYF.AOS.reach","2019-03-11T15:00Z","2019-07-15","MAYF.20190311.SNAG.3","A00000048637",,"POLSCA","Y","Polypedilum scalaenum gr.",,,"Arthropoda",,,,,,,,,,,,,,,,,"larva",2,,12,100,12,"N","N","condition OK","Y",,,,"Weiderholm, 1983; Weiderholm, 1986; Epler 2001; Ferrington et al. 2008; Andersen, Cranston and Epler 2018","N","Rhithron Associates, Inc.","R. Spring",,
"64ba5dec-093b-446c-805d-2a8183f03fcb","D08","MAYF","MAYF.AOS.reach","2019-03-11T15:00Z","2019-07-12","MAYF.20190311.SNAG.4","A00000048462",,"ORISP1","Y","Oribatida sp.",,,"Arthropoda",,,,,,,,,,,,,,,,,"adult",1,,5,100,5,"N","N","condition OK","Y",,,,"Thorp and Rogers 2016","N","Rhithron Associates, Inc.","B. Moore",,
"fcbf82bd-f634-4ebb-8c55-49e138c94041","D08","MAYF","MAYF.AOS.reach","2019-03-11T15:00Z","2019-07-12","MAYF.20190311.SNAG.3","A00000048637",,"PRISP1","Y","Pristina sp.",,,"Annelida",,,,,,,,,,,,,,,,,"none",1,,1,100,1,"Y","N","condition OK","N",,,,"Kathman and Brinkhurst, 1999","N","Rhithron Associates, Inc.","A. Fasbender","Reference Collection(1)",
"d8e31227-c17b-440a-9bd0-65c5d6f675cc","D08","MAYF","MAYF.AOS.reach","2019-03-11T15:00Z","2019-07-15","MAYF.20190311.SNAG.2","A00000048636",,"ABLSP","Y","Ablabesmyia sp.",,,"Arthropoda",,,,,,,,,,,,,,,,,"larva",1,,1,100,1,"N","N","condition OK","Y",,,,"Weiderholm, 1983; Weiderholm, 1986; Epler 2001; Ferrington et al. 2019; Andersen, Cranston and Epler 2013","N","Rhithron Associates, Inc.","R. Spring",,
"3502f2c5-f170-4c23-b103-b30ff84452a5","D08","MAYF","MAYF.AOS.reach","2019-03-11T15:00Z","2019-07-12","MAYF.20190311.SNAG.1","A00000048459",,"PLESP","Y","Plecoptera sp.",,,"Arthropoda",,,,,,,,,,,,,,,,,"larva",1,,11,33,33,"Y","N","condition OK","Y",,,,"Merritt et al. 2019","N","Rhithron Associates, Inc.","B. Moore",,
"13dbfea7-e19d-4aff-8d15-ed1f3180b0c7","D08","MAYF","MAYF.AOS.reach","2019-03-11T15:00Z","2019-07-12","MAYF.20190311.SNAG.5","A00000048463",,"STISP1","Y","Stilocladius sp.",,,"Arthropoda",,,,,,,,,,,,,,,,,"larva",1,,1,100,1,"N","N","condition OK","Y",,,,"Weiderholm, 1983; Weiderholm, 1986; Epler 2001; Ferrington et al. 2019; Andersen, Cranston and Epler 2013","N","Rhithron Associates, Inc.","R. Spring","Reference Collection(1)",
"c73784a3-9a99-42a8-9f16-0e2cfae0b8a2","D08","MAYF","MAYF.AOS.reach","2019-03-11T15:00Z","2019-07-12","MAYF.20190311.SNAG.4","A00000048462",,"PLESP","Y","Plecoptera sp.",,,"Arthropoda",,,,,,,,,,,,,,,,,"larva",1,,13,100,13,"Y","N","condition OK","Y",,,,"Merritt et al. 2019","N","Rhithron Associates, Inc.","B. Moore",,
"7935f69b-586c-4cf5-ae45-737edc4ddaa7","D08","MAYF","MAYF.AOS.reach","2019-03-11T15:00Z","2019-07-12","MAYF.20190311.SNAG.1","A00000048459",,"CERSP10","Y","Ceratopogoninae sp.",,,"Arthropoda",,,,,,,,,,,,,,,,,"larva",2,,1,33,3,"N","N","condition OK","Y",,,,"Merritt et al. 2019","N","Rhithron Associates, Inc.","B. Moore",,
"fba3c2ac-91f7-473a-8dea-ffd179fe8a1b","D08","MAYF","MAYF.AOS.reach","2019-03-11T15:00Z","2019-07-15","MAYF.20190311.SNAG.2","A00000048636",,"POLSCA","Y","Polypedilum scalaenum gr.",,,"Arthropoda",,,,,,,,,,,,,,,,,"larva",1,,1,100,1,"N","N","condition OK","Y",,,,"Weiderholm, 1983; Weiderholm, 1986; Epler 2001; Ferrington et al. 2008; Andersen, Cranston and Epler 2018","N","Rhithron Associates, Inc.","R. Spring",,
"69b43a26-78c8-403d-b7c8-c68ffd3d8326","D08","MAYF","MAYF.AOS.reach","2019-03-11T15:00Z","2019-07-15","MAYF.20190311.SNAG.4","A00000048462",,"POLSP13","Y","Polypedilum sp.",,,"Arthropoda",,,,,,,,,,,,,,,,,"larva",1,,2,100,2,"Y","N","condition OK","Y",,,,"Weiderholm, 1983; Weiderholm, 1986; Epler 2001; Ferrington et al. 2008; Andersen, Cranston and Epler 2013","N","Rhithron Associates, Inc.","R. Spring",,
"495d0d88-6202-48cc-be88-d0913a1ead00","D08","MAYF","MAYF.AOS.reach","2019-03-11T15:00Z","2019-07-12","MAYF.20190311.SNAG.5","A00000048463",,"LUMSP2","Y","Lumbriculidae sp.",,,"Annelida",,,,,,,,,,,,,,,,,"none",2,,1,100,1,"Y","N","condition OK","Y",,,,"Kathman and Brinkhurst, 1999","N","Rhithron Associates, Inc.","A. Fasbender","w/o proboscis",
"fd7077f7-d4b6-40e6-91b2-8a3df1686d3a","D08","MAYF","MAYF.AOS.reach","2019-03-11T15:00Z","2019-07-12","MAYF.20190311.SNAG.3","A00000048637",,"CERSP10","Y","Ceratopogoninae sp.",,,"Arthropoda",,,,,,,,,,,,,,,,,"larva",4,,1,100,1,"N","N","condition OK","Y",,,,"Merritt et al. 2019","N","Rhithron Associates, Inc.","B. Moore",,
"4e63e427-79ee-4103-8315-e5bc08afa2d2","D08","MAYF","MAYF.AOS.reach","2019-03-11T15:00Z","2019-07-15","MAYF.20190311.CORE.3","A00000048638",,"CORSP19","Y","Corynoneura sp.",,,"Arthropoda",,,,,,,,,,,,,,,,,"larva",2,,1,100,1,"N","N","condition OK","Y",,,,"Weiderholm, 1983; Weiderholm, 1986; Epler 2001; Ferrington et al. 2019; Andersen, Cranston and Epler 2013","N","Rhithron Associates, Inc.","A. Fasbender",,
"bc27279b-e549-4f4e-9541-dc690308139d","D08","MAYF","MAYF.AOS.reach","2019-03-11T15:00Z","2019-07-15","MAYF.20190311.SNAG.1","A00000048459",,"TANSP11","Y","Tanytarsus sp.",,,"Arthropoda",,,,,,,,,,,,,,,,,"larva",3,,14,33,42,"N","N","condition OK","Y",,,,"Weiderholm, 1983; Weiderholm, 1986; Epler 2001; Ferrington et al. 2019; Andersen, Cranston and Epler 2013","N","Rhithron Associates, Inc.","A. Fasbender",,
"f9a0bd73-2dd6-46e2-b9bb-c3a677c8a53e","D08","MAYF","MAYF.AOS.reach","2019-03-11T15:00Z","2019-07-15","MAYF.20190311.SNAG.1","A00000048459",,"TANSP8","Y","Tanytarsini sp.",,,"Arthropoda",,,,,,,,,,,,,,,,,"larva",1,,40,33,121,"Y","N","condition OK","N",,,,"Weiderholm, 1983; Weiderholm, 1986; Epler 2001; Ferrington et al. 2019; Andersen, Cranston and Epler 2013","N","Rhithron Associates, Inc.","A. Fasbender",,
"c27d50bd-fbed-4132-ad90-7a0a0f8441e1","D08","MAYF","MAYF.AOS.reach","2019-03-11T15:00Z","2019-07-15","MAYF.20190311.SNAG.2","A00000048636",,"POLAVI","Y","Polypedilum aviceps",,,"Arthropoda",,,,,,,,,,,,,,,,,"larva",3,,1,100,1,"N","N","condition OK","Y",,,,"Weiderholm, 1983; Weiderholm, 1986; Epler 2001; Ferrington et al. 2019; Andersen, Cranston and Epler 2013","N","Rhithron Associates, Inc.","R. Spring",,
"6eec90d0-d8a2-42cf-8ebe-40c150e42dec","D08","MAYF","MAYF.AOS.reach","2019-03-11T15:00Z","2019-07-15","MAYF.20190311.CORE.1","A00000048464",,"CLASP6","Y","Cladotanytarsus sp.",,,"Arthropoda",,,,,,,,,,,,,,,,,"larva",1,,1,100,1,"N","N","condition OK","Y",,,,"Weiderholm, 1983; Weiderholm, 1986; Epler 2001; Ferrington et al. 2019; Andersen, Cranston and Epler 2013","Y","Rhithron Associates, Inc.","A. Fasbender",,
"a84a29fe-6d66-4592-aa41-c8d730a3f61e","D08","MAYF","MAYF.AOS.reach","2019-03-11T15:00Z","2019-07-15","MAYF.20190311.SNAG.3","A00000048637",,"THIGRO","Y","Thienemannimyia gr.",,,"Arthropoda",,,,,,,,,,,,,,,,,"larva",2,,1,100,1,"Y","N","condition OK","Y",,,,"Weiderholm, 1983; Weiderholm, 1986; Epler 2001; Ferrington et al. 2008; Andersen, Cranston and Epler 2017","N","Rhithron Associates, Inc.","R. Spring",,
"1dbe85e4-cb88-441d-945d-af6939e83884","D08","MAYF","MAYF.AOS.reach","2019-03-11T15:00Z","2019-07-15","MAYF.20190311.SNAG.1","A00000048459",,"POLSP13","Y","Polypedilum sp.",,,"Arthropoda",,,,,,,,,,,,,,,,,"larva",2,,4,33,12,"Y","N","condition OK","Y",,,,"Weiderholm, 1983; Weiderholm, 1986; Epler 2001; Ferrington et al. 2008; Andersen, Cranston and Epler 2013","N","Rhithron Associates, Inc.","A. Fasbender",,
"0e9e82ff-f87b-46be-bb45-64cee32f2602","D08","MAYF","MAYF.AOS.reach","2019-03-11T15:00Z","2019-07-12","MAYF.20190311.SNAG.1","A00000048459",,"HEMSP4","Y","Hemerodromia sp.",,,"Arthropoda",,,,,,,,,,,,,,,,,"larva",1,,1,33,3,"N","N","condition OK","Y",,,,"Merritt et al. 2019","N","Rhithron Associates, Inc.","B. Moore",,
"9ba6caf8-8589-4ebb-a052-6d9ae37ec5fb","D08","MAYF","MAYF.AOS.reach","2019-03-11T15:00Z","2019-07-15","MAYF.20190311.SNAG.4","A00000048462",,"THISP2","Y","Thienemanniella sp.",,,"Arthropoda",,,,,,,,,,,,,,,,,"larva",1,,1,100,1,"N","N","condition OK","Y",,,,"Weiderholm, 1983; Weiderholm, 1986; Epler 2001; Ferrington et al. 2019; Andersen, Cranston and Epler 2013","N","Rhithron Associates, Inc.","R. Spring",,
"732348ec-656f-44b6-a95f-e506aa50b32a","D08","MAYF","MAYF.AOS.reach","2019-03-11T15:00Z","2019-07-12","MAYF.20190311.SNAG.1","A00000048459",,"ENCSP1","Y","Enchytraeidae sp.",,,"Annelida",,,,,,,,,,,,,,,,,"none",7,,1,33,3,"N","N","condition OK","Y",,,,"Kathman and Brinkhurst, 1999","N","Rhithron Associates, Inc.","A. Fasbender",,
"ef536c1c-b6b2-4850-b2d5-6cbf8faf44fe","D08","MAYF","MAYF.AOS.reach","2019-03-11T15:00Z","2019-07-15","MAYF.20190311.SNAG.3","A00000048637",,"TANSP11","Y","Tanytarsus sp.",,,"Arthropoda",,,,,,,,,,,,,,,,,"larva",2,,11,100,11,"N","N","condition OK","Y",,,,"Weiderholm, 1983; Weiderholm, 1986; Epler 2001; Ferrington et al. 2019; Andersen, Cranston and Epler 2013","N","Rhithron Associates, Inc.","R. Spring",,
"dc8a0d67-e81d-49da-a14a-6714d6f8218e","D08","MAYF","MAYF.AOS.reach","2019-03-11T15:00Z","2019-07-15","MAYF.20190311.SNAG.3","A00000048637",,"TANSP11","Y","Tanytarsus sp.",,,"Arthropoda",,,,,,,,,,,,,,,,,"larva",1,,16,100,16,"N","N","condition OK","Y",,,,"Weiderholm, 1983; Weiderholm, 1986; Epler 2001; Ferrington et al. 2019; Andersen, Cranston and Epler 2013","N","Rhithron Associates, Inc.","R. Spring",,
"3ada4c8a-d1b1-4fc3-b205-bcef34daa97e","D08","MAYF","MAYF.AOS.reach","2019-03-11T15:00Z","2019-07-12","MAYF.20190311.SNAG.5","A00000048463",,"THISP2","Y","Thienemanniella sp.",,,"Arthropoda",,,,,,,,,,,,,,,,,"larva",2,,6,100,6,"N","N","condition OK","Y",,,,"Weiderholm, 1983; Weiderholm, 1986; Epler 2001; Ferrington et al. 2019; Andersen, Cranston and Epler 2013","N","Rhithron Associates, Inc.","R. Spring",,
"a7aa9de0-e800-44f7-a343-51fd914bdf7f","D08","MAYF","MAYF.AOS.reach","2019-03-11T15:00Z","2019-07-12","MAYF.20190311.SNAG.3","A00000048637",,"SIMSP1","Y","Simulium sp.",,,"Arthropoda",,,,,,,,,,,,,,,,,"larva",2,,7,100,7,"N","N","condition OK","Y",,,,"Adler et al. 2004; Merritt et al. 2019","N","Rhithron Associates, Inc.","B. Moore",,
"ee0e6b37-fa22-4b68-95c0-59a32937d9f8","D08","MAYF","MAYF.AOS.reach","2019-03-11T15:00Z","2019-07-12","MAYF.20190311.SNAG.5","A00000048463",,"THIGRO","Y","Thienemannimyia gr.",,,"Arthropoda",,,,,,,,,,,,,,,,,"larva",2,,1,100,1,"Y","N","condition OK","Y",,,,"Weiderholm, 1983; Weiderholm, 1986; Epler 2001; Ferrington et al. 2008; Andersen, Cranston and Epler 2017","N","Rhithron Associates, Inc.","R. Spring",,
"0eeab749-d84b-43e5-ac2c-78873ab3c973","D08","MAYF","MAYF.AOS.reach","2019-03-11T15:00Z","2019-07-12","MAYF.20190311.SNAG.4","A00000048462",,"ENCSP1","Y","Enchytraeidae sp.",,,"Annelida",,,,,,,,,,,,,,,,,"none",2,,3,100,3,"N","N","condition OK","Y",,,,"Kathman and Brinkhurst, 1999","N","Rhithron Associates, Inc.","A. Fasbender",,
"fd388d2e-79cb-44e6-8895-77c3641038bf","D08","MAYF","MAYF.AOS.reach","2019-03-11T15:00Z","2019-07-15","MAYF.20190311.SNAG.1","A00000048459",,"STISP1","Y","Stilocladius sp.",,,"Arthropoda",,,,,,,,,,,,,,,,,"larva",2,,1,33,3,"N","N","condition OK","Y",,,,"Weiderholm, 1983; Weiderholm, 1986; Epler 2001; Ferrington et al. 2019; Andersen, Cranston and Epler 2013","N","Rhithron Associates, Inc.","A. Fasbender",,
"c835209f-e010-45a2-b79c-a9470eec32c0","D08","MAYF","MAYF.AOS.reach","2019-03-11T15:00Z","2019-07-12","MAYF.20190311.SNAG.2","A00000048636",,"PLESP","Y","Plecoptera sp.",,,"Arthropoda",,,,,,,,,,,,,,,,,"larva",1,,68,100,68,"Y","N","condition OK","N",,,,"Merritt et al. 2019","N","Rhithron Associates, Inc.","B. Moore",,
"132da1d9-ad49-451b-ac9a-a55f96338f7c","D08","MAYF","MAYF.AOS.reach","2019-03-11T15:00Z","2019-07-15","MAYF.20190311.CORE.1","A00000048464",,"KLOSP","Y","Kloosia sp.",,,"Arthropoda",,,,,,,,,,,,,,,,,"larva",2,,1,100,1,"N","N","condition OK","Y",,,,"Thorp and Rogers 2016","Y","Rhithron Associates, Inc.","A. Fasbender","Reference Collection(1)",
"4a5780fd-5cbb-499b-8258-13556f75fcb0","D08","MAYF","MAYF.AOS.reach","2019-03-11T15:00Z","2019-07-15","MAYF.20190311.SNAG.2","A00000048636",,"ABLSP","Y","Ablabesmyia sp.",,,"Arthropoda",,,,,,,,,,,,,,,,,"larva",2,,1,100,1,"N","N","condition OK","Y",,,,"Weiderholm, 1983; Weiderholm, 1986; Epler 2001; Ferrington et al. 2019; Andersen, Cranston and Epler 2013","N","Rhithron Associates, Inc.","R. Spring",,
"9c732dd7-8a42-4220-86ee-dcd2a9daa920","D08","MAYF","MAYF.AOS.reach","2019-03-11T15:00Z","2019-07-12","MAYF.20190311.SNAG.2","A00000048636",,"ENCSP1","Y","Enchytraeidae sp.",,,"Annelida",,,,,,,,,,,,,,,,,"none",3,,2,100,2,"N","N","condition OK","Y",,,,"Kathman and Brinkhurst, 1999","N","Rhithron Associates, Inc.","A. Fasbender",,
"d503afde-9398-4634-95e3-b853ada5e3ac","D08","MAYF","MAYF.AOS.reach","2019-03-11T15:00Z","2019-07-15","MAYF.20190311.SNAG.1","A00000048459",,"RHESP1","Y","Rheocricotopus sp.",,,"Arthropoda",,,,,,,,,,,,,,,,,"larva",2,,56,33,170,"N","N","condition OK","Y",,,,"Weiderholm, 1983; Weiderholm, 1986; Epler 2001; Ferrington et al. 2019; Andersen, Cranston and Epler 2013","N","Rhithron Associates, Inc.","A. Fasbender",,
"8b750927-a95d-4f1f-a56b-ae61100f2e3d","D08","MAYF","MAYF.AOS.reach","2019-03-11T15:00Z","2019-07-15","MAYF.20190311.SNAG.3","A00000048637",,"CORSP19","Y","Corynoneura sp.",,,"Arthropoda",,,,,,,,,,,,,,,,,"larva",2,,1,100,1,"N","N","condition OK","Y",,,,"Weiderholm, 1983; Weiderholm, 1986; Epler 2001; Ferrington et al. 2019; Andersen, Cranston and Epler 2013","N","Rhithron Associates, Inc.","R. Spring",,
