uid,domainID,siteID,namedLocation,collectDate,sortDate,qcSortDate,sampleID,sampleCode,mixedInvertVialID,mixedInvertVialCode,chironomidVialID,chironomidVialCode,oligochaeteVialID,oligochaeteVialCode,largeInvertVialID,largeInvertVialCode,testProtocolVersion,primaryMatrix,preRinseVolume,postRinseVolume,subsamplePercent,qcSortingEfficacy,qcIterationCount,qcPercentSimilarity,laboratoryName,sortedBy,qcSortedBy,benchRemarks,dataQF,qcEnumerationDifference,qcTaxonomicDifference
"027f2b59-ad9c-4ca8-88a6-307f42df9adf","D08","MAYF","MAYF.AOS.reach","2019-03-11T15:00Z","2019-06-25","2019-06-25","MAYF.20190311.SNAG.1","A00000048459","MAYF.20190311.SNAG.1",,,,,,,,"RHITHRON_Macroinvertebrate_Identification_Revision1","fine organic",,,33.0,100.0,1,,"Rhithron Associates, Inc.","WO1ROMpMI5UERdFobeLniw==","LOdFES9HN1w=",,,,
"8f107516-7965-40d1-8ed5-6bd9495f1373","D08","MAYF","MAYF.AOS.reach","2019-03-11T15:00Z","2019-06-25","2019-06-25","MAYF.20190311.CORE.3","A00000048638","MAYF.20190311.CORE.3",,,,,,,,"RHITHRON_Macroinvertebrate_Identification_Revision1","other (specified in remarks)",,,100.0,100.0,1,,"Rhithron Associates, Inc.","yZFSmq1jJzE=","FtcfAjYRHgtys5Ba7LiLag==","fine inorganic",,,
"088e6737-e8b5-4d5c-ae08-e16a82e423bc","D08","MAYF","MAYF.AOS.reach","2019-03-11T15:00Z","2019-06-26","2019-06-26","MAYF.20190311.SNAG.4","A00000048462","MAYF.20190311.SNAG.4",,,,,,,,"RHITHRON_Macroinvertebrate_Identification_Revision1","fine organic",,,100.0,100.0,1,,"Rhithron Associates, Inc.","yZFSmq1jJzE=","jrNz6zwqS3Q=",,,,
"b1f2f0aa-9bbd-4d83-bf8c-320e6f4e577c","D08","MAYF","MAYF.AOS.reach","2019-03-11T15:00Z","2019-06-25","2019-06-25","MAYF.20190311.SNAG.5","A00000048463","MAYF.20190311.SNAG.5",,,,,,,,"RHITHRON_Macroinvertebrate_Identification_Revision1","fine organic",,,100.0,95.5,1,,"Rhithron Associates, Inc.","i1QflWRBxnudUqP2XRbJ5HtRIHlS+GcS","LOdFES9HN1w=",,,,
"15a6688f-015d-45ba-8d56-de1e22952413","D08","MAYF","MAYF.AOS.reach","2019-03-11T15:00Z","2019-06-25","2019-06-25","MAYF.20190311.SNAG.2","A00000048636","MAYF.20190311.SNAG.2",,,,,,,,"RHITHRON_Macroinvertebrate_Identification_Revision1","coarse organic",,,100.0,90.9,1,,"Rhithron Associates, Inc.","FtcfAjYRHgtys5Ba7LiLag==","LOdFES9HN1w=",,,,
"a8344888-2e57-45bb-902b-cd7c42e169ca","D08","MAYF","MAYF.AOS.reach","2019-03-11T15:00Z","2019-06-26","2019-06-26","MAYF.20190311.SNAG.3","A00000048637","MAYF.20190311.SNAG.3",,,,,,,,"RHITHRON_Macroinvertebrate_Identification_Revision1","fine organic",,,100.0,90.7,1,,"Rhithron Associates, Inc.","kcNHfEa00olgOMivYV39aQ==","jrNz6zwqS3Q=",,,,
"0bb99c2a-516d-4694-b60a-2d94773e58da","D08","MAYF","MAYF.AOS.reach","2019-03-11T15:00Z","2019-06-25","2019-06-25","MAYF.20190311.CORE.2","A00000048465","MAYF.20190311.CORE.2",,,,,,,,"RHITHRON_Macroinvertebrate_Identification_Revision1","other (specified in remarks)",,,100.0,100.0,1,,"Rhithron Associates, Inc.","FtcfAjYRHgtys5Ba7LiLag==","LOdFES9HN1w=","fine inorganic",,,
"21746c58-ecb6-4580-bf2d-73509ad60522","D08","MAYF","MAYF.AOS.reach","2019-03-11T15:00Z","2019-06-25","2019-06-25","MAYF.20190311.CORE.1","A00000048464","MAYF.20190311.CORE.1",,,,,,,,"RHITHRON_Macroinvertebrate_Identification_Revision1","other (specified in remarks)",,,100.0,100.0,1,,"Rhithron Associates, Inc.","egCH3wedmfhvZrvQbyFP8Q==","LOdFES9HN1w=","fine inorganic",,0.0,0.0
