uid,domainID,siteID,namedLocation,decimalLatitude,decimalLongitude,coordinateUncertainty,geodeticDatum,elevation,elevationUncertainty,aquaticSiteType,collectDate,eventID,boutNumber,sampleID,sampleCode,sampleCondition,geneticSampleID,geneticSampleCode,geneticSampleCond,samplingProtocolVersion,samplingImpractical,biophysicalCriteria,habitatType,samplerType,sampleNumber,substratumSizeClass,benthicArea,ponarDepth,snagLength,snagDiameter,dnaSnagLength,dnaSnagDiameter,remarks,recordedBy,collectedBy,dataQF
"27f90e9c-dcfe-4e69-ab42-3ec1f21e811b","D08","MAYF","MAYF.AOS.reach",32.960365,-87.407688,1000.0,"WGS84",76.7,1000.0,"stream","2019-03-11T15:00Z","MAYF.20190311",1,"MAYF.20190311.SNAG.3","A00000048637",,"MAYF.20190311.SNAG.3.DNA","A00000048461",,"NEON.DOC.003046vC",,,"riffle","snag",3,"pebble",0.177,,94.00,6.00,,,,"0000-0002-4103-6144","0000-0002-9743-3915",
"f6e9de24-72f6-4798-8abe-b2f9496649ed","D08","MAYF","MAYF.AOS.reach",32.960365,-87.407688,1000.0,"WGS84",76.7,1000.0,"stream","2019-03-11T15:00Z","MAYF.20190311",1,"MAYF.20190311.SNAG.2","A00000048636",,"MAYF.20190311.SNAG.2.DNA","A00000048460",,"NEON.DOC.003046vC",,,"run","snag",2,"sand",0.351,,93.00,12.00,,,,"0000-0002-4103-6144","0000-0002-9743-3915",
"fc09269b-62c2-4a4d-b593-4d7c4fba3097","D08","MAYF","MAYF.AOS.reach",32.960365,-87.407688,1000.0,"WGS84",76.7,1000.0,"stream","2019-03-11T15:00Z","MAYF.20190311",1,"MAYF.20190311.SNAG.4","A00000048462",,,,,"NEON.DOC.003046vC",,,"run","snag",4,"sand",0.045,,36.00,4.00,,,"Sample collected during flooding (staff gauge rose past 0.85 m)","0000-0002-4103-6144","0000-0002-9743-3915",
"aa1c64cb-3692-4d0f-a674-72599858dfe9","D08","MAYF","MAYF.AOS.reach",32.960365,-87.407688,1000.0,"WGS84",76.7,1000.0,"stream","2019-03-11T15:00Z","MAYF.20190311",1,"MAYF.20190311.SNAG.5","A00000048463",,,,,"NEON.DOC.003046vC",,,"pool","snag",5,"sand",0.098,,104.00,3.00,,,"Sample collected during flooding (staff gauge rose past 0.85 m)","0000-0002-4103-6144","0000-0002-9743-3915",
"529ca129-1a28-49f7-99ef-e759c29dafb9","D08","MAYF","MAYF.AOS.reach",32.960365,-87.407688,1000.0,"WGS84",76.7,1000.0,"stream","2019-03-11T15:00Z","MAYF.20190311",1,"MAYF.20190311.SNAG.1","A00000048459",,"MAYF.20190311.SNAG.1.DNA","A00000048619",,"NEON.DOC.003046vC",,,"run","snag",1,"sand",0.141,,112.00,4.00,,,,"0000-0002-4103-6144","0000-0002-9743-3915",
"0f16d7bc-3938-4a1f-b4b1-e399c4c39ded","D08","MAYF","MAYF.AOS.reach",32.960365,-87.407688,1000.0,"WGS84",76.7,1000.0,"stream","2019-03-11T15:00Z","MAYF.20190311",1,"MAYF.20190311.CORE.1","A00000048464",,,,,"NEON.DOC.003046vC",,,"run","core",1,"sand",0.006,,,,,,,"0000-0002-4103-6144","0000-0002-9743-3915",
"9c8a9795-44e5-46f4-afee-eccce15e9c3e","D08","MAYF","MAYF.AOS.reach",32.960365,-87.407688,1000.0,"WGS84",76.7,1000.0,"stream","2019-03-11T15:00Z","MAYF.20190311",1,"MAYF.20190311.CORE.2","A00000048465",,,,,"NEON.DOC.003046vC",,,"run","core",2,"sand",0.006,,,,,,"Sample collected during flooding (staff gauge rose past 0.85 m)","0000-0002-4103-6144","0000-0002-9743-3915",
"44891b81-de5a-43c4-817e-dc8803510c1f","D08","MAYF","MAYF.AOS.reach",32.960365,-87.407688,1000.0,"WGS84",76.7,1000.0,"stream","2019-03-11T15:00Z","MAYF.20190311",1,"MAYF.20190311.CORE.3","A00000048638",,,,,"NEON.DOC.003046vC",,,"run","core",3,"sand",0.006,,,,,,"Sample collected during flooding (staff gauge rose past 0.85 m)","0000-0002-4103-6144","0000-0002-9743-3915",
