uid,domainID,siteID,namedLocation,startDate,collectDate,sampleID,sampleCode,slideID,slideCode,scientificName,morphospeciesID,referenceCount,referenceID,referenceCode,archiveLabSampleMedium,laboratoryName,dataQF
"aefbb2ad-44cb-499e-9f34-dbcc2a60caf2","D08","MAYF","MAYF.AOS.reach","2019-03-11T15:00Z","2019-03-11T15:00Z","MAYF.20190311.SNAG.4","A00000048462",,,"Maccaffertium modestum",,1,"V62",,,"Rhithron Associates, Inc.",
"5083c053-fbd7-4a18-9446-0bc524470f9f","D08","MAYF","MAYF.AOS.reach","2019-03-11T15:00Z","2019-03-11T15:00Z","MAYF.20190311.SNAG.5","A00000048463",,,"Stilocladius sp.",,1,"C36",,,"Rhithron Associates, Inc.",
"4aecbfa6-526c-4d60-879e-7e7cb20d7260","D08","MAYF","MAYF.AOS.reach","2019-03-11T15:00Z","2019-03-11T15:00Z","MAYF.20190311.SNAG.1","A00000048459",,,"Cryptochironomus sp.",,1,"C53",,,"Rhithron Associates, Inc.",
"a99ac7a0-241e-4bc7-b9ab-135f115399fd","D08","MAYF","MAYF.AOS.reach","2019-03-11T15:00Z","2019-03-11T15:00Z","MAYF.20190311.SNAG.5","A00000048463",,,"Oecetis furva gr.",,1,"V59",,,"Rhithron Associates, Inc.",
"2bad5deb-d6b9-4f2a-af23-11f8398016ba","D08","MAYF","MAYF.AOS.reach","2019-03-11T15:00Z","2019-03-11T15:00Z","MAYF.20190311.CORE.1","A00000048464",,,"Demicryptochironomus sp.",,1,"C47",,,"Rhithron Associates, Inc.",
"ea9b3e84-ae00-49ab-92d0-ff70c886100f","D08","MAYF","MAYF.AOS.reach","2019-03-11T15:00Z","2019-03-11T15:00Z","MAYF.20190311.SNAG.3","A00000048637",,,"Perlesta sp.",,1,"V74",,,"Rhithron Associates, Inc.",
"673dc3d6-c0b7-4f79-b04a-42c74395a07a","D08","MAYF","MAYF.AOS.reach","2019-03-11T15:00Z","2019-03-11T15:00Z","MAYF.20190311.SNAG.3","A00000048637",,,"Dolichopodidae sp.",,1,"V75",,,"Rhithron Associates, Inc.",
"252124c2-03b1-4fbf-907b-361d538a33f9","D08","MAYF","MAYF.AOS.reach","2019-03-11T15:00Z","2019-03-11T15:00Z","MAYF.20190311.SNAG.3","A00000048637",,,"Pristina aequiseta",,1,"O4",,,"Rhithron Associates, Inc.",
"d91fd6ee-24f8-418b-abcc-e8cda934d0f6","D08","MAYF","MAYF.AOS.reach","2019-03-11T15:00Z","2019-03-11T15:00Z","MAYF.20190311.CORE.2","A00000048465",,,"Progomphus obscurus",,1,"V80",,,"Rhithron Associates, Inc.",
"fb022471-ec5a-475c-8655-90e6e519459e","D08","MAYF","MAYF.AOS.reach","2019-03-11T15:00Z","2019-03-11T15:00Z","MAYF.20190311.SNAG.5","A00000048463",,,"Nyctiophylax sp.",,1,"V58",,,"Rhithron Associates, Inc.",
"f95e7d03-bf55-46a7-9aac-cb861ff6d747","D08","MAYF","MAYF.AOS.reach","2019-03-11T15:00Z","2019-03-11T15:00Z","MAYF.20190311.SNAG.3","A00000048637",,,"Pristina sp.",,1,"O5",,,"Rhithron Associates, Inc.",
"0c564ffa-50fb-45fd-a289-b70e3d2eb3c2","D08","MAYF","MAYF.AOS.reach","2019-03-11T15:00Z","2019-03-11T15:00Z","MAYF.20190311.SNAG.2","A00000048636",,,"Haploperla sp.",,1,"V82",,,"Rhithron Associates, Inc.",
"37cebded-5760-448c-836a-523e96c5b75e","D08","MAYF","MAYF.AOS.reach","2019-03-11T15:00Z","2019-03-11T15:00Z","MAYF.20190311.SNAG.1","A00000048459",,,"Rheocricotopus sp.",,1,"C51",,,"Rhithron Associates, Inc.",
"eee7cb8b-8c81-4c6a-9b3c-ccd3d77518fe","D08","MAYF","MAYF.AOS.reach","2019-03-11T15:00Z","2019-03-11T15:00Z","MAYF.20190311.SNAG.2","A00000048636",,,"Acroneuria sp.",,1,"V81",,,"Rhithron Associates, Inc.",
"81b8d63a-75a1-4d1f-a8cb-01c6db42a8e8","D08","MAYF","MAYF.AOS.reach","2019-03-11T15:00Z","2019-03-11T15:00Z","MAYF.20190311.CORE.1","A00000048464",,,"Kloosia sp.",,1,"C48",,,"Rhithron Associates, Inc.",
"66568f1f-901f-4b8d-86d5-9633af511abd","D08","MAYF","MAYF.AOS.reach","2019-03-11T15:00Z","2019-03-11T15:00Z","MAYF.20190311.SNAG.5","A00000048463",,,"Hemerodromia sp.",,1,"V60",,,"Rhithron Associates, Inc.",
"80a2c630-f2df-413e-aa1c-5c3a39c5286d","D08","MAYF","MAYF.AOS.reach","2019-03-11T15:00Z","2019-03-11T15:00Z","MAYF.20190311.SNAG.4","A00000048462",,,"Collembola sp.",,1,"V65",,,"Rhithron Associates, Inc.",
"b89e14c5-d9a1-41ff-8804-6ac9e14de10a","D08","MAYF","MAYF.AOS.reach","2019-03-11T15:00Z","2019-03-11T15:00Z","MAYF.20190311.SNAG.1","A00000048459",,,"Pentaneura sp.",,1,"C58",,,"Rhithron Associates, Inc.",
"0039c569-4ef6-48cc-aa0b-f52466eb7b7c","D08","MAYF","MAYF.AOS.reach","2019-03-11T15:00Z","2019-03-11T15:00Z","MAYF.20190311.SNAG.4","A00000048462",,,"Pristina longiseta",,1,"O6",,,"Rhithron Associates, Inc.",
"7d3cc3f0-ebf9-4889-bd53-1ef2085b3b4f","D08","MAYF","MAYF.AOS.reach","2019-03-11T15:00Z","2019-03-11T15:00Z","MAYF.20190311.CORE.2","A00000048465",,,"Cladotanytarsus sp.",,1,"C37",,,"Rhithron Associates, Inc.",
"5cc2555e-4bcb-43d3-bb75-8a5be29b4538","D08","MAYF","MAYF.AOS.reach","2019-03-11T15:00Z","2019-03-11T15:00Z","MAYF.20190311.SNAG.1","A00000048459",,,"Psectrocladius sp.",,1,"C49",,,"Rhithron Associates, Inc.",
