uid,domainID,siteID,namedLocation,startDate,collectDate,sampleID,sampleCode,slideID,slideCode,scientificName,morphospeciesID,referenceCount,referenceID,referenceCode,archiveLabSampleMedium,laboratoryName,dataQF
"203106d8-5312-4e25-87fa-1f2c3aef3aef","D17","BIGC","BIGC.AOS.reach","2019-07-17T16:10Z","2019-07-17T16:10Z","BIGC.20190717.SURBER.6","A00000062769",,,"Arctopsychinae sp.",,2,"BIGC.20190717.SURBER.6_ARCTOPSYCHINAE SP.",,,"EcoAnalysts Inc.",
"be359bc8-c6f1-465e-b28c-69051e6965a4","D17","BIGC","BIGC.AOS.reach","2019-07-17T16:10Z","2019-07-17T16:10Z","BIGC.20190717.SURBER.8","A00000062766",,,"Lumbricina sp.",,1,"BIGC.20190717.SURBER.8_LUMBRICINA SP.",,,"EcoAnalysts Inc.",
"2eb33860-2d81-4458-aaec-6fc3a5c2d1bf","D17","BIGC","BIGC.AOS.reach","2019-07-17T16:10Z","2019-07-17T16:10Z","BIGC.20190717.SURBER.3","A00000062772",,,"Protzia sp.",,2,"BIGC.20190717.SURBER.3_PROTZIA SP.",,,"EcoAnalysts Inc.",
"7b31676a-a04e-476a-bb40-549aedad27e6","D17","BIGC","BIGC.AOS.reach","2019-07-17T16:10Z","2019-07-17T16:10Z","BIGC.20190717.SURBER.8","A00000062766",,,"Naididae sp.",,1,"BIGC.20190717.SURBER.8_NAIDIDAE SP.",,,"EcoAnalysts Inc.",
"4385a505-538e-4bcf-b47d-b057ec6ee95f","D17","BIGC","BIGC.AOS.reach","2019-07-17T16:10Z","2019-07-17T16:10Z","BIGC.20190717.SURBER.8","A00000062766",,,"Tokunagaia sp.",,1,"BIGC.20190717.SURBER.8_TOKUNAGAIA SP.",,,"EcoAnalysts Inc.",
"4e8f6884-c346-40c7-8617-e265668c5678","D17","BIGC","BIGC.AOS.reach","2019-07-17T16:10Z","2019-07-17T16:10Z","BIGC.20190717.SURBER.7","A00000062768",,,"Glossosomatidae sp.",,1,"BIGC.20190717.SURBER.7_GLOSSOSOMATIDAE SP.",,,"EcoAnalysts Inc.",
"b8968e1a-aa33-4676-bb0d-56b8f78737a4","D17","BIGC","BIGC.AOS.reach","2019-07-17T16:10Z","2019-07-17T16:10Z","BIGC.20190717.SURBER.5","A00000062770",,,"Forcipomyiinae sp.",,1,"BIGC.20190717.SURBER.5_FORCIPOMYIINAE SP.",,,"EcoAnalysts Inc.",
"3cfa9434-31d5-47d8-bb5e-5d7039cdb257","D17","BIGC","BIGC.AOS.reach","2019-07-17T16:10Z","2019-07-17T16:10Z","BIGC.20190717.SURBER.7","A00000062768",,,"Ephemeroptera sp.",,1,"BIGC.20190717.SURBER.7_EPHEMEROPTERA SP.",,,"EcoAnalysts Inc.",
"fcf427e7-6825-44d5-8d51-151c68772d58","D17","BIGC","BIGC.AOS.reach","2019-07-17T16:10Z","2019-07-17T16:10Z","BIGC.20190717.SURBER.7","A00000062768",,,"Simuliidae sp.",,1,"BIGC.20190717.SURBER.7_SIMULIIDAE SP.",,,"EcoAnalysts Inc.",
"ce1f1efc-d49a-4493-a175-40673380774f","D17","BIGC","BIGC.AOS.reach","2019-07-17T16:10Z","2019-07-17T16:10Z","BIGC.20190717.SURBER.1","A00000062774",,,"Synorthocladius sp.",,1,"BIGC.20190717.SURBER.1_SYNORTHOCLADIUS SP.",,,"EcoAnalysts Inc.",
"8e245ca7-3348-4783-adb2-87cc41dd56bc","D17","BIGC","BIGC.AOS.reach","2019-07-17T16:10Z","2019-07-17T16:10Z","BIGC.20190717.SURBER.2","A00000062773",,,"Serratella levis",,1,"BIGC.20190717.SURBER.2_SERRATELLA LEVIS",,,"EcoAnalysts Inc.",
"9c507c4f-7ee7-4e1f-bf90-df8d0b9e52d7","D17","BIGC","BIGC.AOS.reach","2019-07-17T16:10Z","2019-07-17T16:10Z","BIGC.20190717.SURBER.3","A00000062772",,,"Corydalidae sp.",,1,"BIGC.20190717.SURBER.3_CORYDALIDAE SP.",,,"EcoAnalysts Inc.",
"81ac74c6-91ea-4013-bfbd-30681b0c5c03","D17","BIGC","BIGC.AOS.reach","2019-07-17T16:10Z","2019-07-17T16:10Z","BIGC.20190717.SURBER.7","A00000062768",,,"Elmidae sp.",,2,"BIGC.20190717.SURBER.7_ELMIDAE SP.",,,"EcoAnalysts Inc.",
"a2ad956d-2337-45e8-a2a1-d0721a77865f","D17","BIGC","BIGC.AOS.reach","2019-07-17T16:10Z","2019-07-17T16:10Z","BIGC.20190717.SURBER.5","A00000062770",,,"Drunella grandis",,1,"BIGC.20190717.SURBER.5_DRUNELLA GRANDIS",,,"EcoAnalysts Inc.",
"55fae8d2-f934-4e52-8899-37e17c82c86a","D17","BIGC","BIGC.AOS.reach","2019-07-17T16:10Z","2019-07-17T16:10Z","BIGC.20190717.SURBER.6","A00000062769",,,"Trichoptera sp.",,1,"BIGC.20190717.SURBER.6_TRICHOPTERA SP.",,,"EcoAnalysts Inc.",
"ae4bcec5-7844-453f-8aa6-cbdbbe7bc835","D17","BIGC","BIGC.AOS.reach","2019-07-17T16:10Z","2019-07-17T16:10Z","BIGC.20190717.SURBER.1","A00000062774",,,"Pisidiidae sp.",,1,"BIGC.20190717.SURBER.1_SPHAERIIDAE SP.",,,"EcoAnalysts Inc.",
"8cff2402-91c0-4fd9-aaa5-a9955b84180a","D17","BIGC","BIGC.AOS.reach","2019-07-17T16:10Z","2019-07-17T16:10Z","BIGC.20190717.SURBER.7","A00000062768",,,"Caenis sp.",,1,"BIGC.20190717.SURBER.7_CAENIS SP.",,,"EcoAnalysts Inc.",
"d97ae8b7-3b14-4033-b870-b0f96e94eacf","D17","BIGC","BIGC.AOS.reach","2019-07-17T16:10Z","2019-07-17T16:10Z","BIGC.20190717.SURBER.4","A00000062771",,,"Simuliidae sp.",,1,"BIGC.20190717.SURBER.4_SIMULIIDAE SP.",,,"EcoAnalysts Inc.",
"02c712c2-d892-4de8-87ee-3074c89ac1d5","D17","BIGC","BIGC.AOS.reach","2019-07-17T16:10Z","2019-07-17T16:10Z","BIGC.20190717.SURBER.1","A00000062774",,,"Hydroptilidae sp.",,3,"BIGC.20190717.SURBER.1_HYDROPTILIDAE SP.",,,"EcoAnalysts Inc.",
"1e485586-4ea2-4f25-bac1-a61aef6139cf","D17","BIGC","BIGC.AOS.reach","2019-07-17T16:10Z","2019-07-17T16:10Z","BIGC.20190717.SURBER.1","A00000062774",,,"Pagastia sp.",,1,"BIGC.20190717.SURBER.1_PAGASTIA SP.",,,"EcoAnalysts Inc.",
"0d0446b9-dd20-4ddb-be5b-06ab973f3747","D17","BIGC","BIGC.AOS.reach","2019-07-17T16:10Z","2019-07-17T16:10Z","BIGC.20190717.SURBER.4","A00000062771",,,"Dero sp.",,1,"BIGC.20190717.SURBER.4_DERO SP.",,,"EcoAnalysts Inc.",
"9c84a561-a729-430b-9ad2-f8a295903d67","D17","BIGC","BIGC.AOS.reach","2019-07-17T16:10Z","2019-07-17T16:10Z","BIGC.20190717.SURBER.5","A00000062770",,,"Brachycentridae sp.",,1,"BIGC.20190717.SURBER.5_BRACHYCENTRIDAE SP.",,,"EcoAnalysts Inc.",
"7bf92dc5-73e4-4d16-a129-ff5e7590e41a","D17","BIGC","BIGC.AOS.reach","2019-07-17T16:10Z","2019-07-17T16:10Z","BIGC.20190717.SURBER.7","A00000062768",,,"Dixa sp.",,2,"BIGC.20190717.SURBER.7_DIXA SP.",,,"EcoAnalysts Inc.",
"53b48b50-023c-442f-89db-45d03838bff0","D17","BIGC","BIGC.AOS.reach","2019-07-17T16:10Z","2019-07-17T16:10Z","BIGC.20190717.SURBER.6","A00000062769",,,"Potthastia gaedii gr.",,1,"BIGC.20190717.SURBER.6_POTTHASTIA GAEDII GR.",,,"EcoAnalysts Inc.",
"c9850604-1816-44d4-892f-3d4197b3e5a8","D17","BIGC","BIGC.AOS.reach","2019-07-17T16:10Z","2019-07-17T16:10Z","BIGC.20190717.SURBER.1","A00000062774",,,"Hydropsychidae sp.",,1,"BIGC.20190717.SURBER.1_HYDROPSYCHIDAE SP.",,,"EcoAnalysts Inc.",
"79058d63-7248-4327-ad9d-3e85209436d2","D17","BIGC","BIGC.AOS.reach","2019-07-17T16:10Z","2019-07-17T16:10Z","BIGC.20190717.SURBER.2","A00000062773",,,"Psilometriocnemus triannulatus",,1,"BIGC.20190717.SURBER.2_PSILOMETRIOCNEMUS TRIANNULATUS",,,"EcoAnalysts Inc.",
