uid,domainID,siteID,namedLocation,collectDate,sortDate,qcSortDate,sampleID,sampleCode,mixedInvertVialID,mixedInvertVialCode,chironomidVialID,chironomidVialCode,oligochaeteVialID,oligochaeteVialCode,largeInvertVialID,largeInvertVialCode,testProtocolVersion,primaryMatrix,preRinseVolume,postRinseVolume,subsamplePercent,qcSortingEfficacy,qcIterationCount,qcPercentSimilarity,laboratoryName,sortedBy,qcSortedBy,benchRemarks,dataQF,qcEnumerationDifference,qcTaxonomicDifference
"5c6f4914-7ab8-4cb6-907f-86c450184a5f","D17","BIGC","BIGC.AOS.reach","2019-07-17T16:10Z","2019-10-10","2019-10-20","BIGC.20190717.SURBER.7","A00000062768","BIGC.20190717.SURBER.7",,,,,,,,"ECOANALYSTS_Macroinvertebrate_Identification_Revision4","other (specified in remarks)",0.04,0.04,35.6,92.3,2,,"EcoAnalysts Inc.","FDBFIfBktdl+XmYpYZQBzg==","BiR1PG3qYHnG+SNIMM2WVA==","Inorganic",,3.5,9.0
"943ef889-38b4-4e07-af4e-154cc86cac86","D17","BIGC","BIGC.AOS.reach","2019-07-17T16:10Z","2019-10-06","2019-10-07","BIGC.20190717.SURBER.4","A00000062771","BIGC.20190717.SURBER.4",,,,,,,,"ECOANALYSTS_Macroinvertebrate_Identification_Revision4","other (specified in remarks)",0.10,0.01,11.7,93.0,1,,"EcoAnalysts Inc.","FDBFIfBktdl+XmYpYZQBzg==","AWuQPoGBzik=","Inorganic",,,
"b074e31e-0f39-4c60-a927-9c95d8c51c08","D17","BIGC","BIGC.AOS.reach","2019-07-17T16:10Z","2019-10-05","2019-10-07","BIGC.20190717.SURBER.3","A00000062772","BIGC.20190717.SURBER.3",,,,,,,,"ECOANALYSTS_Macroinvertebrate_Identification_Revision4","other (specified in remarks)",0.01,0.01,8.8,93.6,1,,"EcoAnalysts Inc.","FDBFIfBktdl+XmYpYZQBzg==","AWuQPoGBzik=","Inorganic",,,
"bcaa1c1f-c415-4479-937e-76c04dd24109","D17","BIGC","BIGC.AOS.reach","2019-07-17T16:10Z","2019-10-04","2019-10-07","BIGC.20190717.SURBER.1","A00000062774","BIGC.20190717.SURBER.1",,,,,,,,"ECOANALYSTS_Macroinvertebrate_Identification_Revision4","coarse organic",0.04,0.04,20.5,90.1,1,,"EcoAnalysts Inc.","FDBFIfBktdl+XmYpYZQBzg==","AWuQPoGBzik=",,,,
"7a2a6c49-f66f-4b85-a853-f49893e46095","D17","BIGC","BIGC.AOS.reach","2019-07-17T16:10Z","2019-10-09","2019-10-15","BIGC.20190717.SURBER.6","A00000062769","BIGC.20190717.SURBER.6",,,,,,,,"ECOANALYSTS_Macroinvertebrate_Identification_Revision4","other (specified in remarks)",0.17,0.15,3.9,98.5,1,,"EcoAnalysts Inc.","FDBFIfBktdl+XmYpYZQBzg==","BiR1PG3qYHnG+SNIMM2WVA==","Vegetation",,,
"7cec2227-4460-4dd0-ab29-89d7e38d904c","D17","BIGC","BIGC.AOS.reach","2019-07-17T16:10Z","2019-10-06","2019-10-08","BIGC.20190717.SURBER.5","A00000062770","BIGC.20190717.SURBER.5",,,,,,,,"ECOANALYSTS_Macroinvertebrate_Identification_Revision4","other (specified in remarks)",0.05,0.04,16.4,100.0,2,,"EcoAnalysts Inc.","FDBFIfBktdl+XmYpYZQBzg==","AWuQPoGBzik=","Inorganic",,,
"9e0a365d-6799-44a7-b5bc-3a4554fc67df","D17","BIGC","BIGC.AOS.reach","2019-07-17T16:10Z","2019-10-11","2019-10-17","BIGC.20190717.SURBER.8","A00000062766","BIGC.20190717.SURBER.8",,,,,,,,"ECOANALYSTS_Macroinvertebrate_Identification_Revision4","other (specified in remarks)",0.17,0.05,3.1,93.8,1,,"EcoAnalysts Inc.","FDBFIfBktdl+XmYpYZQBzg==","BiR1PG3qYHnG+SNIMM2WVA==","Vegetation",,,
"98661799-2e75-4054-8f0e-55122836f9db","D17","BIGC","BIGC.AOS.reach","2019-07-17T16:10Z","2019-10-05","2019-10-07","BIGC.20190717.SURBER.2","A00000062773","BIGC.20190717.SURBER.2",,,,,,,,"ECOANALYSTS_Macroinvertebrate_Identification_Revision4","other (specified in remarks)",0.10,0.03,6.3,99.0,1,,"EcoAnalysts Inc.","FDBFIfBktdl+XmYpYZQBzg==","AWuQPoGBzik=","Inorganic",,,
