uid,domainID,siteID,namedLocation,decimalLatitude,decimalLongitude,coordinateUncertainty,geodeticDatum,elevation,elevationUncertainty,aquaticSiteType,collectDate,eventID,boutNumber,sampleID,sampleCode,sampleCondition,geneticSampleID,geneticSampleCode,geneticSampleCond,samplingProtocolVersion,samplingImpractical,biophysicalCriteria,habitatType,samplerType,sampleNumber,substratumSizeClass,benthicArea,ponarDepth,snagLength,snagDiameter,dnaSnagLength,dnaSnagDiameter,remarks,recordedBy,collectedBy,dataQF
"35d775f4-3b15-4d57-84cd-9da4e82f965b","D17","BIGC","BIGC.AOS.reach",37.059719,-119.257549,1000.0,"WGS84",1197.0,1000.0,"stream","2019-07-17T16:10Z","BIGC.20190717",2,"BIGC.20190717.SURBER.5","A00000062770",,,,,"NEON.DOC.003046vC",,,"run","surber",5,"cobble",0.093,,,,,,,"0000-0001-7072-0706","0000-0001-5002-5407",
"9a55d600-d9bf-443a-8983-04fc3b474f25","D17","BIGC","BIGC.AOS.reach",37.059719,-119.257549,1000.0,"WGS84",1197.0,1000.0,"stream","2019-07-17T16:10Z","BIGC.20190717",2,"BIGC.20190717.SURBER.6","A00000062769",,,,,"NEON.DOC.003046vC",,,"riffle","surber",6,"cobble",0.093,,,,,,,"0000-0001-7072-0706","0000-0001-5002-5407",
"8410db9a-1d1d-47e0-8579-ef9323000caf","D17","BIGC","BIGC.AOS.reach",37.059719,-119.257549,1000.0,"WGS84",1197.0,1000.0,"stream","2019-07-17T16:10Z","BIGC.20190717",2,"BIGC.20190717.SURBER.2","A00000062773",,"BIGC.20190717.SURBER.2.DNA","A00000062746",,"NEON.DOC.003046vC",,,"run","surber",2,"cobble",0.093,,,,,,,"0000-0001-7072-0706","0000-0001-5002-5407",
"3f6054a4-a734-48de-9b8c-665bcb2f5f0b","D17","BIGC","BIGC.AOS.reach",37.059719,-119.257549,1000.0,"WGS84",1197.0,1000.0,"stream","2019-07-17T16:10Z","BIGC.20190717",2,"BIGC.20190717.SURBER.8","A00000062766",,,,,"NEON.DOC.003046vC",,,"riffle","surber",8,"cobble",0.093,,,,,,,"0000-0001-7072-0706","0000-0001-5002-5407",
"acf9e61a-0b44-4d43-b11b-fc701d0dedae","D17","BIGC","BIGC.AOS.reach",37.059719,-119.257549,1000.0,"WGS84",1197.0,1000.0,"stream","2019-07-17T16:10Z","BIGC.20190717",2,"BIGC.20190717.SURBER.4","A00000062771",,,,,"NEON.DOC.003046vC",,,"run","surber",4,"cobble",0.093,,,,,,,"0000-0001-7072-0706","0000-0001-5002-5407",
"379f4d65-8d20-4545-aa99-8b65c5391353","D17","BIGC","BIGC.AOS.reach",37.059719,-119.257549,1000.0,"WGS84",1197.0,1000.0,"stream","2019-07-17T16:10Z","BIGC.20190717",2,"BIGC.20190717.SURBER.1","A00000062774",,"BIGC.20190717.SURBER.1.DNA","A00000062767",,"NEON.DOC.003046vC",,,"run","surber",1,"cobble",0.093,,,,,,,"0000-0001-7072-0706","0000-0001-5002-5407",
"486d7f8a-1e30-49f3-8557-3fb6672e6f71","D17","BIGC","BIGC.AOS.reach",37.059719,-119.257549,1000.0,"WGS84",1197.0,1000.0,"stream","2019-07-17T16:10Z","BIGC.20190717",2,"BIGC.20190717.SURBER.3","A00000062772",,"BIGC.20190717.SURBER.3.DNA","A00000062747",,"NEON.DOC.003046vC",,,"run","surber",3,"pebble",0.093,,,,,,,"0000-0001-7072-0706","0000-0001-5002-5407",
"39c8cbf5-0c80-4b90-809c-759746936890","D17","BIGC","BIGC.AOS.reach",37.059719,-119.257549,1000.0,"WGS84",1197.0,1000.0,"stream","2019-07-17T16:10Z","BIGC.20190717",2,"BIGC.20190717.SURBER.7","A00000062768",,,,,"NEON.DOC.003046vC",,,"riffle","surber",7,"pebble",0.093,,,,,,,"0000-0001-7072-0706","0000-0001-5002-5407",
