name,pubCode,description,startDate,endDate
"rip.riparianDirection","upstream","Upstream",2012-01-01T00:00:00Z,
"rip.riparianDirection","downstream","Downstream",2012-01-01T00:00:00Z,
"rip.riparianDirection","river Right","River Right",2012-01-01T00:00:00Z,
"rip.riparianDirection","river Left","River Left",2012-01-01T00:00:00Z,
"rip.riparianLocation","Center","Center",2012-01-01T00:00:00Z,
"rip.riparianLocation","Left Bank","Left Bank",2012-01-01T00:00:00Z,
"rip.riparianLocation","Right Bank","Right Bank",2012-01-01T00:00:00Z,
"rip.samplingProtocolVersion","NEON.DOC.001195vA","NEON.DOC.001195vA",2012-01-01T00:00:00Z,
"rip.samplingProtocolVersion","NEON.DOC.001195vB","NEON.DOC.001195vB",2012-01-01T00:00:00Z,
"rip.samplingProtocolVersion","NEON.DOC.001195vC","NEON.DOC.001195vC",2012-01-01T00:00:00Z,
"rip.samplingProtocolVersion","NEON.DOC.001195vD","NEON.DOC.001195vD",2012-01-01T00:00:00Z,
"rip.samplingProtocolVersion","NEON.DOC.001195vE","NEON.DOC.001195vE",2012-01-01T00:00:00Z,
"rip.samplingProtocolVersion","NEON.DOC.001196vA","NEON.DOC.001196vA",2012-01-01T00:00:00Z,
"rip.samplingProtocolVersion","NEON.DOC.001196vB","NEON.DOC.001196vB",2012-01-01T00:00:00Z,
"rip.samplingProtocolVersion","NEON.DOC.001196vC","NEON.DOC.001196vC",2012-01-01T00:00:00Z,
"rip.samplingProtocolVersion","NEON.DOC.001196vD","NEON.DOC.001196vD",2012-01-01T00:00:00Z,
"rip.samplingProtocolVersion","NEON.DOC.001196vE","NEON.DOC.001196vE",2012-01-01T00:00:00Z,
"rip.samplingProtocolVersion","NEON.DOC.003826vA","NEON.DOC.003826vA",2012-01-01T00:00:00Z,
"rip.samplingProtocolVersion","NEON.DOC.003826vB","NEON.DOC.003826vB",2012-01-01T00:00:00Z,
"rip.samplingProtocolVersion","NEON.DOC.003826vC","NEON.DOC.003826vC",2012-01-01T00:00:00Z,
"rip.samplingProtocolVersion","NEON.DOC.003826vD","NEON.DOC.003826vD",2018-11-01T00:00:00Z,
"rip.samplingProtocolVersion","NEON.DOC.003826vE","NEON.DOC.003826vE",2020-04-01T00:00:00Z,
"rip.samplingProtocolVersion","NEON.DOC.003826vF","NEON.DOC.003826vF",2022-01-01T00:00:00Z,
"samplingImpractical","location dry","location dry",2012-01-01T00:00:00Z,
"samplingImpractical","location frozen","location frozen",2012-01-01T00:00:00Z,
"samplingImpractical","location snow covered","location snow covered",2012-01-01T00:00:00Z,
"samplingImpractical","other","Sampling location inaccessible due to other ecological reason described in the remarks",2012-01-01T00:00:00Z,
"samplingImpractical","shallow groundwater","shallow groundwater; depth of groundwater column less than 0.5 m",2012-01-01T00:00:00Z,
"samplingImpractical","low yield groundwater","low yield groundwater well",2012-01-01T00:00:00Z,
"samplingImpractical","high water velocity","high water velocity",2012-01-01T00:00:00Z,
"samplingImpractical","staff gauge disturbed","staff gauge disturbed",2012-01-01T00:00:00Z,
"samplingImpractical","staff gauge not installed","staff gauge not installed",2012-01-01T00:00:00Z,
"samplingImpractical","OK","OK",2012-01-01T00:00:00Z,
"samplingImpractical","coordinates not suitable","Maximum number of attempts made to sample within a subplot were unsuccessful",2012-01-01T00:00:00Z,
"samplingImpractical","location flooded","location flooded",2012-01-01T00:00:00Z,
"samplingImpractical","logistical","logistical",2012-01-01T00:00:00Z,
"samplingImpractical","management","management",2012-01-01T00:00:00Z,
"samplingImpractical","extreme weather","extreme weather",2012-01-01T00:00:00Z,
"samplingImpractical","location burned","location burned",2012-01-01T00:00:00Z,
"samplingImpractical","temperature low","temperature low",2012-01-01T00:00:00Z,
"samplingImpractical","temperature high","temperature high",2012-01-01T00:00:00Z,
"samplingImpractical","disturbance","samples not collected due to disturbance",2012-01-01T00:00:00Z,
"samplingImpractical","too windy","too windy",2012-01-01T00:00:00Z,
"samplingImpractical","horizon not present","horizon not present in the incubated soil sample",2012-01-01T00:00:00Z,
"samplingImpractical","location wet","location too wet due to rain or dew",2012-01-01T00:00:00Z,
"samplingImpractical","not all samples collected on this date","not all samples collected on this date",2012-01-01T00:00:00Z,
"samplingImpractical","exclosure cell not clipped, livestock absent","exclosure clip cell not harvested, cattle absent during previous grazing interval",2012-01-01T00:00:00Z,
"samplingImpractical","ambient cell not clipped, livestock absent","ambient clip cell not harvested, cattle absent during previous grazing interval",2012-01-01T00:00:00Z,
"samplingImpractical","wildfire","sampling location inaccessible due to active wildfire or post fire safety hazards",2012-01-01T00:00:00Z,
"samplingImpractical","wildlife hazard","wildlife hazard, specific hazard described in remarks",2012-01-01T00:00:00Z,
"samplingImpractical","safety hazard","unsafe conditions at sampling location or on route to sampling location",2012-01-01T00:00:00Z,
"samplingImpractical","outside target flow range","selected when stream flow already has good coverage and specific flows are being targeted",2022-03-01T00:00:00Z,
"samplingImpractical","onshore protocols only","sampling not required when only onshore protocols are scheduled",2012-01-01T00:00:00Z,
"samplingImpractical","night fishing","sampling not required when night fishing",2012-01-01T00:00:00Z,
