uid,domainID,siteID,namedLocation,collectDate,sortDate,qcSortDate,sampleID,sampleCode,mixedInvertVialID,mixedInvertVialCode,chironomidVialID,chironomidVialCode,oligochaeteVialID,oligochaeteVialCode,largeInvertVialID,largeInvertVialCode,testProtocolVersion,primaryMatrix,preRinseVolume,postRinseVolume,subsamplePercent,qcSortingEfficacy,qcIterationCount,qcPercentSimilarity,laboratoryName,sortedBy,qcSortedBy,benchRemarks,dataQF,qcEnumerationDifference,qcTaxonomicDifference
"01da7849-8e40-4db2-9742-33c2b84afdd0","D08","MAYF","MAYF.AOS.reach","2021-10-18T13:58Z","2022-05-24","2022-05-25","MAYF.20211018.SNAG.3","A00000233501","BA22NEOMLR03010",,"BA22NEOMLR03010C",,,,,,"RHITHRON_Macroinvertebrate_Identification_Revision1","fine organic",,,100.0,100.0,1,,"Rhithron Associates, Inc.","LOdFES9HN1w=","jrNz6zwqS3Q=",,,,
"3ba03d71-5f25-41c6-b796-72fcabd7af0b","D08","MAYF","MAYF.AOS.reach","2021-10-18T13:58Z","2022-05-25","2022-05-25","MAYF.20211018.CORE.2","A00000233487","BA22NEOMLR03014",,"BA22NEOMLR03014C",,,,,,"RHITHRON_Macroinvertebrate_Identification_Revision1","fine organic",,,100.0,100.0,1,,"Rhithron Associates, Inc.","egCH3wedmfhvZrvQbyFP8Q==","kcNHfEa00olgOMivYV39aQ==",,,,
"eb23a930-6b46-4837-ae7c-f39da4006126","D08","MAYF","MAYF.AOS.reach","2021-10-18T13:58Z","2022-05-25","2022-05-25","MAYF.20211018.SNAG.2","A00000233517","BA22NEOMLR03011",,"BA22NEOMLR03011C",,,,,,"RHITHRON_Macroinvertebrate_Identification_Revision1","fine organic",,,100.0,100.0,1,,"Rhithron Associates, Inc.","jrNz6zwqS3Q=","kcNHfEa00olgOMivYV39aQ==",,,,
"e774671f-dd55-4cb4-aac2-a78e6b0a0680","D08","MAYF","MAYF.AOS.reach","2021-10-18T13:58Z","2022-05-25","2022-05-25","MAYF.20211018.SNAG.1","A00000233503","BA22NEOMLR03012",,"BA22NEOMLR03012C",,,,,,"RHITHRON_Macroinvertebrate_Identification_Revision1","coarse organic",,,100.0,95.9,1,,"Rhithron Associates, Inc.","LOdFES9HN1w=","kcNHfEa00olgOMivYV39aQ==",,,,
"b3469585-7669-4dc2-bf91-b3aa2d80aabf","D08","MAYF","MAYF.AOS.reach","2021-10-18T13:58Z","2022-05-25","2022-05-25","MAYF.20211018.SNAG.5","A00000233485","BA22NEOMLR03008",,"BA22NEOMLR03008C",,,,,,"RHITHRON_Macroinvertebrate_Identification_Revision1","fine organic",,,100.0,96.5,1,,"Rhithron Associates, Inc.","HoJKUEaBlIWcVZrQzHKCwUtkjcbrResP","kcNHfEa00olgOMivYV39aQ==",,,,
"90653eb0-e47d-4d70-a41d-fd00484d3062","D08","MAYF","MAYF.AOS.reach","2021-10-18T13:58Z","2022-05-25","2022-05-25","MAYF.20211018.CORE.1","A00000233486","BA22NEOMLR03015",,"BA22NEOMLR03015C",,,,,,"RHITHRON_Macroinvertebrate_Identification_Revision1","fine organic",,,100.0,100.0,1,,"Rhithron Associates, Inc.","yZFSmq1jJzE=","kcNHfEa00olgOMivYV39aQ==",,,,
"a03e748f-fa3c-46a3-bbd2-ff508e186267","D08","MAYF","MAYF.AOS.reach","2021-10-18T13:58Z","2022-05-24","2022-05-25","MAYF.20211018.CORE.3","A00000233518","BA22NEOMLR03013",,"BA22NEOMLR03013C",,,,,,"RHITHRON_Macroinvertebrate_Identification_Revision1","other (specified in remarks)",,,100.0,100.0,1,,"Rhithron Associates, Inc.","f4cEayqHT1iCvAVqokBXcA==","jrNz6zwqS3Q=","fine inorganic",,,
"d574fde8-12a2-42f2-a0fb-e2f9a6673d8d","D08","MAYF","MAYF.AOS.reach","2021-10-18T13:58Z","2022-05-25","2022-05-25","MAYF.20211018.SNAG.4","A00000233502","BA22NEOMLR03009",,"BA22NEOMLR03009C",,,,,,"RHITHRON_Macroinvertebrate_Identification_Revision1","fine organic",,,100.0,100.0,1,,"Rhithron Associates, Inc.","kcNHfEa00olgOMivYV39aQ==","3hsarqkn53DnTHf+v6UBHA==",,,,
