uid,domainID,siteID,namedLocation,collectDate,sortDate,qcSortDate,sampleID,sampleCode,mixedInvertVialID,mixedInvertVialCode,chironomidVialID,chironomidVialCode,oligochaeteVialID,oligochaeteVialCode,largeInvertVialID,largeInvertVialCode,testProtocolVersion,primaryMatrix,preRinseVolume,postRinseVolume,subsamplePercent,qcSortingEfficacy,qcIterationCount,qcPercentSimilarity,laboratoryName,sortedBy,qcSortedBy,benchRemarks,dataQF,qcEnumerationDifference,qcTaxonomicDifference
"88ac3622-eb38-4d4a-ab37-311a90f251e0","D17","BIGC","BIGC.AOS.reach","2021-04-13T16:25Z","2021-07-13","2021-07-20","BIGC.20210413.SURBER.3","A00000149043",,,,,,,,,"ECOANALYSTS_Macroinvertebrate_Identification_Revision5","coarse organic",0.07,0.07,6.3,98.5,1,,"EcoAnalysts Inc.","56Cn0gddSyByVuZ8BZvrMw==","Uvu0j76mxig=",,,1.9,4.4
"8dfe620e-bc1b-433c-a90c-0e2731e975ff","D17","BIGC","BIGC.AOS.reach","2021-04-13T16:25Z","2021-07-22","2021-07-22","BIGC.20210413.HESS.1","A00000149044",,,,,,,,,"ECOANALYSTS_Macroinvertebrate_Identification_Revision5","fine organic",0.25,0.25,12.5,95.5,1,,"EcoAnalysts Inc.","3NlBZfsVhJejfADU8NIXiw==","Uvu0j76mxig=",,,,
"cc647bf1-d39a-44d1-a4a7-8988bdd01139","D17","BIGC","BIGC.AOS.reach","2021-04-13T16:25Z","2021-07-22","2021-07-22","BIGC.20210413.HESS.2","A00000149045",,,,,,,,,"ECOANALYSTS_Macroinvertebrate_Identification_Revision5","fine organic",0.10,0.10,31.3,94.6,1,,"EcoAnalysts Inc.","3NlBZfsVhJejfADU8NIXiw==","Uvu0j76mxig=",,,,
"ad59cc85-0dde-40b7-8054-9ae98cc55e97","D17","BIGC","BIGC.AOS.reach","2021-04-13T16:25Z","2021-07-14","2021-07-20","BIGC.20210413.HESS.3","A00000149031",,,,,,,,,"ECOANALYSTS_Macroinvertebrate_Identification_Revision5","fine organic",0.05,0.05,7.8,98.5,1,,"EcoAnalysts Inc.","56Cn0gddSyByVuZ8BZvrMw==","Uvu0j76mxig=",,,,
"6bbb2c38-c8a9-4e0b-a2fd-c617fa27c6c2","D17","BIGC","BIGC.AOS.reach","2021-04-13T16:25Z","2021-07-14","2021-07-20","BIGC.20210413.HESS.4","A00000149048",,,,,,,,,"ECOANALYSTS_Macroinvertebrate_Identification_Revision5","other (specified in remarks)",0.06,0.06,12.5,97.9,1,,"EcoAnalysts Inc.","oaaFj59o4cnUTvYEHtLjAw==","Uvu0j76mxig=","Inorganic",,,
"c4e942e7-41c9-4898-be60-74438bdcc25c","D17","BIGC","BIGC.AOS.reach","2021-04-13T16:25Z","2021-07-13","2021-07-20","BIGC.20210413.SURBER.1","A00000149047",,,,,,,,,"ECOANALYSTS_Macroinvertebrate_Identification_Revision5","filamentous algae",0.05,0.04,9.4,98.9,1,,"EcoAnalysts Inc.","56Cn0gddSyByVuZ8BZvrMw==","Uvu0j76mxig=",,,,
"0f109307-f1d9-4650-9f8c-b8a499cf9994","D17","BIGC","BIGC.AOS.reach","2021-04-13T16:25Z","2021-07-13","2021-07-20","BIGC.20210413.SURBER.2","A00000149046",,,,,,,,,"ECOANALYSTS_Macroinvertebrate_Identification_Revision5","coarse organic",0.11,0.11,2.6,96.7,1,,"EcoAnalysts Inc.","56Cn0gddSyByVuZ8BZvrMw==","Uvu0j76mxig=",,,,
