uid,domainID,siteID,namedLocation,startDate,collectDate,sampleID,sampleCode,slideID,slideCode,scientificName,morphospeciesID,referenceCount,referenceID,referenceCode,archiveLabSampleMedium,laboratoryName,dataQF
"37083905-e085-421e-bdd0-4007a38d3f69","D17","BIGC","BIGC.AOS.reach","2021-04-13T16:25Z","2021-04-13T16:25Z","BIGC.20210413.SURBER.3","A00000149043","7927.7-9",,"Pagastia sp.",,1,"BIGC.20210413.SURBER.3_7927.7-9_815",,"slide","EcoAnalysts Inc.",
"51d3b651-eac5-4834-ba3e-25952be00d89","D17","BIGC","BIGC.AOS.reach","2021-04-13T16:25Z","2021-04-13T16:25Z","BIGC.20210413.HESS.4","A00000149048","7927.7-12",,"Parakiefferiella sp.",,1,"BIGC.20210413.HESS.4_7927.7-12_894",,"slide","EcoAnalysts Inc.",
"a6f75f10-01c1-4c7a-8562-d9bf69da5eb7","D17","BIGC","BIGC.AOS.reach","2021-04-13T16:25Z","2021-04-13T16:25Z","BIGC.20210413.HESS.3","A00000149031","7927.7-13",,"Microtendipes rydalensis gr.",,1,"BIGC.20210413.HESS.3_7927.7-13_955",,"slide","EcoAnalysts Inc.",
"196beafa-e998-4f40-a2c1-4b36fa816c79","D17","BIGC","BIGC.AOS.reach","2021-04-13T16:25Z","2021-04-13T16:25Z","BIGC.20210413.SURBER.3","A00000149043","7927.7-9",,"Krenosmittia sp.",,1,"BIGC.20210413.SURBER.3_7927.7-9_869",,"slide","EcoAnalysts Inc.",
"9dfac44a-0a77-4386-8aa9-79bdcd9b5ece","D17","BIGC","BIGC.AOS.reach","2021-04-13T16:25Z","2021-04-13T16:25Z","BIGC.20210413.SURBER.1","A00000149047",,,"Rhyacophila angelita gr.",,1,"BIGC.20210413.SURBER.1_7927.7-11_660",,"vial, ethanol","EcoAnalysts Inc.",
"03fc6a3d-6e41-4432-b7d9-91d259b4d77d","D17","BIGC","BIGC.AOS.reach","2021-04-13T16:25Z","2021-04-13T16:25Z","BIGC.20210413.HESS.4","A00000149048","7927.7-12",,"Pristina sp.",,1,"BIGC.20210413.HESS.4_7927.7-12_57",,"slide","EcoAnalysts Inc.",
"2c1a4c7e-9c90-4415-bf8b-68b440e59a7e","D17","BIGC","BIGC.AOS.reach","2021-04-13T16:25Z","2021-04-13T16:25Z","BIGC.20210413.HESS.4","A00000149048","7927.7-12",,"Natarsia sp.",,1,"BIGC.20210413.HESS.4_7927.7-12_793",,"slide","EcoAnalysts Inc.",
"812b5775-48b6-4c60-b537-9b032a47a1fe","D17","BIGC","BIGC.AOS.reach","2021-04-13T16:25Z","2021-04-13T16:25Z","BIGC.20210413.HESS.3","A00000149031","7927.7-13",,"Demicryptochironomus sp.",,1,"BIGC.20210413.HESS.3_7927.7-13_939",,"slide","EcoAnalysts Inc.",
"ad63b577-811d-4965-89a0-e4316b14a309","D17","BIGC","BIGC.AOS.reach","2021-04-13T16:25Z","2021-04-13T16:25Z","BIGC.20210413.HESS.1","A00000149044","7927.7-15",,"Rheotanytarsus sp.",,1,"BIGC.20210413.HESS.1_7927.7-15_1018",,"slide","EcoAnalysts Inc.",
"27304805-eec9-4c20-ada3-2d6c5f6fa472","D17","BIGC","BIGC.AOS.reach","2021-04-13T16:25Z","2021-04-13T16:25Z","BIGC.20210413.HESS.3","A00000149031","7927.7-13",,"Synorthocladius sp.",,1,"BIGC.20210413.HESS.3_7927.7-13_915",,"slide","EcoAnalysts Inc.",
"5a35d415-cd84-4595-a20a-4d41968c03d9","D17","BIGC","BIGC.AOS.reach","2021-04-13T16:25Z","2021-04-13T16:25Z","BIGC.20210413.HESS.4","A00000149048","7927.7-12",,"Haplotaxis gordioides",,1,"BIGC.20210413.HESS.4_7927.7-12_3717",,"slide","EcoAnalysts Inc.",
"4f8b8e6c-98e6-4c26-9669-4aa150dda6d8","D17","BIGC","BIGC.AOS.reach","2021-04-13T16:25Z","2021-04-13T16:25Z","BIGC.20210413.SURBER.3","A00000149043","7927.7-9",,"Orthocladius sp.",,1,"BIGC.20210413.SURBER.3_7927.7-9_890",,"slide","EcoAnalysts Inc.",
"dfc838f4-c2c9-4be2-b91b-570df8623208","D17","BIGC","BIGC.AOS.reach","2021-04-13T16:25Z","2021-04-13T16:25Z","BIGC.20210413.SURBER.3","A00000149043","7927.7-9",,"Cladotanytarsus sp.",,1,"BIGC.20210413.SURBER.3_7927.7-9_1006",,"slide","EcoAnalysts Inc.",
"712973c6-4da4-4ec1-8999-ae851fa1e2ae","D17","BIGC","BIGC.AOS.reach","2021-04-13T16:25Z","2021-04-13T16:25Z","BIGC.20210413.SURBER.3","A00000149043","7927.7-9",,"Cricotopus sp.",,1,"BIGC.20210413.SURBER.3_7927.7-9_853",,"slide","EcoAnalysts Inc.",
"2fab60c4-d7a9-4ccc-b8aa-2e129727d0b3","D17","BIGC","BIGC.AOS.reach","2021-04-13T16:25Z","2021-04-13T16:25Z","BIGC.20210413.SURBER.3","A00000149043","7927.7-9",,"Lopescladius sp.",,1,"BIGC.20210413.SURBER.3_7927.7-9_871",,"slide","EcoAnalysts Inc.",
"5438d32c-d5f8-4487-9ab0-c2792430c426","D17","BIGC","BIGC.AOS.reach","2021-04-13T16:25Z","2021-04-13T16:25Z","BIGC.20210413.HESS.4","A00000149048","7927.7-12",,"Polypedilum sp.",,1,"BIGC.20210413.HESS.4_7927.7-12_988",,"slide","EcoAnalysts Inc.",
"cb1a8654-47ff-46ba-a086-79921c68142b","D17","BIGC","BIGC.AOS.reach","2021-04-13T16:25Z","2021-04-13T16:25Z","BIGC.20210413.HESS.2","A00000149045","7927.7-14",,"Heterotrissocladius marcidus gr.",,1,"BIGC.20210413.HESS.2_7927.7-14_865",,"slide","EcoAnalysts Inc.",
"d19e8020-b374-479c-87fb-5f3e50ff49bc","D17","BIGC","BIGC.AOS.reach","2021-04-13T16:25Z","2021-04-13T16:25Z","BIGC.20210413.HESS.2","A00000149045",,,"Nematoda sp.",,1,"BIGC.20210413.HESS.2_7927.7-14_67",,"vial, ethanol","EcoAnalysts Inc.",
"e7bcea51-51b7-45a4-aeaa-e43b25ba51af","D17","BIGC","BIGC.AOS.reach","2021-04-13T16:25Z","2021-04-13T16:25Z","BIGC.20210413.SURBER.3","A00000149043","7927.7-9",,"Dero sp.",,1,"BIGC.20210413.SURBER.3_7927.7-9_41",,"slide","EcoAnalysts Inc.",
"7c679759-3d28-4f5b-a96a-d8f36e56c973","D17","BIGC","BIGC.AOS.reach","2021-04-13T16:25Z","2021-04-13T16:25Z","BIGC.20210413.SURBER.3","A00000149043","7927.7-9",,"Polypedilum sp.",,1,"BIGC.20210413.SURBER.3_7927.7-9_988",,"slide","EcoAnalysts Inc.",
"f48df111-8d74-4aa5-bbcf-687208ef795b","D17","BIGC","BIGC.AOS.reach","2021-04-13T16:25Z","2021-04-13T16:25Z","BIGC.20210413.HESS.4","A00000149048","7927.7-12",,"Robackia demeijerei",,1,"BIGC.20210413.HESS.4_7927.7-12_1389",,"slide","EcoAnalysts Inc.",
"a89dfc1f-fb11-41f4-b2ce-4da6f1b11cde","D17","BIGC","BIGC.AOS.reach","2021-04-13T16:25Z","2021-04-13T16:25Z","BIGC.20210413.HESS.4","A00000149048","7927.7-12",,"Stempellinella sp.",,1,"BIGC.20210413.HESS.4_7927.7-12_1023",,"slide","EcoAnalysts Inc.",
"99e48bd7-9e08-4be4-9725-52be14ca1b19","D17","BIGC","BIGC.AOS.reach","2021-04-13T16:25Z","2021-04-13T16:25Z","BIGC.20210413.SURBER.3","A00000149043","7927.7-9",,"Nilotanypus sp.",,1,"BIGC.20210413.SURBER.3_7927.7-9_794",,"slide","EcoAnalysts Inc.",
"b8e5e642-c900-4d91-947f-d159ebe3fe96","D17","BIGC","BIGC.AOS.reach","2021-04-13T16:25Z","2021-04-13T16:25Z","BIGC.20210413.HESS.4","A00000149048","7927.7-12",,"Slavina appendiculata",,1,"BIGC.20210413.HESS.4_7927.7-12_62",,"slide","EcoAnalysts Inc.",
"020e952a-9a86-41c8-9189-bbd94e556705","D17","BIGC","BIGC.AOS.reach","2021-04-13T16:25Z","2021-04-13T16:25Z","BIGC.20210413.HESS.3","A00000149031","7927.7-13",,"Polypedilum sp.",,1,"BIGC.20210413.HESS.3_7927.7-13_988",,"slide","EcoAnalysts Inc.",
"b4c5408b-7a47-4b2b-a4f2-632d0674d5f0","D17","BIGC","BIGC.AOS.reach","2021-04-13T16:25Z","2021-04-13T16:25Z","BIGC.20210413.HESS.4","A00000149048","7927.7-12",,"Orthocladius sp.",,1,"BIGC.20210413.HESS.4_7927.7-12_880",,"slide","EcoAnalysts Inc.",
"7b2fa368-e351-4c9d-878e-8115ed05606e","D17","BIGC","BIGC.AOS.reach","2021-04-13T16:25Z","2021-04-13T16:25Z","BIGC.20210413.SURBER.3","A00000149043","7927.7-9",,"Potthastia gaedii gr.",,1,"BIGC.20210413.SURBER.3_7927.7-9_816",,"slide","EcoAnalysts Inc.",
"e8dfe5df-72a0-447c-a9ee-8127b77f71ea","D17","BIGC","BIGC.AOS.reach","2021-04-13T16:25Z","2021-04-13T16:25Z","BIGC.20210413.HESS.1","A00000149044","7927.7-15",,"Rheocricotopus sp.",,1,"BIGC.20210413.HESS.1_7927.7-15_911",,"slide","EcoAnalysts Inc.",
"a4662f63-db25-4fc6-af36-cb5f0dee8dd9","D17","BIGC","BIGC.AOS.reach","2021-04-13T16:25Z","2021-04-13T16:25Z","BIGC.20210413.HESS.4","A00000149048","7927.7-12",,"Psectrocladius sp.",,1,"BIGC.20210413.HESS.4_7927.7-12_1036",,"slide","EcoAnalysts Inc.",
"4b540229-2798-432d-b291-cf9aa30e5a91","D17","BIGC","BIGC.AOS.reach","2021-04-13T16:25Z","2021-04-13T16:25Z","BIGC.20210413.SURBER.1","A00000149047","7927.7-11",,"Parametriocnemus sp.",,1,"BIGC.20210413.SURBER.1_7927.7-11_895",,"slide","EcoAnalysts Inc.",
"1e3779a4-5be9-43ef-a639-d2f9ba594468","D17","BIGC","BIGC.AOS.reach","2021-04-13T16:25Z","2021-04-13T16:25Z","BIGC.20210413.HESS.2","A00000149045","7927.7-14",,"Pagastiella sp.",,1,"BIGC.20210413.HESS.2_7927.7-14_1368",,"slide","EcoAnalysts Inc.",
"1b10590c-2729-478e-97a2-0e4c3831814d","D17","BIGC","BIGC.AOS.reach","2021-04-13T16:25Z","2021-04-13T16:25Z","BIGC.20210413.HESS.2","A00000149045","7927.7-14",,"Cryptochironomus sp.",,1,"BIGC.20210413.HESS.2_7927.7-14_934",,"slide","EcoAnalysts Inc.",
