uid,domainID,siteID,namedLocation,startDate,collectDate,sampleID,sampleCode,slideID,slideCode,scientificName,morphospeciesID,referenceCount,referenceID,referenceCode,archiveLabSampleMedium,laboratoryName,dataQF
"318c4776-21c4-40b2-8cfb-ebae277c7ea9","D17","BIGC","BIGC.AOS.reach","2019-04-15T17:45Z","2019-04-15T17:45Z","BIGC.20190415.SURBER.6","A00000063574",,,"Rhyacophila sp.",,2,"BIGC.20190415.SURBER.6_RHYACOPHILA SP.",,,"EcoAnalysts Inc.",
"c3699f15-d96f-435e-87d1-4b347745e069","D17","BIGC","BIGC.AOS.reach","2019-04-15T17:45Z","2019-04-15T17:45Z","BIGC.20190415.SURBER.7","A00000063602",,,"Orthocladius (Euorthocladius) sp.",,2,"BIGC.20190415.SURBER.7_ORTHOCLADIUS (EUORTHOCLADIUS) SP.",,,"EcoAnalysts Inc.",
"239a8b09-a669-47cb-b648-d2d2827bd46e","D17","BIGC","BIGC.AOS.reach","2019-04-15T17:45Z","2019-04-15T17:45Z","BIGC.20190415.SURBER.4","A00000063556",,,"Polycelis sp.",,1,"BIGC.20190415.SURBER.4_POLYCELIS SP.",,,"EcoAnalysts Inc.",
"3ec9576a-889c-4a15-a023-09971ba8a787","D17","BIGC","BIGC.AOS.reach","2019-04-15T17:45Z","2019-04-15T17:45Z","BIGC.20190415.SURBER.2","A00000063573",,,"Enchytraeidae sp.",,1,"BIGC.20190415.SURBER.2_ENCHYTRAEIDAE SP.",,,"EcoAnalysts Inc.",
"5aea5860-038c-4a95-afbc-fada736f389a","D17","BIGC","BIGC.AOS.reach","2019-04-15T17:45Z","2019-04-15T17:45Z","BIGC.20190415.SURBER.7","A00000063602",,,"Orthocladius sp.",,1,"BIGC.20190415.SURBER.7_ORTHOCLADIUS SP.",,,"EcoAnalysts Inc.",
"fb94d3de-bbc6-406c-bb1b-a9350880a7cd","D17","BIGC","BIGC.AOS.reach","2019-04-15T17:45Z","2019-04-15T17:45Z","BIGC.20190415.SURBER.7","A00000063602",,,"Nematoda sp.",,1,"BIGC.20190415.SURBER.7_NEMATODA SP.",,,"EcoAnalysts Inc.",
"dabbae1a-2459-4ab4-8036-55d7d7ffaf40","D17","BIGC","BIGC.AOS.reach","2019-04-15T17:45Z","2019-04-15T17:45Z","BIGC.20190415.SURBER.5","A00000063603",,,"Pisidium sp.",,1,"BIGC.20190415.SURBER.5_PISIDIUM SP.",,,"EcoAnalysts Inc.",
"0353aa59-3000-4b2f-bee1-152783dbe6d9","D17","BIGC","BIGC.AOS.reach","2019-04-15T17:45Z","2019-04-15T17:45Z","BIGC.20190415.SURBER.2","A00000063573",,,"Pristina aequiseta",,1,"BIGC.20190415.SURBER.2_PRISTINA AEQUISETA",,,"EcoAnalysts Inc.",
"a07c3100-0023-4c1d-930b-d38f595c9d98","D17","BIGC","BIGC.AOS.reach","2019-04-15T17:45Z","2019-04-15T17:45Z","BIGC.20190415.SURBER.5","A00000063603",,,"Glossosomatidae sp.",,3,"BIGC.20190415.SURBER.5_GLOSSOSOMATIDAE SP.",,,"EcoAnalysts Inc.",
"df93cf4e-21f6-460b-ada2-2739ed28f5d7","D17","BIGC","BIGC.AOS.reach","2019-04-15T17:45Z","2019-04-15T17:45Z","BIGC.20190415.SURBER.5","A00000063603",,,"Wandesia sp.",,1,"BIGC.20190415.SURBER.5_WANDESIA SP.",,,"EcoAnalysts Inc.",
"b7977232-5408-474a-8487-0f1faf5d70fa","D17","BIGC","BIGC.AOS.reach","2019-04-15T17:45Z","2019-04-15T17:45Z","BIGC.20190415.SURBER.2","A00000063573",,,"Pristina jenkinae",,1,"BIGC.20190415.SURBER.2_PRISTINA JENKINAE",,,"EcoAnalysts Inc.",
"8c7ff175-fa70-4126-9be8-8d2d97eb7257","D17","BIGC","BIGC.AOS.reach","2019-04-15T17:45Z","2019-04-15T17:45Z","BIGC.20190415.SURBER.8","A00000063591",,,"Maruina sp.",,1,"BIGC.20190415.SURBER.8_MARUINA SP.",,,"EcoAnalysts Inc.",
"61db2a44-8bdf-4890-a770-c19377d4e8e8","D17","BIGC","BIGC.AOS.reach","2019-04-15T17:45Z","2019-04-15T17:45Z","BIGC.20190415.SURBER.7","A00000063602",,,"Empididae sp.",,1,"BIGC.20190415.SURBER.7_EMPIDIDAE SP.",,,"EcoAnalysts Inc.",
"96cc0a1e-7fb6-458a-aefc-98d99085097a","D17","BIGC","BIGC.AOS.reach","2019-04-15T17:45Z","2019-04-15T17:45Z","BIGC.20190415.SURBER.4","A00000063556",,,"Tipula sp.",,1,"BIGC.20190415.SURBER.4_TIPULA SP.",,,"EcoAnalysts Inc.",
"859834d2-603f-4ec3-b0ff-4cccc455e297","D17","BIGC","BIGC.AOS.reach","2019-04-15T17:45Z","2019-04-15T17:45Z","BIGC.20190415.SURBER.3","A00000063590",,,"Oribatida sp.",,1,"BIGC.20190415.SURBER.3_ORIBATEI SP.",,,"EcoAnalysts Inc.",
"d57b89bd-0aac-4420-8626-80b84736c742","D17","BIGC","BIGC.AOS.reach","2019-04-15T17:45Z","2019-04-15T17:45Z","BIGC.20190415.SURBER.6","A00000063574",,,"Clinocera sp.",,1,"BIGC.20190415.SURBER.6_CLINOCERA SP.",,,"EcoAnalysts Inc.",
"b0fedce7-826e-43ad-ad28-d48e82ca8cce","D17","BIGC","BIGC.AOS.reach","2019-04-15T17:45Z","2019-04-15T17:45Z","BIGC.20190415.SURBER.1","A00000063575",,,"Nais sp.",,1,"BIGC.20190415.SURBER.1_NAIS SP.",,,"EcoAnalysts Inc.",
"6acb5944-2939-4007-a885-28fac189f068","D17","BIGC","BIGC.AOS.reach","2019-04-15T17:45Z","2019-04-15T17:45Z","BIGC.20190415.SURBER.1","A00000063575",,,"Pristina sp.",,1,"BIGC.20190415.SURBER.1_PRISTINA SP.",,,"EcoAnalysts Inc.",
"64e4bbe8-c14e-472a-ac99-0b1e41160591","D17","BIGC","BIGC.AOS.reach","2019-04-15T17:45Z","2019-04-15T17:45Z","BIGC.20190415.SURBER.6","A00000063574",,,"Neophylax splendens",,1,"BIGC.20190415.SURBER.6_NEOPHYLAX SPLENDENS",,,"EcoAnalysts Inc.",
"a7c94276-edcc-464b-ab22-9796cbd47e24","D17","BIGC","BIGC.AOS.reach","2019-04-15T17:45Z","2019-04-15T17:45Z","BIGC.20190415.SURBER.6","A00000063574",,,"Stygothrombium sp.",,2,"BIGC.20190415.SURBER.6_STYGOTHROMBIUM SP.",,,"EcoAnalysts Inc.",
"aa6f715b-a165-40cf-8525-a10cb9cd95c0","D17","BIGC","BIGC.AOS.reach","2019-04-15T17:45Z","2019-04-15T17:45Z","BIGC.20190415.SURBER.4","A00000063556",,,"Gonomyia sp.",,1,"BIGC.20190415.SURBER.4_GONOMYIA SP.",,,"EcoAnalysts Inc.",
"ec2fb98c-c134-4fb1-b030-e32f777f7bc5","D17","BIGC","BIGC.AOS.reach","2019-04-15T17:45Z","2019-04-15T17:45Z","BIGC.20190415.SURBER.1","A00000063575",,,"Ameletus sp.",,1,"BIGC.20190415.SURBER.1_AMELETUS SP.",,,"EcoAnalysts Inc.",
"2e9e59b8-1ba1-4fc2-8b0f-74d84113b65c","D17","BIGC","BIGC.AOS.reach","2019-04-15T17:45Z","2019-04-15T17:45Z","BIGC.20190415.SURBER.8","A00000063591",,,"Siphlonuridae sp.",,1,"BIGC.20190415.SURBER.8_SIPHLONURIDAE SP.",,,"EcoAnalysts Inc.",
"a0f1e9d5-11c0-4328-b412-c5d4fcf623dc","D17","BIGC","BIGC.AOS.reach","2019-04-15T17:45Z","2019-04-15T17:45Z","BIGC.20190415.SURBER.2","A00000063573",,,"Naididae sp.",,1,"BIGC.20190415.SURBER.2_NAIDIDAE SP.",,,"EcoAnalysts Inc.",
"c86c9b9f-8d08-4e34-b78c-995a78f43f0a","D17","BIGC","BIGC.AOS.reach","2019-04-15T17:45Z","2019-04-15T17:45Z","BIGC.20190415.SURBER.3","A00000063590",,,"Leuctridae sp.",,1,"BIGC.20190415.SURBER.3_LEUCTRIDAE SP.",,,"EcoAnalysts Inc.",
"dbd34902-8a2d-4aed-8f88-6ec4d128ea47","D17","BIGC","BIGC.AOS.reach","2019-04-15T17:45Z","2019-04-15T17:45Z","BIGC.20190415.SURBER.2","A00000063573",,,"Chaetogaster diastrophus",,1,"BIGC.20190415.SURBER.2_CHAETOGASTER DIASTROPHUS",,,"EcoAnalysts Inc.",
"58bc79db-cc80-4c83-a62f-72563c0d0210","D17","BIGC","BIGC.AOS.reach","2019-04-15T17:45Z","2019-04-15T17:45Z","BIGC.20190415.SURBER.1","A00000063575",,,"Pacifastacus leniusculus",,1,"BIGC.20190415.SURBER.1_PACIFASTACUS LENIUSCULUS",,,"EcoAnalysts Inc.",
"01b3c54d-a174-4b19-bd1e-afe1fb11dbb3","D17","BIGC","BIGC.AOS.reach","2019-04-15T17:45Z","2019-04-15T17:45Z","BIGC.20190415.SURBER.1","A00000063575",,,"Parorthocladius sp.",,1,"BIGC.20190415.SURBER.1_PARORTHOCLADIUS SP.",,,"EcoAnalysts Inc.",
"f4db4acc-4227-4cd2-a926-6120ce0d1545","D17","BIGC","BIGC.AOS.reach","2019-04-15T17:45Z","2019-04-15T17:45Z","BIGC.20190415.SURBER.6","A00000063574",,,"Lumbriculidae sp.",,1,"BIGC.20190415.SURBER.6_LUMBRICULIDAE SP.",,,"EcoAnalysts Inc.",
"9f737368-34d6-4495-9c8f-04287e88c6e7","D17","BIGC","BIGC.AOS.reach","2019-04-15T17:45Z","2019-04-15T17:45Z","BIGC.20190415.SURBER.6","A00000063574",,,"Caudatella heterocaudata",,2,"BIGC.20190415.SURBER.6_CAUDATELLA HETEROCAUDATA",,,"EcoAnalysts Inc.",
"e6b98d06-8c64-49bd-b281-ca820db309da","D17","BIGC","BIGC.AOS.reach","2019-04-15T17:45Z","2019-04-15T17:45Z","BIGC.20190415.SURBER.6","A00000063574",,,"Nilotanypus sp.",,2,"BIGC.20190415.SURBER.6_NILOTANYPUS SP.",,,"EcoAnalysts Inc.",
"31fe95ec-86f4-4b64-9975-c0cd9459fa6b","D17","BIGC","BIGC.AOS.reach","2019-04-15T17:45Z","2019-04-15T17:45Z","BIGC.20190415.SURBER.8","A00000063591",,,"Cultus sp.",,1,"BIGC.20190415.SURBER.8_CULTUS SP.",,,"EcoAnalysts Inc.",
"90432037-cf9c-4976-b687-0dd9cfffc89a","D17","BIGC","BIGC.AOS.reach","2019-04-15T17:45Z","2019-04-15T17:45Z","BIGC.20190415.SURBER.2","A00000063573",,,"Orthocladiinae spp.",,2,"BIGC.20190415.SURBER.2_ORTHOCLADIINAE SPP.",,,"EcoAnalysts Inc.",
"1381ac5e-5e26-4dbf-bab2-eb7d7630dec3","D17","BIGC","BIGC.AOS.reach","2019-04-15T17:45Z","2019-04-15T17:45Z","BIGC.20190415.SURBER.6","A00000063574",,,"Feltria sp.",,1,"BIGC.20190415.SURBER.6_FELTRIA SP.",,,"EcoAnalysts Inc.",
