uid,domainID,siteID,namedLocation,decimalLatitude,decimalLongitude,coordinateUncertainty,geodeticDatum,elevation,elevationUncertainty,aquaticSiteType,collectDate,eventID,boutNumber,sampleID,sampleCode,sampleCondition,geneticSampleID,geneticSampleCode,geneticSampleCond,samplingProtocolVersion,samplingImpractical,biophysicalCriteria,habitatType,samplerType,sampleNumber,substratumSizeClass,benthicArea,ponarDepth,snagLength,snagDiameter,dnaSnagLength,dnaSnagDiameter,remarks,recordedBy,collectedBy,dataQF
"0307b536-1981-4f24-8809-0ebfa8a63b55","D17","BIGC","BIGC.AOS.reach",37.059719,-119.257549,1000.0,"WGS84",1197.0,1000.0,"stream","2019-04-15T17:45Z","BIGC.20190415",1,"BIGC.20190415.SURBER.6","A00000063574",,,,,"NEON.DOC.003046vC",,"conditions not met","riffle","surber",6,"cobble",0.093,,,,,,"sampling conducted at greater than 3x median discharge","0000-0001-7072-0706","0000-0002-9408-2523",
"95907db6-c941-4600-9381-e6ad20774c65","D17","BIGC","BIGC.AOS.reach",37.059719,-119.257549,1000.0,"WGS84",1197.0,1000.0,"stream","2019-04-15T17:45Z","BIGC.20190415",1,"BIGC.20190415.SURBER.4","A00000063556",,,,,"NEON.DOC.003046vC",,"conditions not met","run","surber",4,"cobble",0.093,,,,,,"sampling conducted at greater than 3x median discharge","0000-0001-7072-0706","0000-0002-9408-2523",
"c24dbbac-acad-4a95-87e8-52a8645851d8","D17","BIGC","BIGC.AOS.reach",37.059719,-119.257549,1000.0,"WGS84",1197.0,1000.0,"stream","2019-04-15T17:45Z","BIGC.20190415",1,"BIGC.20190415.SURBER.8","A00000063591",,,,,"NEON.DOC.003046vC",,"conditions not met","riffle","surber",8,"cobble",0.093,,,,,,"sampling conducted at greater than 3x median discharge","0000-0001-7072-0706","0000-0002-9408-2523",
"9de66d76-a342-48c4-9b41-8f715736aef4","D17","BIGC","BIGC.AOS.reach",37.059719,-119.257549,1000.0,"WGS84",1197.0,1000.0,"stream","2019-04-15T17:45Z","BIGC.20190415",1,"BIGC.20190415.SURBER.1","A00000063575",,"BIGC.20190415.SURBER.1.DNA","A00000063605",,"NEON.DOC.003046vC",,"conditions not met","run","surber",1,"cobble",0.093,,,,,,"sampling conducted at greater than 3x median discharge","0000-0001-7072-0706","0000-0002-9408-2523",
"db0d3cf3-4274-4797-9358-72babf97baf3","D17","BIGC","BIGC.AOS.reach",37.059719,-119.257549,1000.0,"WGS84",1197.0,1000.0,"stream","2019-04-15T17:45Z","BIGC.20190415",1,"BIGC.20190415.SURBER.7","A00000063602",,,,,"NEON.DOC.003046vC",,"conditions not met","riffle","surber",7,"cobble",0.093,,,,,,"sampling conducted at greater than 3x median discharge","0000-0001-7072-0706","0000-0002-9408-2523",
"10e5ee35-549a-49ce-b597-104263590b18","D17","BIGC","BIGC.AOS.reach",37.059719,-119.257549,1000.0,"WGS84",1197.0,1000.0,"stream","2019-04-15T17:45Z","BIGC.20190415",1,"BIGC.20190415.SURBER.3","A00000063590",,"BIGC.20190415.SURBER.3.DNA","A00000063592",,"NEON.DOC.003046vC",,"conditions not met","run","surber",3,"cobble",0.093,,,,,,"sampling conducted at greater than 3x median discharge","0000-0001-7072-0706","0000-0002-9408-2523",
"63525c81-b61e-44ed-891e-fb86067546f0","D17","BIGC","BIGC.AOS.reach",37.059719,-119.257549,1000.0,"WGS84",1197.0,1000.0,"stream","2019-04-15T17:45Z","BIGC.20190415",1,"BIGC.20190415.SURBER.2","A00000063573",,"BIGC.20190415.SURBER.2.DNA","A00000063604",,"NEON.DOC.003046vC",,"conditions not met","run","surber",2,"cobble",0.093,,,,,,"sampling conducted at greater than 3x median discharge","0000-0001-7072-0706","0000-0002-9408-2523",
"f96884ae-dd9c-46b5-b753-3e4c31c88ec3","D17","BIGC","BIGC.AOS.reach",37.059719,-119.257549,1000.0,"WGS84",1197.0,1000.0,"stream","2019-04-15T17:45Z","BIGC.20190415",1,"BIGC.20190415.SURBER.5","A00000063603",,,,,"NEON.DOC.003046vC",,"conditions not met","run","surber",5,"cobble",0.093,,,,,,"sampling conducted at greater than 3x median discharge","0000-0001-7072-0706","0000-0002-9408-2523",
