uid,domainID,siteID,namedLocation,collectDate,sortDate,qcSortDate,sampleID,sampleCode,mixedInvertVialID,mixedInvertVialCode,chironomidVialID,chironomidVialCode,oligochaeteVialID,oligochaeteVialCode,largeInvertVialID,largeInvertVialCode,testProtocolVersion,primaryMatrix,preRinseVolume,postRinseVolume,subsamplePercent,qcSortingEfficacy,qcIterationCount,qcPercentSimilarity,laboratoryName,sortedBy,qcSortedBy,benchRemarks,dataQF,qcEnumerationDifference,qcTaxonomicDifference
"aaa6afe0-ed5e-4cfe-87a1-7e4e50892948","D17","BIGC","BIGC.AOS.reach","2019-04-15T17:45Z","2019-08-05","2019-08-12","BIGC.20190415.SURBER.1","A00000063575","BIGC.20190415.SURBER.1",,,,,,,,"ECOANALYSTS_Macroinvertebrate_Identification_Revision4","other (specified in remarks)",0.17,0.00,100.0,100.0,1,,"EcoAnalysts Inc.","nvO9dEMKYf3II1WEm9Fr0w==","BiR1PG3qYHnG+SNIMM2WVA==","Primary Matrix: Inorganic",,,
"754634f5-f61d-4a4a-8b8e-bb361261fcf8","D17","BIGC","BIGC.AOS.reach","2019-04-15T17:45Z","2019-08-07","2019-08-14","BIGC.20190415.SURBER.4","A00000063556","BIGC.20190415.SURBER.4",,,,,,,,"ECOANALYSTS_Macroinvertebrate_Identification_Revision4","other (specified in remarks)",0.15,0.01,100.0,96.6,1,,"EcoAnalysts Inc.","nvO9dEMKYf3II1WEm9Fr0w==","6Pg6saXbLQDH57jQikg/5Q==","Primary Matrix: Inorganic",,,
"af9d0350-d680-46a0-b6a9-6679b27d1511","D17","BIGC","BIGC.AOS.reach","2019-04-15T17:45Z","2019-08-06","2019-08-12","BIGC.20190415.SURBER.3","A00000063590","BIGC.20190415.SURBER.3",,,,,,,,"ECOANALYSTS_Macroinvertebrate_Identification_Revision4","other (specified in remarks)",0.14,0.01,100.0,100.0,1,,"EcoAnalysts Inc.","nvO9dEMKYf3II1WEm9Fr0w==","BiR1PG3qYHnG+SNIMM2WVA==","Primary Matrix: Inorganic",,4.3,11.5
"aa5c3cbc-dc23-4457-9a19-6b00c9b1b6c8","D17","BIGC","BIGC.AOS.reach","2019-04-15T17:45Z","2019-08-08","2019-08-14","BIGC.20190415.SURBER.7","A00000063602","BIGC.20190415.SURBER.7",,,,,,,,"ECOANALYSTS_Macroinvertebrate_Identification_Revision4","other (specified in remarks)",0.10,0.10,70.8,90.2,1,,"EcoAnalysts Inc.","z3wo8/+tr2E3/uMn/wCDLw==","6Pg6saXbLQDH57jQikg/5Q==","Primary Matrix: Inorganic",,,
"e535526b-d8ed-4416-a720-1720fe173a7d","D17","BIGC","BIGC.AOS.reach","2019-04-15T17:45Z","2019-08-06","2019-08-12","BIGC.20190415.SURBER.2","A00000063573","BIGC.20190415.SURBER.2",,,,,,,,"ECOANALYSTS_Macroinvertebrate_Identification_Revision4","other (specified in remarks)",0.19,0.01,100.0,99.4,1,,"EcoAnalysts Inc.","nvO9dEMKYf3II1WEm9Fr0w==","BiR1PG3qYHnG+SNIMM2WVA==","Primary Matrix: Inorganic",,,
"88bf9ab4-9278-4b03-8cc8-55417f6cc89c","D17","BIGC","BIGC.AOS.reach","2019-04-15T17:45Z","2019-08-07","2019-08-14","BIGC.20190415.SURBER.5","A00000063603","BIGC.20190415.SURBER.5",,,,,,,,"ECOANALYSTS_Macroinvertebrate_Identification_Revision4","other (specified in remarks)",0.13,0.01,100.0,91.0,1,,"EcoAnalysts Inc.","nvO9dEMKYf3II1WEm9Fr0w==","6Pg6saXbLQDH57jQikg/5Q==","Primary Matrix: Inorganic",,,
"f79d19c6-04c9-4d6d-a93f-9e2e15060990","D17","BIGC","BIGC.AOS.reach","2019-04-15T17:45Z","2019-08-07","2019-08-14","BIGC.20190415.SURBER.6","A00000063574","BIGC.20190415.SURBER.6",,,,,,,,"ECOANALYSTS_Macroinvertebrate_Identification_Revision4","other (specified in remarks)",0.28,0.05,43.8,96.5,1,,"EcoAnalysts Inc.","nvO9dEMKYf3II1WEm9Fr0w==","6Pg6saXbLQDH57jQikg/5Q==","Primary Matrix: Inorganic",,,
"35661169-8920-4fea-909a-8cb920fe2751","D17","BIGC","BIGC.AOS.reach","2019-04-15T17:45Z","2019-08-07","2019-08-15","BIGC.20190415.SURBER.8","A00000063591","BIGC.20190415.SURBER.8",,,,,,,,"ECOANALYSTS_Macroinvertebrate_Identification_Revision4","other (specified in remarks)",0.15,0.01,100.0,95.3,1,,"EcoAnalysts Inc.","nvO9dEMKYf3II1WEm9Fr0w==","6Pg6saXbLQDH57jQikg/5Q==","Primary Matrix: Inorganic",,,
