uid,domainID,siteID,namedLocation,collectDate,sortDate,qcSortDate,sampleID,sampleCode,mixedInvertVialID,mixedInvertVialCode,chironomidVialID,chironomidVialCode,oligochaeteVialID,oligochaeteVialCode,largeInvertVialID,largeInvertVialCode,testProtocolVersion,primaryMatrix,preRinseVolume,postRinseVolume,subsamplePercent,qcSortingEfficacy,qcIterationCount,qcPercentSimilarity,laboratoryName,sortedBy,qcSortedBy,benchRemarks,dataQF,qcEnumerationDifference,qcTaxonomicDifference
"46befc0f-0935-407d-bcf3-1580887f1565","D18","OKSR","OKSR.AOS.reach","2021-06-18T19:00Z","2021-07-22","2021-07-23","OKSR.20210618.KICKNET.3","A00000305141","OKSR.20210618.KICKNET.3",,"BA21NEOMST08006C",,,,"BA21NEOMST08006LR",,"RHITHRON_Macroinvertebrate_Identification_Revision1","coarse organic",,,100.0,100.0,1,,"Rhithron Associates, Inc.","egCH3wedmfhvZrvQbyFP8Q==","kcNHfEa00olgOMivYV39aQ==",,,,
"3048405c-3e4d-417a-b227-4e5f79cc112d","D18","OKSR","OKSR.AOS.reach","2021-06-18T19:00Z","2021-07-22","2021-07-26","OKSR.20210618.SURBER.3","A00000305132","OKSR.20210618.SURBER.3",,"BA21NEOMST08001C",,,,"BA21NEOMST08001LR",,"RHITHRON_Macroinvertebrate_Identification_Revision1","coarse organic",,,53.0,98.8,1,,"Rhithron Associates, Inc.","kcNHfEa00olgOMivYV39aQ==","jrNz6zwqS3Q=",,,,
"fcae3a32-9cf1-4f56-aa0e-6db9fc0de954","D18","OKSR","OKSR.AOS.reach","2021-06-18T19:00Z","2021-07-21","2021-07-22","OKSR.20210618.SURBER.2","A00000305148","OKSR.20210618.SURBER.2",,"BA21NEOMST08002C",,,,"BA21NEOMST08002LR",,"RHITHRON_Macroinvertebrate_Identification_Revision1","fine organic",,,100.0,100.0,1,,"Rhithron Associates, Inc.","XlCRh6Ap9QNgux7KJv6yrw==","jrNz6zwqS3Q=",,,,
"efdfe31b-3c8d-4bc9-b69c-4cf605b3091c","D18","OKSR","OKSR.AOS.reach","2021-06-18T19:00Z","2021-07-21","2021-07-22","OKSR.20210618.KICKNET.2","A00000305140","OKSR.20210618.KICKNET.2",,"BA21NEOMST08007C",,,,"BA21NEOMST08007LR",,"RHITHRON_Macroinvertebrate_Identification_Revision1","fine organic",,,100.0,91.0,1,,"Rhithron Associates, Inc.","3hsarqkn53DnTHf+v6UBHA==","jrNz6zwqS3Q=",,,,
"e185f785-5c0a-4ebb-915c-26c262b547cc","D18","OKSR","OKSR.AOS.reach","2021-06-18T19:00Z","2021-07-26","2021-07-26","OKSR.20210618.KICKNET.5","A00000305143","OKSR.20210618.KICKNET.5",,"BA21NEOMST08004C",,,,"BA21NEOMST08004LR",,"RHITHRON_Macroinvertebrate_Identification_Revision1","coarse organic",,,43.0,100.0,1,,"Rhithron Associates, Inc.","f4cEayqHT1iCvAVqokBXcA==","3hsarqkn53DnTHf+v6UBHA==",,,1.5,5.0
"ced34788-49b8-40ac-afaa-28dc6f1bf29c","D18","OKSR","OKSR.AOS.reach","2021-06-18T19:00Z","2021-07-21","2021-07-23","OKSR.20210618.SURBER.1","A00000305147","OKSR.20210618.SURBER.1",,"BA21NEOMST08003C",,,,"BA21NEOMST08003LR",,"RHITHRON_Macroinvertebrate_Identification_Revision1","other (specified in remarks)",,,67.0,100.0,1,,"Rhithron Associates, Inc.","jrNz6zwqS3Q=","kcNHfEa00olgOMivYV39aQ==","fine inorganic",,,
"d6914414-365d-4f04-bbb7-84dfa3440af2","D18","OKSR","OKSR.AOS.reach","2021-06-18T19:00Z","2021-07-28","2021-08-02","OKSR.20210618.KICKNET.4","A00000305142","OKSR.20210618.KICKNET.4",,"BA21NEOMST08005C",,,,"BA21NEOMST08005LR",,"RHITHRON_Macroinvertebrate_Identification_Revision1","coarse organic",,,100.0,98.3,1,,"Rhithron Associates, Inc.","yZFSmq1jJzE=","jrNz6zwqS3Q=",,,,
"27c772d4-8347-472b-83f9-dfdcee045093","D18","OKSR","OKSR.AOS.reach","2021-06-18T19:00Z","2021-07-22","2021-07-23","OKSR.20210618.KICKNET.1","A00000305055","OKSR.20210618.KICKNET.1",,"BA21NEOMST08008C",,,,"BA21NEOMST08008LR",,"RHITHRON_Macroinvertebrate_Identification_Revision1","fine organic",,,100.0,100.0,1,,"Rhithron Associates, Inc.","XlCRh6Ap9QNgux7KJv6yrw==","kcNHfEa00olgOMivYV39aQ==",,,,
