uid,domainID,siteID,namedLocation,collectDate,sortDate,qcSortDate,sampleID,sampleCode,mixedInvertVialID,mixedInvertVialCode,chironomidVialID,chironomidVialCode,oligochaeteVialID,oligochaeteVialCode,largeInvertVialID,largeInvertVialCode,testProtocolVersion,primaryMatrix,preRinseVolume,postRinseVolume,subsamplePercent,qcSortingEfficacy,qcIterationCount,qcPercentSimilarity,laboratoryName,sortedBy,qcSortedBy,benchRemarks,dataQF,qcEnumerationDifference,qcTaxonomicDifference
"2dda8781-fe67-4d62-a479-f040051bc08b","D08","MAYF","MAYF.AOS.reach","2019-07-29T12:44Z","2020-02-19","2020-02-19","MAYF.20190729.CORE.2","A00000083334","MAYF.20190729.CORE.2",,,,,,,,"RHITHRON_Macroinvertebrate_Identification_Revision1","other (specified in remarks)",,,100.0,100.0,4,,"Rhithron Associates, Inc.","egCH3wedmfhvZrvQbyFP8Q==","kcNHfEa00olgOMivYV39aQ==","fine inorganic",,,
"77f02731-6834-407f-8a89-553b46d2e677","D08","MAYF","MAYF.AOS.reach","2019-07-29T12:44Z","2020-02-19","2020-02-20","MAYF.20190729.SNAG.2","A00000083142","MAYF.20190729.SNAG.2",,,,,,,,"RHITHRON_Macroinvertebrate_Identification_Revision1","fine organic",,,100.0,91.5,1,,"Rhithron Associates, Inc.","LOdFES9HN1w=","kcNHfEa00olgOMivYV39aQ==",,,,
"64011ce4-0ce1-491e-aa69-ffdc69bec3e1","D08","MAYF","MAYF.AOS.reach","2019-07-29T12:44Z","2020-02-19","2020-02-19","MAYF.20190729.CORE.1","A00000083333","MAYF.20190729.CORE.1",,,,,,,,"RHITHRON_Macroinvertebrate_Identification_Revision1","other (specified in remarks)",,,100.0,100.0,1,,"Rhithron Associates, Inc.","yZFSmq1jJzE=","kcNHfEa00olgOMivYV39aQ==","fine inorganic",,,
"feedbb40-98c1-4573-a3bd-2cdb94024c42","D08","MAYF","MAYF.AOS.reach","2019-07-29T12:44Z","2020-02-19","2020-02-20","MAYF.20190729.SNAG.4","A00000083335","MAYF.20190729.SNAG.4",,,,,,,,"RHITHRON_Macroinvertebrate_Identification_Revision1","fine organic",,,100.0,93.7,1,,"Rhithron Associates, Inc.","egCH3wedmfhvZrvQbyFP8Q==","kcNHfEa00olgOMivYV39aQ==",,,,
"e55e42de-d8f0-4599-9d94-024fa7c2ca83","D08","MAYF","MAYF.AOS.reach","2019-07-29T12:44Z","2020-02-19","2020-02-20","MAYF.20190729.SNAG.3","A00000083350","MAYF.20190729.SNAG.3",,,,,,,,"RHITHRON_Macroinvertebrate_Identification_Revision1","coarse organic",,,100.0,94.8,1,,"Rhithron Associates, Inc.","FtcfAjYRHgtys5Ba7LiLag==","kcNHfEa00olgOMivYV39aQ==",,,,
"8daad0a6-ea88-4705-a4fd-b7c29f203c7e","D08","MAYF","MAYF.AOS.reach","2019-07-29T12:44Z","2020-02-19","2020-02-20","MAYF.20190729.SNAG.5","A00000083352","MAYF.20190729.SNAG.5",,,,,,,,"RHITHRON_Macroinvertebrate_Identification_Revision1","coarse organic",,,100.0,90.9,1,,"Rhithron Associates, Inc.","LOdFES9HN1w=","kcNHfEa00olgOMivYV39aQ==",,,,
"12a92b5c-e555-40d9-bc89-a432736e3689","D08","MAYF","MAYF.AOS.reach","2019-07-29T12:44Z","2020-02-19","2020-02-20","MAYF.20190729.SNAG.1","A00000083125","MAYF.20190729.SNAG.1",,,,,,,,"RHITHRON_Macroinvertebrate_Identification_Revision1","fine organic",,,100.0,94.4,1,,"Rhithron Associates, Inc.","yZFSmq1jJzE=","kcNHfEa00olgOMivYV39aQ==",,,,
"210bc2b0-c774-4708-8511-03aca23e5287","D08","MAYF","MAYF.AOS.reach","2019-07-29T12:44Z","2020-02-19","2020-02-19","MAYF.20190729.CORE.3","A00000083351","MAYF.20190729.CORE.3",,,,,,,,"RHITHRON_Macroinvertebrate_Identification_Revision1","other (specified in remarks)",,,100.0,100.0,1,,"Rhithron Associates, Inc.","FtcfAjYRHgtys5Ba7LiLag==","kcNHfEa00olgOMivYV39aQ==","fine inorganic",,0.0,0.0
