uid,domainID,siteID,namedLocation,decimalLatitude,decimalLongitude,coordinateUncertainty,geodeticDatum,elevation,elevationUncertainty,aquaticSiteType,collectDate,eventID,boutNumber,sampleID,sampleCode,sampleCondition,geneticSampleID,geneticSampleCode,geneticSampleCond,samplingProtocolVersion,samplingImpractical,biophysicalCriteria,habitatType,samplerType,sampleNumber,substratumSizeClass,benthicArea,ponarDepth,snagLength,snagDiameter,dnaSnagLength,dnaSnagDiameter,remarks,recordedBy,collectedBy,dataQF
"1a210ac6-8a3d-483b-b9cd-c4f1fa51b64d","D08","MAYF","MAYF.AOS.reach",32.960365,-87.407688,1000.0,"WGS84",76.7,1000.0,"stream","2019-07-29T12:44Z","MAYF.20190729",2,"MAYF.20190729.SNAG.2","A00000083142",,"MAYF.20190729.SNAG.2.DNA","A00000083126",,"NEON.DOC.003046vC",,,"run","snag",2,"sand",0.046,,55.80,2.60,75.00,5.40,,"0000-0003-1334-3275","0000-0003-1561-0904",
"b8fa0a0d-b13c-4772-8ede-fd93d39c28cf","D08","MAYF","MAYF.AOS.reach",32.960365,-87.407688,1000.0,"WGS84",76.7,1000.0,"stream","2019-07-29T12:44Z","MAYF.20190729",2,"MAYF.20190729.CORE.3","A00000083351",,,,,"NEON.DOC.003046vC",,,"run","core",3,"sand",0.006,,,,,,,"0000-0003-1334-3275","0000-0003-1561-0904",
"a97880c0-31fa-4eb6-97f7-68c18915acea","D08","MAYF","MAYF.AOS.reach",32.960365,-87.407688,1000.0,"WGS84",76.7,1000.0,"stream","2019-07-29T12:44Z","MAYF.20190729",2,"MAYF.20190729.SNAG.1","A00000083125",,"MAYF.20190729.SNAG.1.DNA","A00000083124",,"NEON.DOC.003046vC",,,"run","snag",1,"sand",0.143,,65.00,7.00,44.00,9.80,,"0000-0003-1334-3275","0000-0003-1561-0904",
"205a6c89-f4d1-4a84-b34b-673a717243b2","D08","MAYF","MAYF.AOS.reach",32.960365,-87.407688,1000.0,"WGS84",76.7,1000.0,"stream","2019-07-29T12:44Z","MAYF.20190729",2,"MAYF.20190729.SNAG.4","A00000083335",,,,,"NEON.DOC.003046vC",,,"run","snag",4,"sand",0.073,,63.00,3.70,,,,"0000-0003-1334-3275","0000-0003-1561-0904",
"9069064b-1dd5-42b8-ba74-80b5ee1103c8","D08","MAYF","MAYF.AOS.reach",32.960365,-87.407688,1000.0,"WGS84",76.7,1000.0,"stream","2019-07-29T12:44Z","MAYF.20190729",2,"MAYF.20190729.CORE.1","A00000083333",,,,,"NEON.DOC.003046vC",,,"run","core",1,"sand",0.006,,,,,,,"0000-0003-1334-3275","0000-0003-1561-0904",
"ed6dc998-06e8-4b71-89ca-962a58c45f3a","D08","MAYF","MAYF.AOS.reach",32.960365,-87.407688,1000.0,"WGS84",76.7,1000.0,"stream","2019-07-29T12:44Z","MAYF.20190729",2,"MAYF.20190729.CORE.2","A00000083334",,,,,"NEON.DOC.003046vC",,,"run","core",2,"sand",0.006,,,,,,,"0000-0003-1334-3275","0000-0003-1561-0904",
"ab36a1c2-7193-444a-9dd9-cddc29f32628","D08","MAYF","MAYF.AOS.reach",32.960365,-87.407688,1000.0,"WGS84",76.7,1000.0,"stream","2019-07-29T12:44Z","MAYF.20190729",2,"MAYF.20190729.SNAG.5","A00000083352",,,,,"NEON.DOC.003046vC",,,"run","snag",5,"sand",0.041,,46.20,2.80,,,,"0000-0003-1334-3275","0000-0003-1561-0904",
"aa370bcb-18d2-4b41-be79-6f9af457a85d","D08","MAYF","MAYF.AOS.reach",32.960365,-87.407688,1000.0,"WGS84",76.7,1000.0,"stream","2019-07-29T12:44Z","MAYF.20190729",2,"MAYF.20190729.SNAG.3","A00000083350",,"MAYF.20190729.SNAG.3.DNA","A00000083143",,"NEON.DOC.003046vC",,,"run","snag",3,"sand",0.054,,41.00,4.20,112.00,4.00,,"0000-0003-1334-3275","0000-0003-1561-0904",
