uid,domainID,siteID,namedLocation,collectDate,identifiedDate,sampleID,sampleCode,slideID,taxonID,targetTaxaPresent,scientificName,morphospeciesID,taxonRank,phylum,subphylum,class,subclass,infraclass,superorder,order,suborder,infraorder,superfamily,family,subfamily,tribe,subtribe,genus,specificEpithet,infraspecificEpithet,invertebrateLifeStage,sizeClass,sizeCategory,individualCount,subsamplePercent,estimatedTotalCount,immatureSpecimen,indeterminateSpecies,sampleCondition,distinctTaxon,taxonDatabaseID,taxonDatabaseName,identificationQualifier,identificationReferences,qcChecked,laboratoryName,identifiedBy,identificationRemarks,dataQF
"97bfcc93-c147-46f9-ba11-ef2b5e603cf1","D08","MAYF","MAYF.AOS.reach","2019-07-29T12:44Z","2020-02-20","MAYF.20190729.SNAG.4","A00000083335",,"PARSP27","Y","Paraphaenocladius sp.",,,"Arthropoda",,,,,,,,,,,,,,,,,"larva",1,,1,100,1,"N","N","condition OK","Y",,,,"Weiderholm, 1983; Weiderholm, 1986; Epler 2001; Ferrington et al. 2019; Andersen, Cranston and Epler 2013","N","Rhithron Associates, Inc.","R. Spring",,
"6811802a-0920-4f55-bdb5-62fe9fd7ca06","D08","MAYF","MAYF.AOS.reach","2019-07-29T12:44Z","2020-02-20","MAYF.20190729.SNAG.3","A00000083350",,"PROSP23","Y","Procladius sp.",,,"Arthropoda",,,,,,,,,,,,,,,,,"larva",2,,2,100,2,"N","N","condition OK","Y",,,,"Weiderholm, 1983; Weiderholm, 1986; Epler 2001; Ferrington et al. 2019; Andersen, Cranston and Epler 2013","N","Rhithron Associates, Inc.","R. Spring",,
"30e1d9a0-7d13-43c0-953d-4564af0f6cbc","D08","MAYF","MAYF.AOS.reach","2019-07-29T12:44Z","2020-02-20","MAYF.20190729.CORE.2","A00000083334",,"KLOSP","Y","Kloosia sp.",,,"Arthropoda",,,,,,,,,,,,,,,,,"larva",2,,1,100,1,"N","N","condition OK","Y",,,,"Thorp and Rogers 2016","N","Rhithron Associates, Inc.","R. Spring",,
"3e449910-91f5-4aaa-b625-3c8f9e0774ca","D08","MAYF","MAYF.AOS.reach","2019-07-29T12:44Z","2020-02-20","MAYF.20190729.SNAG.5","A00000083352",,"PARSP26","Y","Parametriocnemus sp.",,,"Arthropoda",,,,,,,,,,,,,,,,,"larva",2,,3,100,3,"N","N","condition OK","Y",,,,"Weiderholm, 1983; Weiderholm, 1986; Epler 2001; Ferrington et al. 2019; Andersen, Cranston and Epler 2013","N","Rhithron Associates, Inc.","A. Fasbender",,
"505bed4d-e95c-4ca2-9894-9786d1bd839d","D08","MAYF","MAYF.AOS.reach","2019-07-29T12:44Z","2020-02-20","MAYF.20190729.SNAG.5","A00000083352",,"TANSP11","Y","Tanytarsus sp.",,,"Arthropoda",,,,,,,,,,,,,,,,,"larva",3,,1,100,1,"N","N","condition OK","Y",,,,"Weiderholm, 1983; Weiderholm, 1986; Epler 2001; Ferrington et al. 2019; Andersen, Cranston and Epler 2013","N","Rhithron Associates, Inc.","A. Fasbender",,
"0a9b8051-1e0d-42dc-b859-6e7d3c45cc00","D08","MAYF","MAYF.AOS.reach","2019-07-29T12:44Z","2020-02-20","MAYF.20190729.SNAG.2","A00000083142",,"THIGRO","Y","Thienemannimyia gr.",,,"Arthropoda",,,,,,,,,,,,,,,,,"larva",2,,3,100,3,"Y","N","condition OK","Y",,,,"Weiderholm, 1983; Weiderholm, 1986; Epler 2001; Ferrington et al. 2008; Andersen, Cranston and Epler 2017","N","Rhithron Associates, Inc.","B. Hayford",,
"9675adad-1411-4182-aaa3-4873ccdcb731","D08","MAYF","MAYF.AOS.reach","2019-07-29T12:44Z","2020-02-20","MAYF.20190729.SNAG.1","A00000083125",,"NEMSP","Y","Nematoda sp.",,,"Nematoda",,,,,,,,,,,,,,,,,"none",3,,1,100,1,"N","N","condition OK","Y",,,,"Thorp and Rogers 2016","N","Rhithron Associates, Inc.","S. Sullivan",,
"f0d9394a-ff28-48a4-9e12-51ef82861019","D08","MAYF","MAYF.AOS.reach","2019-07-29T12:44Z","2020-02-20","MAYF.20190729.SNAG.4","A00000083335",,"RHESP1","Y","Rheocricotopus sp.",,,"Arthropoda",,,,,,,,,,,,,,,,,"pupa",2,,2,100,2,"N","N","condition OK","N",,,,"Weiderholm, 1983; Weiderholm, 1986; Epler 2001; Ferrington et al. 2019; Andersen, Cranston and Epler 2013","N","Rhithron Associates, Inc.","R. Spring",,
"644a2e05-5539-43c5-bba0-4565e0f727a8","D08","MAYF","MAYF.AOS.reach","2019-07-29T12:44Z","2020-02-20","MAYF.20190729.SNAG.3","A00000083350",,"ENCSP1","Y","Enchytraeidae sp.",,,"Annelida",,,,,,,,,,,,,,,,,"none",3,,3,100,3,"N","N","condition OK","Y",,,,"Kathman and Brinkhurst, 1999","N","Rhithron Associates, Inc.","A. Fasbender",,
"a31acb9d-5b53-43ba-9da8-ca80843f2d04","D08","MAYF","MAYF.AOS.reach","2019-07-29T12:44Z","2020-02-20","MAYF.20190729.SNAG.3","A00000083350",,"POLSCA","Y","Polypedilum scalaenum gr.",,,"Arthropoda",,,,,,,,,,,,,,,,,"larva",2,,3,100,3,"N","N","condition OK","Y",,,,"Weiderholm, 1983; Weiderholm, 1986; Epler 2001; Ferrington et al. 2008; Andersen, Cranston and Epler 2018","N","Rhithron Associates, Inc.","R. Spring",,
"b319057a-5253-4a05-9a09-06f113f6d19b","D08","MAYF","MAYF.AOS.reach","2019-07-29T12:44Z","2020-02-20","MAYF.20190729.CORE.3","A00000083351",,"RHESP4","Y","Rheosmittia sp.",,,"Arthropoda",,,,,,,,,,,,,,,,,"larva",1,,5,100,5,"N","N","condition OK","Y",,,,"Weiderholm, 1983; Weiderholm, 1986; Epler 2001; Ferrington et al. 2019; Andersen, Cranston and Epler 2013","Y","Rhithron Associates, Inc.","R. Spring",,
"4f3cd8ef-d14d-4c0b-a174-6ebe06fd2887","D08","MAYF","MAYF.AOS.reach","2019-07-29T12:44Z","2020-02-20","MAYF.20190729.SNAG.3","A00000083350",,"ABLSP","Y","Ablabesmyia sp.",,,"Arthropoda",,,,,,,,,,,,,,,,,"larva",4,,1,100,1,"N","N","condition OK","Y",,,,"Weiderholm, 1983; Weiderholm, 1986; Epler 2001; Ferrington et al. 2019; Andersen, Cranston and Epler 2013","N","Rhithron Associates, Inc.","R. Spring",,
"aaa4e4b9-ca24-429e-88ff-730bb73def17","D08","MAYF","MAYF.AOS.reach","2019-07-29T12:44Z","2020-02-20","MAYF.20190729.SNAG.5","A00000083352",,"STESP6","Y","Stenelmis sp.",,,"Arthropoda",,,,,,,,,,,,,,,,,"adult",3,,1,100,1,"N","N","condition OK","Y",,,,"Brown 1972; Merritt et al. 2019","N","Rhithron Associates, Inc.","S. Sullivan",,
"c5d1c299-0dc6-45e3-8b29-ef0977cdb022","D08","MAYF","MAYF.AOS.reach","2019-07-29T12:44Z","2020-02-20","MAYF.20190729.SNAG.5","A00000083352",,"THIGRO","Y","Thienemannimyia gr.",,,"Arthropoda",,,,,,,,,,,,,,,,,"larva",2,,5,100,5,"Y","N","condition OK","Y",,,,"Weiderholm, 1983; Weiderholm, 1986; Epler 2001; Ferrington et al. 2008; Andersen, Cranston and Epler 2017","N","Rhithron Associates, Inc.","A. Fasbender",,
"82b6709a-14c7-4597-9fea-d990bd871250","D08","MAYF","MAYF.AOS.reach","2019-07-29T12:44Z","2020-02-20","MAYF.20190729.SNAG.5","A00000083352",,"RHESP2","Y","Rheotanytarsus sp.",,,"Arthropoda",,,,,,,,,,,,,,,,,"larva",1,,3,100,3,"Y","N","condition OK","Y",,,,"Weiderholm, 1983; Weiderholm, 1986; Epler 2001; Ferrington et al. 2019; Andersen, Cranston and Epler 2013","N","Rhithron Associates, Inc.","A. Fasbender",,
"259a991f-3324-441f-8dd5-dcc14e1da754","D08","MAYF","MAYF.AOS.reach","2019-07-29T12:44Z","2020-02-20","MAYF.20190729.SNAG.4","A00000083335",,"CERSP10","Y","Ceratopogoninae sp.",,,"Arthropoda",,,,,,,,,,,,,,,,,"larva",1,,1,100,1,"N","N","condition OK","Y",,,,"Merritt et al. 2019","N","Rhithron Associates, Inc.","S. Sullivan",,
"7deba06c-b8c4-432d-ba5b-28c1c851eb2f","D08","MAYF","MAYF.AOS.reach","2019-07-29T12:44Z","2020-02-20","MAYF.20190729.SNAG.4","A00000083335",,"HEMSP4","Y","Hemerodromia sp.",,,"Arthropoda",,,,,,,,,,,,,,,,,"larva",2,,2,100,2,"N","N","condition OK","Y",,,,"Merritt et al. 2019","N","Rhithron Associates, Inc.","S. Sullivan",,
"12d2f9a0-bc01-41d8-8e13-4eb3cd7bbf35","D08","MAYF","MAYF.AOS.reach","2019-07-29T12:44Z","2020-02-20","MAYF.20190729.CORE.2","A00000083334",,"RHESP4","Y","Rheosmittia sp.",,,"Arthropoda",,,,,,,,,,,,,,,,,"larva",1,,1,100,1,"N","N","condition OK","Y",,,,"Weiderholm, 1983; Weiderholm, 1986; Epler 2001; Ferrington et al. 2019; Andersen, Cranston and Epler 2013","N","Rhithron Associates, Inc.","R. Spring",,
"3b587df9-90b3-464e-a1e7-f21cf0cceac0","D08","MAYF","MAYF.AOS.reach","2019-07-29T12:44Z","2020-02-20","MAYF.20190729.CORE.3","A00000083351",,"NAISP","Y","Naididae sp.",,,"Annelida",,,,,,,,,,,,,,,,,"none",3,,2,100,2,"Y","N","condition OK","Y",,,,"Kathman and Brinkhurst, 1999","Y","Rhithron Associates, Inc.","A. Fasbender","w/o HC",
"a362d978-2d6f-4fa6-a8ad-ed462e2f97cb","D08","MAYF","MAYF.AOS.reach","2019-07-29T12:44Z","2020-02-20","MAYF.20190729.SNAG.4","A00000083335",,"LIMSP50","Y","Limoniidae sp.",,,"Arthropoda",,,,,,,,,,,,,,,,,"larva",1,,1,100,1,"Y","N","condition OK","Y",,,,"Merritt et al. 2019","N","Rhithron Associates, Inc.","S. Sullivan",,
"19374c7b-d966-453d-8683-13484aeeff50","D08","MAYF","MAYF.AOS.reach","2019-07-29T12:44Z","2020-02-20","MAYF.20190729.SNAG.3","A00000083350",,"ANCVAR1","Y","Ancyronyx variegatus",,,"Arthropoda",,,,,,,,,,,,,,,,,"larva",2,,1,100,1,"N","N","condition OK","N",,,,"Merritt et al. 2019","N","Rhithron Associates, Inc.","S. Sullivan",,
"7ff2b91f-1f98-4ec1-a434-fb3b228d5756","D08","MAYF","MAYF.AOS.reach","2019-07-29T12:44Z","2020-02-20","MAYF.20190729.SNAG.3","A00000083350",,"TANSP11","Y","Tanytarsus sp.",,,"Arthropoda",,,,,,,,,,,,,,,,,"larva",1,,6,100,6,"N","N","condition OK","Y",,,,"Weiderholm, 1983; Weiderholm, 1986; Epler 2001; Ferrington et al. 2019; Andersen, Cranston and Epler 2013","N","Rhithron Associates, Inc.","R. Spring",,
"145337ed-568e-4643-9f5d-786aebe3151f","D08","MAYF","MAYF.AOS.reach","2019-07-29T12:44Z","2020-02-20","MAYF.20190729.SNAG.1","A00000083125",,"THISP2","Y","Thienemanniella sp.",,,"Arthropoda",,,,,,,,,,,,,,,,,"larva",2,,2,100,2,"N","N","condition OK","Y",,,,"Weiderholm, 1983; Weiderholm, 1986; Epler 2001; Ferrington et al. 2019; Andersen, Cranston and Epler 2013","N","Rhithron Associates, Inc.","B. Hayford",,
"0cfa3594-53af-4f1d-929e-d48a51611d2e","D08","MAYF","MAYF.AOS.reach","2019-07-29T12:44Z","2020-02-20","MAYF.20190729.SNAG.4","A00000083335",,"LEPSP4","Y","Leptophlebiidae sp.",,,"Arthropoda",,,,,,,,,,,,,,,,,"larva",1,,1,100,1,"Y","N","condition OK","Y",,,,"Merritt et al. 2019","N","Rhithron Associates, Inc.","S. Sullivan",,
"9347b6be-a9d6-46f6-a1b0-5fad66a810da","D08","MAYF","MAYF.AOS.reach","2019-07-29T12:44Z","2020-02-20","MAYF.20190729.SNAG.4","A00000083335",,"RHESP1","Y","Rheocricotopus sp.",,,"Arthropoda",,,,,,,,,,,,,,,,,"larva",3,,9,100,9,"N","N","condition OK","Y",,,,"Weiderholm, 1983; Weiderholm, 1986; Epler 2001; Ferrington et al. 2019; Andersen, Cranston and Epler 2013","N","Rhithron Associates, Inc.","R. Spring",,
"3e5e42b0-beaf-46e7-af7e-46ac3773fd0c","D08","MAYF","MAYF.AOS.reach","2019-07-29T12:44Z","2020-02-20","MAYF.20190729.SNAG.3","A00000083350",,"ABLSP","Y","Ablabesmyia sp.",,,"Arthropoda",,,,,,,,,,,,,,,,,"larva",2,,2,100,2,"N","N","condition OK","Y",,,,"Weiderholm, 1983; Weiderholm, 1986; Epler 2001; Ferrington et al. 2019; Andersen, Cranston and Epler 2013","N","Rhithron Associates, Inc.","R. Spring",,
"786d933a-c2ac-42f9-8e5b-b2ec4f0cd1b5","D08","MAYF","MAYF.AOS.reach","2019-07-29T12:44Z","2020-02-20","MAYF.20190729.SNAG.3","A00000083350",,"THIGRO","Y","Thienemannimyia gr.",,,"Arthropoda",,,,,,,,,,,,,,,,,"larva",1,,13,100,13,"Y","N","condition OK","Y",,,,"Weiderholm, 1983; Weiderholm, 1986; Epler 2001; Ferrington et al. 2008; Andersen, Cranston and Epler 2017","N","Rhithron Associates, Inc.","R. Spring",,
"7e229d88-ebf9-4568-b33e-81e4636eca67","D08","MAYF","MAYF.AOS.reach","2019-07-29T12:44Z","2020-02-20","MAYF.20190729.SNAG.1","A00000083125",,"PARSP26","Y","Parametriocnemus sp.",,,"Arthropoda",,,,,,,,,,,,,,,,,"larva",1,,5,100,5,"N","N","condition OK","Y",,,,"Weiderholm, 1983; Weiderholm, 1986; Epler 2001; Ferrington et al. 2019; Andersen, Cranston and Epler 2013","N","Rhithron Associates, Inc.","B. Hayford",,
"d3a0f6d9-4b48-4477-8e90-75028282565d","D08","MAYF","MAYF.AOS.reach","2019-07-29T12:44Z","2020-02-20","MAYF.20190729.SNAG.3","A00000083350",,"PARSP26","Y","Parametriocnemus sp.",,,"Arthropoda",,,,,,,,,,,,,,,,,"larva",4,,2,100,2,"N","N","condition OK","Y",,,,"Weiderholm, 1983; Weiderholm, 1986; Epler 2001; Ferrington et al. 2019; Andersen, Cranston and Epler 2013","N","Rhithron Associates, Inc.","R. Spring",,
"e47ed732-b905-4b8d-b1e6-eb21e66ce381","D08","MAYF","MAYF.AOS.reach","2019-07-29T12:44Z","2020-02-20","MAYF.20190729.SNAG.5","A00000083352",,"POLSCA","Y","Polypedilum scalaenum gr.",,,"Arthropoda",,,,,,,,,,,,,,,,,"larva",3,,1,100,1,"N","N","condition OK","Y",,,,"Weiderholm, 1983; Weiderholm, 1986; Epler 2001; Ferrington et al. 2008; Andersen, Cranston and Epler 2018","N","Rhithron Associates, Inc.","A. Fasbender",,
"95e723c9-24d7-469f-86e3-45514f585542","D08","MAYF","MAYF.AOS.reach","2019-07-29T12:44Z","2020-02-20","MAYF.20190729.SNAG.3","A00000083350",,"CERSP10","Y","Ceratopogoninae sp.",,,"Arthropoda",,,,,,,,,,,,,,,,,"larva",2,,2,100,2,"N","N","condition OK","Y",,,,"Merritt et al. 2019","N","Rhithron Associates, Inc.","S. Sullivan",,
"c59e1304-28f4-4df6-9c06-888dfc440b6f","D08","MAYF","MAYF.AOS.reach","2019-07-29T12:44Z","2020-02-20","MAYF.20190729.SNAG.3","A00000083350",,"XYLPAR","Y","Xylotopus par",,,"Arthropoda",,,,,,,,,,,,,,,,,"larva",1,,1,100,1,"N","N","condition OK","Y",,,,"Weiderholm, 1983; Weiderholm, 1986; Epler 2001; Ferrington et al. 2019; Andersen, Cranston and Epler 2013","N","Rhithron Associates, Inc.","R. Spring",,
"64e3112f-0950-4d44-9980-32997ef987e5","D08","MAYF","MAYF.AOS.reach","2019-07-29T12:44Z","2020-02-20","MAYF.20190729.SNAG.5","A00000083352",,"PENSP7","Y","Pentaneura sp.",,,"Arthropoda",,,,,,,,,,,,,,,,,"larva",2,,2,100,2,"N","N","condition OK","Y",,,,"Weiderholm, 1983; Weiderholm, 1986; Epler 2001; Ferrington et al. 2019; Andersen, Cranston and Epler 2013","N","Rhithron Associates, Inc.","A. Fasbender",,
"9e30f4dc-7136-4b25-a4ee-8c5c1b65e4d7","D08","MAYF","MAYF.AOS.reach","2019-07-29T12:44Z","2020-02-20","MAYF.20190729.SNAG.5","A00000083352",,"PARSP26","Y","Parametriocnemus sp.",,,"Arthropoda",,,,,,,,,,,,,,,,,"larva",1,,3,100,3,"N","N","condition OK","Y",,,,"Weiderholm, 1983; Weiderholm, 1986; Epler 2001; Ferrington et al. 2019; Andersen, Cranston and Epler 2013","N","Rhithron Associates, Inc.","A. Fasbender",,
"23f5e539-a5f8-486f-b7ed-9b3e5c6c7ba6","D08","MAYF","MAYF.AOS.reach","2019-07-29T12:44Z","2020-02-20","MAYF.20190729.SNAG.5","A00000083352",,"THISP2","Y","Thienemanniella sp.",,,"Arthropoda",,,,,,,,,,,,,,,,,"larva",1,,4,100,4,"N","N","condition OK","Y",,,,"Weiderholm, 1983; Weiderholm, 1986; Epler 2001; Ferrington et al. 2019; Andersen, Cranston and Epler 2013","N","Rhithron Associates, Inc.","A. Fasbender",,
"9925d74d-1789-48ee-9068-2357cabed587","D08","MAYF","MAYF.AOS.reach","2019-07-29T12:44Z","2020-02-20","MAYF.20190729.CORE.1","A00000083333",,"PAGSP5","Y","Pagastiella sp.",,,"Arthropoda",,,,,,,,,,,,,,,,,"larva",1,,1,100,1,"N","N","condition OK","Y",,,,"Weiderholm, 1983; Weiderholm, 1986; Epler 2001; Ferrington et al. 2019; Andersen, Cranston and Epler 2013","N","Rhithron Associates, Inc.","R. Spring","Reference Collection(1)",
"3a9c06ad-f8ef-4081-b435-5bdbd585f055","D08","MAYF","MAYF.AOS.reach","2019-07-29T12:44Z","2020-02-20","MAYF.20190729.SNAG.2","A00000083142",,"PARSP26","Y","Parametriocnemus sp.",,,"Arthropoda",,,,,,,,,,,,,,,,,"larva",3,,3,100,3,"N","N","condition OK","Y",,,,"Weiderholm, 1983; Weiderholm, 1986; Epler 2001; Ferrington et al. 2019; Andersen, Cranston and Epler 2013","N","Rhithron Associates, Inc.","B. Hayford",,
"aa7f05ab-7fa9-4114-aa0c-8b2315ba4682","D08","MAYF","MAYF.AOS.reach","2019-07-29T12:44Z","2020-02-20","MAYF.20190729.SNAG.3","A00000083350",,"NAISP","Y","Naididae sp.",,,"Annelida",,,,,,,,,,,,,,,,,"none",3,"3b",1,100,1,"Y","N","condition OK","Y",,,,"Kathman and Brinkhurst, 1999","N","Rhithron Associates, Inc.","A. Fasbender","Rhyacodrilinae/Tubificinae w/ HC",
"b8847cc1-11bf-46ec-ba00-ea5ec418fc50","D08","MAYF","MAYF.AOS.reach","2019-07-29T12:44Z","2020-02-20","MAYF.20190729.SNAG.1","A00000083125",,"PARSP26","Y","Parametriocnemus sp.",,,"Arthropoda",,,,,,,,,,,,,,,,,"larva",3,,1,100,1,"N","N","condition OK","Y",,,,"Weiderholm, 1983; Weiderholm, 1986; Epler 2001; Ferrington et al. 2019; Andersen, Cranston and Epler 2013","N","Rhithron Associates, Inc.","B. Hayford",,
"ba4e875e-6063-4277-8843-8c66eaf99ec3","D08","MAYF","MAYF.AOS.reach","2019-07-29T12:44Z","2020-02-20","MAYF.20190729.SNAG.2","A00000083142",,"NEMSP","Y","Nematoda sp.",,,"Nematoda",,,,,,,,,,,,,,,,,"none",4,,1,100,1,"N","N","condition OK","Y",,,,"Thorp and Rogers 2016","N","Rhithron Associates, Inc.","S. Sullivan",,
"21f567fe-fb2f-46b5-91c6-b7dd6796e34f","D08","MAYF","MAYF.AOS.reach","2019-07-29T12:44Z","2020-02-20","MAYF.20190729.SNAG.4","A00000083335",,"CRIBIC1","Y","Cricotopus bicinctus",,,"Arthropoda",,,,,,,,,,,,,,,,,"larva",3,,1,100,1,"N","N","condition OK","Y",,,,"Weiderholm, 1983; Weiderholm, 1986; Epler 2001; Ferrington et al. 2019; Andersen, Cranston and Epler 2013","N","Rhithron Associates, Inc.","R. Spring",,
"5318047e-6a3b-40fd-94b2-0312dccdb7c9","D08","MAYF","MAYF.AOS.reach","2019-07-29T12:44Z","2020-02-20","MAYF.20190729.SNAG.2","A00000083142",,"THISP2","Y","Thienemanniella sp.",,,"Arthropoda",,,,,,,,,,,,,,,,,"larva",2,,1,100,1,"N","N","condition OK","Y",,,,"Weiderholm, 1983; Weiderholm, 1986; Epler 2001; Ferrington et al. 2019; Andersen, Cranston and Epler 2013","N","Rhithron Associates, Inc.","B. Hayford",,
"01d0cb03-5541-4823-abdf-5f59c2a56da6","D08","MAYF","MAYF.AOS.reach","2019-07-29T12:44Z","2020-02-20","MAYF.20190729.SNAG.2","A00000083142",,"TANSP11","Y","Tanytarsus sp.",,,"Arthropoda",,,,,,,,,,,,,,,,,"larva",2,,1,100,1,"N","N","condition OK","Y",,,,"Weiderholm, 1983; Weiderholm, 1986; Epler 2001; Ferrington et al. 2019; Andersen, Cranston and Epler 2013","N","Rhithron Associates, Inc.","B. Hayford",,
"2191602b-1a49-46d7-842b-2d57b6a0e918","D08","MAYF","MAYF.AOS.reach","2019-07-29T12:44Z","2020-02-20","MAYF.20190729.SNAG.1","A00000083125",,"STESP6","Y","Stenelmis sp.",,,"Arthropoda",,,,,,,,,,,,,,,,,"adult",3,,1,100,1,"N","N","condition OK","Y",,,,"Brown 1972; Merritt et al. 2019","N","Rhithron Associates, Inc.","S. Sullivan",,
"8799a55e-32f9-420f-9da4-56a367c80716","D08","MAYF","MAYF.AOS.reach","2019-07-29T12:44Z","2020-02-20","MAYF.20190729.SNAG.1","A00000083125",,"THISP2","Y","Thienemanniella sp.",,,"Arthropoda",,,,,,,,,,,,,,,,,"larva",1,,1,100,1,"N","N","condition OK","Y",,,,"Weiderholm, 1983; Weiderholm, 1986; Epler 2001; Ferrington et al. 2019; Andersen, Cranston and Epler 2013","N","Rhithron Associates, Inc.","B. Hayford",,
"a5424a1e-dcd1-469c-a16b-82a91bfa813a","D08","MAYF","MAYF.AOS.reach","2019-07-29T12:44Z","2020-02-20","MAYF.20190729.SNAG.3","A00000083350",,"PARSP27","Y","Paraphaenocladius sp.",,,"Arthropoda",,,,,,,,,,,,,,,,,"larva",2,,1,100,1,"N","N","condition OK","Y",,,,"Weiderholm, 1983; Weiderholm, 1986; Epler 2001; Ferrington et al. 2019; Andersen, Cranston and Epler 2013","N","Rhithron Associates, Inc.","R. Spring",,
"9f91a267-d53e-4545-a763-c38f6394568f","D08","MAYF","MAYF.AOS.reach","2019-07-29T12:44Z","2020-02-20","MAYF.20190729.SNAG.3","A00000083350",,"OECSP","Y","Oecetis sp.",,,"Arthropoda",,,,,,,,,,,,,,,,,"larva",2,,1,100,1,"N","N","condition OK","Y",,,,"Wiggins 1996; Blahnik and Holzenthal 2014","N","Rhithron Associates, Inc.","S. Sullivan",,
"f441f82d-d09a-436d-9191-26d12157fb56","D08","MAYF","MAYF.AOS.reach","2019-07-29T12:44Z","2020-02-20","MAYF.20190729.SNAG.2","A00000083142",,"PARSP26","Y","Parametriocnemus sp.",,,"Arthropoda",,,,,,,,,,,,,,,,,"larva",2,,2,100,2,"N","N","condition OK","Y",,,,"Weiderholm, 1983; Weiderholm, 1986; Epler 2001; Ferrington et al. 2019; Andersen, Cranston and Epler 2013","N","Rhithron Associates, Inc.","B. Hayford",,
"74afdf16-bbe0-4fc7-9766-25c8120d5e89","D08","MAYF","MAYF.AOS.reach","2019-07-29T12:44Z","2020-02-20","MAYF.20190729.SNAG.5","A00000083352",,"RHESP1","Y","Rheocricotopus sp.",,,"Arthropoda",,,,,,,,,,,,,,,,,"larva",3,,1,100,1,"N","N","condition OK","Y",,,,"Weiderholm, 1983; Weiderholm, 1986; Epler 2001; Ferrington et al. 2019; Andersen, Cranston and Epler 2013","N","Rhithron Associates, Inc.","A. Fasbender",,
"f8bf2505-984f-491d-8154-47e9d297b170","D08","MAYF","MAYF.AOS.reach","2019-07-29T12:44Z","2020-02-20","MAYF.20190729.SNAG.1","A00000083125",,"ACRSP4","Y","Acroneuria sp.",,,"Arthropoda",,,,,,,,,,,,,,,,,"larva",12,,1,100,1,"N","N","condition OK","Y",,,,"Stewart and Stark 2002; Merritt et al. 2019","N","Rhithron Associates, Inc.","S. Sullivan",,
"1203a9df-d2d5-486d-b01c-2da3790319ea","D08","MAYF","MAYF.AOS.reach","2019-07-29T12:44Z","2020-02-20","MAYF.20190729.SNAG.3","A00000083350",,"NAISP","Y","Naididae sp.",,,"Annelida",,,,,,,,,,,,,,,,,"none",3,"3a",1,100,1,"Y","N","condition OK","Y",,,,"Kathman and Brinkhurst, 1999","N","Rhithron Associates, Inc.","A. Fasbender","w/o HC",
"b04ff853-07b8-48f7-ad73-76ae05e755ba","D08","MAYF","MAYF.AOS.reach","2019-07-29T12:44Z","2020-02-20","MAYF.20190729.SNAG.5","A00000083352",,"RHESP1","Y","Rheocricotopus sp.",,,"Arthropoda",,,,,,,,,,,,,,,,,"larva",2,,2,100,2,"N","N","condition OK","Y",,,,"Weiderholm, 1983; Weiderholm, 1986; Epler 2001; Ferrington et al. 2019; Andersen, Cranston and Epler 2013","N","Rhithron Associates, Inc.","A. Fasbender",,
"0363caef-04ee-402b-b19f-600d5382e45c","D08","MAYF","MAYF.AOS.reach","2019-07-29T12:44Z","2020-02-20","MAYF.20190729.SNAG.4","A00000083335",,"CHISP6","Y","Chironomini sp.",,,"Arthropoda",,,,,,,,,,,,,,,,,"pupa",2,,1,100,1,"N","N","damaged, affecting taxonomy and measurement","N",,,,"Weiderholm, 1983; Weiderholm, 1986; Epler 2001; Ferrington et al. 2019; Andersen, Cranston and Epler 2013","N","Rhithron Associates, Inc.","R. Spring",,
"37933016-68b6-4e6a-8d7d-dccc7b554b39","D08","MAYF","MAYF.AOS.reach","2019-07-29T12:44Z","2020-02-20","MAYF.20190729.CORE.3","A00000083351",,"ROBSP","Y","Robackia sp.",,,"Arthropoda",,,,,,,,,,,,,,,,,"larva",4,,1,100,1,"N","N","condition OK","Y",,,,"Weiderholm, 1983; Weiderholm, 1986; Epler 2001; Ferrington et al. 2008; Andersen, Cranston and Epler 2013","Y","Rhithron Associates, Inc.","R. Spring","Reference Collection(1)",
"73904e78-47d7-494f-9cbc-304fc80ca1c8","D08","MAYF","MAYF.AOS.reach","2019-07-29T12:44Z","2020-02-20","MAYF.20190729.SNAG.5","A00000083352",,"ENCSP1","Y","Enchytraeidae sp.",,,"Annelida",,,,,,,,,,,,,,,,,"none",1,,2,100,2,"N","N","condition OK","Y",,,,"Kathman and Brinkhurst, 1999","N","Rhithron Associates, Inc.","A. Fasbender",,
"8092f4cb-7637-46bf-a136-30af0b976641","D08","MAYF","MAYF.AOS.reach","2019-07-29T12:44Z","2020-02-20","MAYF.20190729.SNAG.5","A00000083352",,"THIGRO","Y","Thienemannimyia gr.",,,"Arthropoda",,,,,,,,,,,,,,,,,"larva",1,,21,100,21,"Y","N","condition OK","Y",,,,"Weiderholm, 1983; Weiderholm, 1986; Epler 2001; Ferrington et al. 2008; Andersen, Cranston and Epler 2017","N","Rhithron Associates, Inc.","A. Fasbender",,
"a358ce0d-0fb2-4865-b925-b8e1cc85596a","D08","MAYF","MAYF.AOS.reach","2019-07-29T12:44Z","2020-02-20","MAYF.20190729.SNAG.3","A00000083350",,"ANCVAR1","Y","Ancyronyx variegatus",,,"Arthropoda",,,,,,,,,,,,,,,,,"adult",3,,1,100,1,"N","N","condition OK","Y",,,,"Merritt et al. 2019","N","Rhithron Associates, Inc.","S. Sullivan","Reference Collection(1)",
"98998ee2-db23-493b-a5f1-aa6e38d97871","D08","MAYF","MAYF.AOS.reach","2019-07-29T12:44Z","2020-02-20","MAYF.20190729.SNAG.2","A00000083142",,"THISP2","Y","Thienemanniella sp.",,,"Arthropoda",,,,,,,,,,,,,,,,,"larva",1,,3,100,3,"N","N","condition OK","Y",,,,"Weiderholm, 1983; Weiderholm, 1986; Epler 2001; Ferrington et al. 2019; Andersen, Cranston and Epler 2013","N","Rhithron Associates, Inc.","B. Hayford",,
"ba7a9097-9200-4b39-9fed-786d02307e3b","D08","MAYF","MAYF.AOS.reach","2019-07-29T12:44Z","2020-02-20","MAYF.20190729.SNAG.1","A00000083125",,"THIGRO","Y","Thienemannimyia gr.",,,"Arthropoda",,,,,,,,,,,,,,,,,"larva",1,,3,100,3,"Y","N","condition OK","Y",,,,"Weiderholm, 1983; Weiderholm, 1986; Epler 2001; Ferrington et al. 2008; Andersen, Cranston and Epler 2017","N","Rhithron Associates, Inc.","B. Hayford",,
"c695012a-9034-4311-a27f-ed56eaf9050e","D08","MAYF","MAYF.AOS.reach","2019-07-29T12:44Z","2020-02-20","MAYF.20190729.SNAG.3","A00000083350",,"LUMSP2","Y","Lumbriculidae sp.",,,"Annelida",,,,,,,,,,,,,,,,,"none",4,,4,100,4,"Y","N","condition OK","Y",,,,"Kathman and Brinkhurst, 1999","N","Rhithron Associates, Inc.","A. Fasbender","w/o proboscis",
"26353507-2696-421e-972b-cb5fabdbbd2b","D08","MAYF","MAYF.AOS.reach","2019-07-29T12:44Z","2020-02-20","MAYF.20190729.SNAG.3","A00000083350",,"BRISP","Y","Brillia sp.",,,"Arthropoda",,,,,,,,,,,,,,,,,"larva",1,,1,100,1,"N","N","condition OK","Y",,,,"Weiderholm, 1983; Weiderholm, 1986; Epler 2001; Ferrington et al. 2019; Andersen, Cranston and Epler 2013","N","Rhithron Associates, Inc.","R. Spring",,
"511fa95b-0f64-472a-bad8-78c28b319352","D08","MAYF","MAYF.AOS.reach","2019-07-29T12:44Z","2020-02-20","MAYF.20190729.SNAG.5","A00000083352",,"TANSP11","Y","Tanytarsus sp.",,,"Arthropoda",,,,,,,,,,,,,,,,,"larva",2,,9,100,9,"N","N","condition OK","Y",,,,"Weiderholm, 1983; Weiderholm, 1986; Epler 2001; Ferrington et al. 2019; Andersen, Cranston and Epler 2013","N","Rhithron Associates, Inc.","A. Fasbender",,
"779d94ce-004b-45c0-8b6d-ec2d24443374","D08","MAYF","MAYF.AOS.reach","2019-07-29T12:44Z","2020-02-20","MAYF.20190729.SNAG.5","A00000083352",,"NAISP","Y","Naididae sp.",,,"Annelida",,,,,,,,,,,,,,,,,"none",3,,1,100,1,"Y","N","condition OK","Y",,,,"Kathman and Brinkhurst, 1999","N","Rhithron Associates, Inc.","A. Fasbender","Rhyacodrilinae/Tubificinae w/ HC",
"612f075e-4f8d-4a1a-b8c8-1f8aa8094291","D08","MAYF","MAYF.AOS.reach","2019-07-29T12:44Z","2020-02-20","MAYF.20190729.SNAG.5","A00000083352",,"THIGRO","Y","Thienemannimyia gr.",,,"Arthropoda",,,,,,,,,,,,,,,,,"larva",5,,2,100,2,"Y","N","condition OK","Y",,,,"Weiderholm, 1983; Weiderholm, 1986; Epler 2001; Ferrington et al. 2008; Andersen, Cranston and Epler 2017","N","Rhithron Associates, Inc.","A. Fasbender",,
"f70aad5f-17e6-4df8-aa2e-440e70c3f3fa","D08","MAYF","MAYF.AOS.reach","2019-07-29T12:44Z","2020-02-20","MAYF.20190729.SNAG.2","A00000083142",,"TANSP7","Y","Tanypodinae sp.",,,"Arthropoda",,,,,,,,,,,,,,,,,"larva",1,,2,100,2,"Y","N","condition OK","N",,,,"Weiderholm, 1983; Weiderholm, 1986; Epler 2001; Ferrington et al. 2019; Andersen, Cranston and Epler 2013","N","Rhithron Associates, Inc.","B. Hayford","and damagaed",
"3c7a9dd9-7322-4f76-9d5b-42162052268f","D08","MAYF","MAYF.AOS.reach","2019-07-29T12:44Z","2020-02-20","MAYF.20190729.SNAG.2","A00000083142",,"PARSP26","Y","Parametriocnemus sp.",,,"Arthropoda",,,,,,,,,,,,,,,,,"larva",4,,1,100,1,"N","N","condition OK","Y",,,,"Weiderholm, 1983; Weiderholm, 1986; Epler 2001; Ferrington et al. 2019; Andersen, Cranston and Epler 2013","N","Rhithron Associates, Inc.","B. Hayford",,
"9c8c1bdd-9f2a-42d5-ac13-aba44d4e1179","D08","MAYF","MAYF.AOS.reach","2019-07-29T12:44Z","2020-02-20","MAYF.20190729.SNAG.2","A00000083142",,"CORSP19","Y","Corynoneura sp.",,,"Arthropoda",,,,,,,,,,,,,,,,,"larva",2,,1,100,1,"N","N","condition OK","Y",,,,"Weiderholm, 1983; Weiderholm, 1986; Epler 2001; Ferrington et al. 2019; Andersen, Cranston and Epler 2013","N","Rhithron Associates, Inc.","B. Hayford",,
"1a9f6f8e-1081-48d9-bbd5-c19091fd3787","D08","MAYF","MAYF.AOS.reach","2019-07-29T12:44Z","2020-02-20","MAYF.20190729.SNAG.4","A00000083335",,"CORSP19","Y","Corynoneura sp.",,,"Arthropoda",,,,,,,,,,,,,,,,,"larva",1,,1,100,1,"N","N","condition OK","Y",,,,"Weiderholm, 1983; Weiderholm, 1986; Epler 2001; Ferrington et al. 2019; Andersen, Cranston and Epler 2013","N","Rhithron Associates, Inc.","R. Spring",,
"74764314-06d9-494a-8ea9-b8f56f249989","D08","MAYF","MAYF.AOS.reach","2019-07-29T12:44Z","2020-02-20","MAYF.20190729.SNAG.4","A00000083335",,"RHESP1","Y","Rheocricotopus sp.",,,"Arthropoda",,,,,,,,,,,,,,,,,"larva",1,,5,100,5,"N","N","condition OK","Y",,,,"Weiderholm, 1983; Weiderholm, 1986; Epler 2001; Ferrington et al. 2019; Andersen, Cranston and Epler 2013","N","Rhithron Associates, Inc.","R. Spring",,
"9ed7bca8-0284-4f10-b827-5fce16fcd6f8","D08","MAYF","MAYF.AOS.reach","2019-07-29T12:44Z","2020-02-20","MAYF.20190729.SNAG.5","A00000083352",,"THISP2","Y","Thienemanniella sp.",,,"Arthropoda",,,,,,,,,,,,,,,,,"pupa",1,,1,100,1,"N","N","condition OK","N",,,,"Weiderholm, 1983; Weiderholm, 1986; Epler 2001; Ferrington et al. 2019; Andersen, Cranston and Epler 2013","N","Rhithron Associates, Inc.","A. Fasbender",,
"e6135ea9-62c4-49bf-bea0-52c1f97e4dc3","D08","MAYF","MAYF.AOS.reach","2019-07-29T12:44Z","2020-02-20","MAYF.20190729.SNAG.3","A00000083350",,"PARSP26","Y","Parametriocnemus sp.",,,"Arthropoda",,,,,,,,,,,,,,,,,"larva",1,,3,100,3,"N","N","condition OK","Y",,,,"Weiderholm, 1983; Weiderholm, 1986; Epler 2001; Ferrington et al. 2019; Andersen, Cranston and Epler 2013","N","Rhithron Associates, Inc.","R. Spring",,
"668620bc-afc0-4ce8-ad66-ffd94a6115fd","D08","MAYF","MAYF.AOS.reach","2019-07-29T12:44Z","2020-02-20","MAYF.20190729.SNAG.1","A00000083125",,"RHESP1","Y","Rheocricotopus sp.",,,"Arthropoda",,,,,,,,,,,,,,,,,"larva",1,,1,100,1,"N","N","condition OK","Y",,,,"Weiderholm, 1983; Weiderholm, 1986; Epler 2001; Ferrington et al. 2019; Andersen, Cranston and Epler 2013","N","Rhithron Associates, Inc.","B. Hayford",,
"b91a9805-9e92-42e9-8b55-02446d54969e","D08","MAYF","MAYF.AOS.reach","2019-07-29T12:44Z","2020-02-20","MAYF.20190729.SNAG.5","A00000083352",,"RHESP2","Y","Rheotanytarsus sp.",,,"Arthropoda",,,,,,,,,,,,,,,,,"pupa",2,,1,100,1,"N","N","condition OK","N",,,,"Weiderholm, 1983; Weiderholm, 1986; Epler 2001; Ferrington et al. 2019; Andersen, Cranston and Epler 2013","N","Rhithron Associates, Inc.","A. Fasbender",,
"90dfec9b-2250-404b-bc75-d9d1f9730a8e","D08","MAYF","MAYF.AOS.reach","2019-07-29T12:44Z","2020-02-20","MAYF.20190729.SNAG.2","A00000083142",,"STEPER","Y","Kribiodorum perpulchrum",,,"Arthropoda",,,,,,,,,,,,,,,,,"larva",3,,1,100,1,"N","N","condition OK","Y",,,,"Weiderholm, 1983; Weiderholm, 1986; Epler 2001; Ferrington et al. 2008; Andersen, Cranston and Epler 2013","N","Rhithron Associates, Inc.","B. Hayford",,
"ee5c7d7a-06a6-4374-b4cd-89bb6c12fd92","D08","MAYF","MAYF.AOS.reach","2019-07-29T12:44Z","2020-02-20","MAYF.20190729.SNAG.3","A00000083350",,"LYPDIV","Y","Lype diversa",,,"Arthropoda",,,,,,,,,,,,,,,,,"larva",1,,1,100,1,"N","N","condition OK","Y",,,,"Wiggins 1996; Merritt et al. 2019","N","Rhithron Associates, Inc.","S. Sullivan",,
"d05657c3-6b32-4978-a8aa-62b3e79ba269","D08","MAYF","MAYF.AOS.reach","2019-07-29T12:44Z","2020-02-20","MAYF.20190729.SNAG.1","A00000083125",,"RHEPEL1","Y","Rheotanytarsus pellucidus",,,"Arthropoda",,,,,,,,,,,,,,,,,"larva",1,,3,100,3,"N","N","condition OK","Y",,,,"Weiderholm, 1983; Weiderholm, 1986; Epler 2001; Ferrington et al. 2008; Andersen, Cranston and Epler 2013","N","Rhithron Associates, Inc.","B. Hayford",,
"3416ab63-5eb1-4f39-8fc4-7aedbedc327c","D08","MAYF","MAYF.AOS.reach","2019-07-29T12:44Z","2020-02-20","MAYF.20190729.SNAG.1","A00000083125",,"STESP8","Y","Stenochironomus sp.",,,"Arthropoda",,,,,,,,,,,,,,,,,"larva",4,,1,100,1,"N","N","condition OK","Y",,,,"Weiderholm, 1983; Weiderholm, 1986; Epler 2001; Ferrington et al. 2019; Andersen, Cranston and Epler 2013","N","Rhithron Associates, Inc.","B. Hayford",,
"84cdc01e-571e-4083-b943-9af7c032f835","D08","MAYF","MAYF.AOS.reach","2019-07-29T12:44Z","2020-02-20","MAYF.20190729.SNAG.1","A00000083125",,"TANSP11","Y","Tanytarsus sp.",,,"Arthropoda",,,,,,,,,,,,,,,,,"larva",2,,1,100,1,"N","N","condition OK","Y",,,,"Weiderholm, 1983; Weiderholm, 1986; Epler 2001; Ferrington et al. 2019; Andersen, Cranston and Epler 2013","N","Rhithron Associates, Inc.","B. Hayford",,
"5dc2c14c-ba38-4e46-8e4c-e88e5ebe626c","D08","MAYF","MAYF.AOS.reach","2019-07-29T12:44Z","2020-02-20","MAYF.20190729.SNAG.3","A00000083350",,"STESP6","Y","Stenelmis sp.",,,"Arthropoda",,,,,,,,,,,,,,,,,"larva",1,,4,100,4,"N","N","condition OK","Y",,,,"Brown 1972; Merritt et al. 2019","N","Rhithron Associates, Inc.","S. Sullivan",,
"809a1b62-2db6-4391-b921-aa3c46199323","D08","MAYF","MAYF.AOS.reach","2019-07-29T12:44Z","2020-02-20","MAYF.20190729.SNAG.3","A00000083350",,"PARSP27","Y","Paraphaenocladius sp.",,,"Arthropoda",,,,,,,,,,,,,,,,,"larva",1,,6,100,6,"N","N","condition OK","Y",,,,"Weiderholm, 1983; Weiderholm, 1986; Epler 2001; Ferrington et al. 2019; Andersen, Cranston and Epler 2013","N","Rhithron Associates, Inc.","R. Spring",,
"b47faeda-1d31-4918-97c4-89ee330f8ed2","D08","MAYF","MAYF.AOS.reach","2019-07-29T12:44Z","2020-02-20","MAYF.20190729.SNAG.3","A00000083350",,"TANSP11","Y","Tanytarsus sp.",,,"Arthropoda",,,,,,,,,,,,,,,,,"larva",2,,3,100,3,"N","N","condition OK","Y",,,,"Weiderholm, 1983; Weiderholm, 1986; Epler 2001; Ferrington et al. 2019; Andersen, Cranston and Epler 2013","N","Rhithron Associates, Inc.","R. Spring",,
"263c1fbe-610a-4694-abc3-e38895617e69","D08","MAYF","MAYF.AOS.reach","2019-07-29T12:44Z","2020-02-20","MAYF.20190729.SNAG.5","A00000083352",,"STESP6","Y","Stenelmis sp.",,,"Arthropoda",,,,,,,,,,,,,,,,,"larva",4,,2,100,2,"N","N","condition OK","N",,,,"Brown 1972; Merritt et al. 2019","N","Rhithron Associates, Inc.","S. Sullivan",,
"74d633e0-9968-4a1f-8df9-05ce3157e00c","D08","MAYF","MAYF.AOS.reach","2019-07-29T12:44Z","2020-02-20","MAYF.20190729.SNAG.5","A00000083352",,"STESP8","Y","Stenochironomus sp.",,,"Arthropoda",,,,,,,,,,,,,,,,,"larva",3,,2,100,2,"N","N","condition OK","Y",,,,"Weiderholm, 1983; Weiderholm, 1986; Epler 2001; Ferrington et al. 2019; Andersen, Cranston and Epler 2013","N","Rhithron Associates, Inc.","A. Fasbender",,
"fbf36fd3-122e-4b9b-ad77-2faf547bbf08","D08","MAYF","MAYF.AOS.reach","2019-07-29T12:44Z","2020-02-20","MAYF.20190729.SNAG.3","A00000083350",,"RHESP1","Y","Rheocricotopus sp.",,,"Arthropoda",,,,,,,,,,,,,,,,,"larva",2,,2,100,2,"N","N","condition OK","Y",,,,"Weiderholm, 1983; Weiderholm, 1986; Epler 2001; Ferrington et al. 2019; Andersen, Cranston and Epler 2013","N","Rhithron Associates, Inc.","R. Spring",,
"e69cec49-ca7f-4846-a903-79370a3aac3a","D08","MAYF","MAYF.AOS.reach","2019-07-29T12:44Z","2020-02-20","MAYF.20190729.SNAG.5","A00000083352",,"LEPSP4","Y","Leptophlebiidae sp.",,,"Arthropoda",,,,,,,,,,,,,,,,,"larva",2,,4,100,4,"Y","N","condition OK","Y",,,,"Merritt et al. 2019","N","Rhithron Associates, Inc.","S. Sullivan",,
"10309ccd-802b-4f26-bfe9-0c14734788f2","D08","MAYF","MAYF.AOS.reach","2019-07-29T12:44Z","2020-02-20","MAYF.20190729.SNAG.3","A00000083350",,"ORISP1","Y","Oribatida sp.",,,"Arthropoda",,,,,,,,,,,,,,,,,"adult",1,,4,100,4,"N","N","condition OK","Y",,,,"Thorp and Rogers 2016","N","Rhithron Associates, Inc.","S. Sullivan",,
"453f2b52-c014-436f-a245-c81d00e43d30","D08","MAYF","MAYF.AOS.reach","2019-07-29T12:44Z","2020-02-20","MAYF.20190729.SNAG.1","A00000083125",,"PARSP26","Y","Parametriocnemus sp.",,,"Arthropoda",,,,,,,,,,,,,,,,,"larva",2,,3,100,3,"N","N","condition OK","Y",,,,"Weiderholm, 1983; Weiderholm, 1986; Epler 2001; Ferrington et al. 2019; Andersen, Cranston and Epler 2013","N","Rhithron Associates, Inc.","B. Hayford",,
"48ecf1a8-93ca-4dda-8e9f-a303c0e11b87","D08","MAYF","MAYF.AOS.reach","2019-07-29T12:44Z","2020-02-20","MAYF.20190729.SNAG.1","A00000083125",,"POLSCA","Y","Polypedilum scalaenum gr.",,,"Arthropoda",,,,,,,,,,,,,,,,,"larva",2,,1,100,1,"N","N","condition OK","Y",,,,"Weiderholm, 1983; Weiderholm, 1986; Epler 2001; Ferrington et al. 2008; Andersen, Cranston and Epler 2018","N","Rhithron Associates, Inc.","B. Hayford",,
"2e964636-7486-4b5f-8a1d-8e7a0e8be193","D08","MAYF","MAYF.AOS.reach","2019-07-29T12:44Z","2020-02-20","MAYF.20190729.SNAG.4","A00000083335",,"THIGRO","Y","Thienemannimyia gr.",,,"Arthropoda",,,,,,,,,,,,,,,,,"larva",2,,3,100,3,"Y","N","condition OK","Y",,,,"Weiderholm, 1983; Weiderholm, 1986; Epler 2001; Ferrington et al. 2008; Andersen, Cranston and Epler 2017","N","Rhithron Associates, Inc.","R. Spring",,
"9f93e23a-58bc-46e1-abba-1501ee3742e0","D08","MAYF","MAYF.AOS.reach","2019-07-29T12:44Z","2020-02-20","MAYF.20190729.SNAG.4","A00000083335",,"ANCVAR1","Y","Ancyronyx variegatus",,,"Arthropoda",,,,,,,,,,,,,,,,,"larva",1,,5,100,5,"N","N","condition OK","Y",,,,"Merritt et al. 2019","N","Rhithron Associates, Inc.","S. Sullivan",,
"979048b9-1353-4ed1-bdb4-55c7f4e8b837","D08","MAYF","MAYF.AOS.reach","2019-07-29T12:44Z","2020-02-20","MAYF.20190729.SNAG.5","A00000083352",,"PARSP26","Y","Parametriocnemus sp.",,,"Arthropoda",,,,,,,,,,,,,,,,,"larva",3,,1,100,1,"N","N","condition OK","Y",,,,"Weiderholm, 1983; Weiderholm, 1986; Epler 2001; Ferrington et al. 2019; Andersen, Cranston and Epler 2013","N","Rhithron Associates, Inc.","A. Fasbender",,
"4515fd02-1609-45eb-9816-dc69b26151d2","D08","MAYF","MAYF.AOS.reach","2019-07-29T12:44Z","2020-02-20","MAYF.20190729.SNAG.3","A00000083350",,"ENCSP1","Y","Enchytraeidae sp.",,,"Annelida",,,,,,,,,,,,,,,,,"none",4,,3,100,3,"N","N","condition OK","Y",,,,"Kathman and Brinkhurst, 1999","N","Rhithron Associates, Inc.","A. Fasbender",,
"d2a048f3-2f05-4406-8c26-43318defb167","D08","MAYF","MAYF.AOS.reach","2019-07-29T12:44Z","2020-02-20","MAYF.20190729.SNAG.1","A00000083125",,"ENCSP1","Y","Enchytraeidae sp.",,,"Annelida",,,,,,,,,,,,,,,,,"none",3,,1,100,1,"N","N","condition OK","Y",,,,"Kathman and Brinkhurst, 1999","N","Rhithron Associates, Inc.","A. Fasbender",,
"e97faf89-7299-459c-8365-085a641b6fa5","D08","MAYF","MAYF.AOS.reach","2019-07-29T12:44Z","2020-02-20","MAYF.20190729.SNAG.1","A00000083125",,"ORISP1","Y","Oribatida sp.",,,"Arthropoda",,,,,,,,,,,,,,,,,"adult",1,,1,100,1,"N","N","condition OK","Y",,,,"Thorp and Rogers 2016","N","Rhithron Associates, Inc.","S. Sullivan",,
"84e63243-d5ec-4422-a1fa-327216dcbf79","D08","MAYF","MAYF.AOS.reach","2019-07-29T12:44Z","2020-02-20","MAYF.20190729.SNAG.5","A00000083352",,"NILSP1","Y","Nilothauma sp.",,,"Arthropoda",,,,,,,,,,,,,,,,,"larva",1,,1,100,1,"N","N","condition OK","Y",,,,"Weiderholm, 1983; Weiderholm, 1986; Epler 2001; Ferrington et al. 2019; Andersen, Cranston and Epler 2013","N","Rhithron Associates, Inc.","A. Fasbender",,
"5b054fbe-6eb8-48e0-af4d-635fffd6023a","D08","MAYF","MAYF.AOS.reach","2019-07-29T12:44Z","2020-02-20","MAYF.20190729.SNAG.3","A00000083350",,"ELMSP","Y","Elmidae sp.",,,"Arthropoda",,,,,,,,,,,,,,,,,"larva",1,,1,100,1,"Y","N","condition OK","N",,,,"Brown, 1972; Merritt et al. 2019","N","Rhithron Associates, Inc.","S. Sullivan",,
"7e9862b4-cbf5-440f-b6c1-7e6682a2358e","D08","MAYF","MAYF.AOS.reach","2019-07-29T12:44Z","2020-02-20","MAYF.20190729.CORE.3","A00000083351",,"NEOREI","Y","Neostempellina reissi",,,"Arthropoda",,,,,,,,,,,,,,,,,"larva",1,,1,100,1,"N","N","condition OK","Y",,,,"Weiderholm, 1983; Weiderholm, 1986; Epler 2001; Ferrington et al. 2008; Andersen, Cranston and Epler 2013","Y","Rhithron Associates, Inc.","R. Spring","Reference Collection(1)",
"864b56dd-c3c0-453a-abd8-818d32984c21","D08","MAYF","MAYF.AOS.reach","2019-07-29T12:44Z","2020-02-20","MAYF.20190729.SNAG.4","A00000083335",,"THIGRO","Y","Thienemannimyia gr.",,,"Arthropoda",,,,,,,,,,,,,,,,,"larva",1,,5,100,5,"Y","N","condition OK","Y",,,,"Weiderholm, 1983; Weiderholm, 1986; Epler 2001; Ferrington et al. 2008; Andersen, Cranston and Epler 2017","N","Rhithron Associates, Inc.","R. Spring",,
"235b0a63-d1a3-4360-a9b3-faa3ba608337","D08","MAYF","MAYF.AOS.reach","2019-07-29T12:44Z","2020-02-20","MAYF.20190729.SNAG.3","A00000083350",,"STEPER","Y","Kribiodorum perpulchrum",,,"Arthropoda",,,,,,,,,,,,,,,,,"larva",1,,1,100,1,"N","N","condition OK","Y",,,,"Weiderholm, 1983; Weiderholm, 1986; Epler 2001; Ferrington et al. 2008; Andersen, Cranston and Epler 2013","N","Rhithron Associates, Inc.","R. Spring",,
"1f3fc701-8133-499b-adda-20f2e9f44c16","D08","MAYF","MAYF.AOS.reach","2019-07-29T12:44Z","2020-02-20","MAYF.20190729.SNAG.3","A00000083350",,"NEMSP","Y","Nematoda sp.",,,"Nematoda",,,,,,,,,,,,,,,,,"none",3,,3,100,3,"N","N","condition OK","Y",,,,"Thorp and Rogers 2016","N","Rhithron Associates, Inc.","S. Sullivan",,
"2b6cdb90-9762-4e79-af4c-4a78af4573d7","D08","MAYF","MAYF.AOS.reach","2019-07-29T12:44Z","2020-02-20","MAYF.20190729.SNAG.5","A00000083352",,"THIGRO","Y","Thienemannimyia gr.",,,"Arthropoda",,,,,,,,,,,,,,,,,"larva",3,,2,100,2,"Y","N","condition OK","Y",,,,"Weiderholm, 1983; Weiderholm, 1986; Epler 2001; Ferrington et al. 2008; Andersen, Cranston and Epler 2017","N","Rhithron Associates, Inc.","A. Fasbender",,
"8eb1f296-1271-43fa-b8b7-e9a9fd145b30","D08","MAYF","MAYF.AOS.reach","2019-07-29T12:44Z","2020-02-20","MAYF.20190729.SNAG.3","A00000083350",,"PHASP9","Y","Phaenopsectra sp.",,,"Arthropoda",,,,,,,,,,,,,,,,,"larva",3,,3,100,3,"N","N","condition OK","Y",,,,"Weiderholm, 1983; Weiderholm, 1986; Epler 2001; Ferrington et al. 2019; Andersen, Cranston and Epler 2013","N","Rhithron Associates, Inc.","R. Spring",,
"1f2941df-4b4e-4c9e-8996-7d64bc60bca5","D08","MAYF","MAYF.AOS.reach","2019-07-29T12:44Z","2020-02-20","MAYF.20190729.SNAG.5","A00000083352",,"STEPER","Y","Kribiodorum perpulchrum",,,"Arthropoda",,,,,,,,,,,,,,,,,"larva",2,,1,100,1,"N","N","condition OK","Y",,,,"Weiderholm, 1983; Weiderholm, 1986; Epler 2001; Ferrington et al. 2008; Andersen, Cranston and Epler 2013","N","Rhithron Associates, Inc.","A. Fasbender",,
"6b884700-0af6-40ea-82f7-21c06455eb98","D08","MAYF","MAYF.AOS.reach","2019-07-29T12:44Z","2020-02-20","MAYF.20190729.SNAG.5","A00000083352",,"POLSCA","Y","Polypedilum scalaenum gr.",,,"Arthropoda",,,,,,,,,,,,,,,,,"larva",2,,1,100,1,"N","N","condition OK","Y",,,,"Weiderholm, 1983; Weiderholm, 1986; Epler 2001; Ferrington et al. 2008; Andersen, Cranston and Epler 2018","N","Rhithron Associates, Inc.","A. Fasbender",,
"3a85ac5a-0ac0-477b-86a5-453f3dacea4c","D08","MAYF","MAYF.AOS.reach","2019-07-29T12:44Z","2020-02-20","MAYF.20190729.SNAG.5","A00000083352",,"CORSP19","Y","Corynoneura sp.",,,"Arthropoda",,,,,,,,,,,,,,,,,"pupa",1,,1,100,1,"N","N","condition OK","Y",,,,"Weiderholm, 1983; Weiderholm, 1986; Epler 2001; Ferrington et al. 2019; Andersen, Cranston and Epler 2013","N","Rhithron Associates, Inc.","A. Fasbender",,
"16ee70e7-ab1b-453f-8485-150233ee5152","D08","MAYF","MAYF.AOS.reach","2019-07-29T12:44Z","2020-02-20","MAYF.20190729.SNAG.4","A00000083335",,"RHESP1","Y","Rheocricotopus sp.",,,"Arthropoda",,,,,,,,,,,,,,,,,"larva",2,,5,100,5,"N","N","condition OK","Y",,,,"Weiderholm, 1983; Weiderholm, 1986; Epler 2001; Ferrington et al. 2019; Andersen, Cranston and Epler 2013","N","Rhithron Associates, Inc.","R. Spring",,
"ba5c2eee-a38c-4652-911b-6b8350bf9638","D08","MAYF","MAYF.AOS.reach","2019-07-29T12:44Z","2020-02-20","MAYF.20190729.SNAG.4","A00000083335",,"STEPER","Y","Kribiodorum perpulchrum",,,"Arthropoda",,,,,,,,,,,,,,,,,"larva",1,,2,100,2,"N","N","condition OK","Y",,,,"Weiderholm, 1983; Weiderholm, 1986; Epler 2001; Ferrington et al. 2008; Andersen, Cranston and Epler 2013","N","Rhithron Associates, Inc.","R. Spring",,
"89b6243f-ca02-481c-8780-cc4fc793685d","D08","MAYF","MAYF.AOS.reach","2019-07-29T12:44Z","2020-02-20","MAYF.20190729.SNAG.5","A00000083352",,"NEMSP","Y","Nematoda sp.",,,"Nematoda",,,,,,,,,,,,,,,,,"none",2,,1,100,1,"N","N","condition OK","Y",,,,"Thorp and Rogers 2016","N","Rhithron Associates, Inc.","S. Sullivan",,
"64880bce-f70d-45d3-8944-fe9b5269d7c3","D08","MAYF","MAYF.AOS.reach","2019-07-29T12:44Z","2020-02-20","MAYF.20190729.SNAG.1","A00000083125",,"LEUSP2","Y","Leuctridae sp.",,,"Arthropoda",,,,,,,,,,,,,,,,,"larva",2,,13,100,13,"Y","N","condition OK","Y",,,,"Stewart and Stark 2002; Merritt et al. 2019","N","Rhithron Associates, Inc.","S. Sullivan",,
"f9f8e5d2-efc7-4227-925e-20dd7669d4eb","D08","MAYF","MAYF.AOS.reach","2019-07-29T12:44Z","2020-02-20","MAYF.20190729.SNAG.3","A00000083350",,"POLFAL","Y","Polypedilum fallax gr.",,,"Arthropoda",,,,,,,,,,,,,,,,,"larva",2,,1,100,1,"N","N","condition OK","Y",,,,"Weiderholm, 1983; Weiderholm, 1986; Epler 2001; Ferrington et al. 2008; Andersen, Cranston and Epler 2014","N","Rhithron Associates, Inc.","R. Spring",,
"6f996934-b732-4a41-82bf-5da538718077","D08","MAYF","MAYF.AOS.reach","2019-07-29T12:44Z","2020-02-20","MAYF.20190729.SNAG.1","A00000083125",,"THIGRO","Y","Thienemannimyia gr.",,,"Arthropoda",,,,,,,,,,,,,,,,,"larva",3,,2,100,2,"Y","N","condition OK","Y",,,,"Weiderholm, 1983; Weiderholm, 1986; Epler 2001; Ferrington et al. 2008; Andersen, Cranston and Epler 2017","N","Rhithron Associates, Inc.","B. Hayford",,
"5a841813-a72b-40e0-bed7-c6b17dabf80d","D08","MAYF","MAYF.AOS.reach","2019-07-29T12:44Z","2020-02-20","MAYF.20190729.SNAG.5","A00000083352",,"RHESP1","Y","Rheocricotopus sp.",,,"Arthropoda",,,,,,,,,,,,,,,,,"larva",1,,2,100,2,"N","N","condition OK","Y",,,,"Weiderholm, 1983; Weiderholm, 1986; Epler 2001; Ferrington et al. 2019; Andersen, Cranston and Epler 2013","N","Rhithron Associates, Inc.","A. Fasbender",,
"874bcb40-475a-426f-9799-b52771c7e08a","D08","MAYF","MAYF.AOS.reach","2019-07-29T12:44Z","2020-02-20","MAYF.20190729.SNAG.5","A00000083352",,"HYDSP4","Y","Hydropsychidae sp.",,,"Arthropoda",,,,,,,,,,,,,,,,,"larva",2,,2,100,2,"Y","N","condition OK","Y",,,,"Wiggins 1996, Merritt et al. 2019","N","Rhithron Associates, Inc.","S. Sullivan",,
"57fa3687-1b5e-4058-8a4c-5c9987c02041","D08","MAYF","MAYF.AOS.reach","2019-07-29T12:44Z","2020-02-20","MAYF.20190729.SNAG.5","A00000083352",,"RHESP2","Y","Rheotanytarsus sp.",,,"Arthropoda",,,,,,,,,,,,,,,,,"larva",2,,1,100,1,"Y","N","condition OK","Y",,,,"Weiderholm, 1983; Weiderholm, 1986; Epler 2001; Ferrington et al. 2019; Andersen, Cranston and Epler 2013","N","Rhithron Associates, Inc.","A. Fasbender",,
"4767f81d-6008-4e6b-8797-0482d08be9cb","D08","MAYF","MAYF.AOS.reach","2019-07-29T12:44Z","2020-02-20","MAYF.20190729.SNAG.2","A00000083142",,"RHESP1","Y","Rheocricotopus sp.",,,"Arthropoda",,,,,,,,,,,,,,,,,"larva",3,,1,100,1,"N","N","condition OK","Y",,,,"Weiderholm, 1983; Weiderholm, 1986; Epler 2001; Ferrington et al. 2019; Andersen, Cranston and Epler 2013","N","Rhithron Associates, Inc.","B. Hayford",,
"e7817a7e-6cb7-45bf-862a-ff4cec79e502","D08","MAYF","MAYF.AOS.reach","2019-07-29T12:44Z","2020-02-20","MAYF.20190729.SNAG.3","A00000083350",,"OECTES","Y","Oecetis testacea gr.",,,"Arthropoda",,,,,,,,,,,,,,,,,"larva",2,,1,100,1,"N","N","condition OK","Y",,,,"Floyd 1995","N","Rhithron Associates, Inc.","S. Sullivan",,
"c12d3589-6401-4685-ba5f-edf8f6069d5a","D08","MAYF","MAYF.AOS.reach","2019-07-29T12:44Z","2020-02-20","MAYF.20190729.SNAG.5","A00000083352",,"STESP10","Y","Stempellinella sp.",,,"Arthropoda",,,,,,,,,,,,,,,,,"larva",2,,1,100,1,"N","N","condition OK","Y",,,,"Weiderholm, 1983; Weiderholm, 1986; Epler 2001; Ferrington et al. 2019; Andersen, Cranston and Epler 2013","N","Rhithron Associates, Inc.","A. Fasbender",,
"5e71e24a-16cc-474b-b8d2-751d99020bab","D08","MAYF","MAYF.AOS.reach","2019-07-29T12:44Z","2020-02-20","MAYF.20190729.SNAG.5","A00000083352",,"NILSP1","Y","Nilothauma sp.",,,"Arthropoda",,,,,,,,,,,,,,,,,"larva",2,,1,100,1,"N","N","condition OK","Y",,,,"Weiderholm, 1983; Weiderholm, 1986; Epler 2001; Ferrington et al. 2019; Andersen, Cranston and Epler 2013","N","Rhithron Associates, Inc.","A. Fasbender",,
"399f4bf3-ddc3-48e4-b6b3-d8f8aab19fbe","D08","MAYF","MAYF.AOS.reach","2019-07-29T12:44Z","2020-02-20","MAYF.20190729.SNAG.3","A00000083350",,"XYLPAR","Y","Xylotopus par",,,"Arthropoda",,,,,,,,,,,,,,,,,"larva",2,,3,100,3,"N","N","condition OK","Y",,,,"Weiderholm, 1983; Weiderholm, 1986; Epler 2001; Ferrington et al. 2019; Andersen, Cranston and Epler 2013","N","Rhithron Associates, Inc.","R. Spring",,
"e7856068-adc1-4b9d-8fe5-d69afa6a5acc","D08","MAYF","MAYF.AOS.reach","2019-07-29T12:44Z","2020-02-20","MAYF.20190729.SNAG.3","A00000083350",,"STEPER","Y","Kribiodorum perpulchrum",,,"Arthropoda",,,,,,,,,,,,,,,,,"larva",2,,1,100,1,"N","N","condition OK","Y",,,,"Weiderholm, 1983; Weiderholm, 1986; Epler 2001; Ferrington et al. 2008; Andersen, Cranston and Epler 2013","N","Rhithron Associates, Inc.","R. Spring",,
"3f978d42-b358-45ab-8910-45f7559aa295","D08","MAYF","MAYF.AOS.reach","2019-07-29T12:44Z","2020-02-20","MAYF.20190729.SNAG.5","A00000083352",,"TORSP6","Y","Torrenticola sp.",,,"Arthropoda",,,,,,,,,,,,,,,,,"adult",1,,1,100,1,"N","N","condition OK","Y",,,,"Thorp and Rogers 2016","N","Rhithron Associates, Inc.","S. Sullivan",,
"73a313ec-d058-41b9-93f3-a6b7aa390f3a","D08","MAYF","MAYF.AOS.reach","2019-07-29T12:44Z","2020-02-20","MAYF.20190729.CORE.3","A00000083351",,"NAISP","Y","Naididae sp.",,,"Annelida",,,,,,,,,,,,,,,,,"none",2,,2,100,2,"Y","N","condition OK","Y",,,,"Kathman and Brinkhurst, 1999","Y","Rhithron Associates, Inc.","A. Fasbender","w/o HC",
"85ff0c4b-3ec7-4410-825a-0b83ff200ba5","D08","MAYF","MAYF.AOS.reach","2019-07-29T12:44Z","2020-02-20","MAYF.20190729.SNAG.5","A00000083352",,"HEMSP4","Y","Hemerodromia sp.",,,"Arthropoda",,,,,,,,,,,,,,,,,"larva",2,,4,100,4,"N","N","condition OK","Y",,,,"Merritt et al. 2019","N","Rhithron Associates, Inc.","S. Sullivan",,
"213e082c-154b-4ee9-9774-0d0875bac359","D08","MAYF","MAYF.AOS.reach","2019-07-29T12:44Z","2020-02-20","MAYF.20190729.SNAG.2","A00000083142",,"LEUSP2","Y","Leuctridae sp.",,,"Arthropoda",,,,,,,,,,,,,,,,,"larva",3,,2,100,2,"Y","N","condition OK","Y",,,,"Stewart and Stark 2002; Merritt et al. 2019","N","Rhithron Associates, Inc.","S. Sullivan",,
"adaca6fa-098e-43bd-846c-4575029ec468","D08","MAYF","MAYF.AOS.reach","2019-07-29T12:44Z","2020-02-20","MAYF.20190729.SNAG.2","A00000083142",,"TANSP7","Y","Tanypodinae sp.",,,"Arthropoda",,,,,,,,,,,,,,,,,"pupa",4,,1,100,1,"N","N","damaged, affecting taxonomy and measurement","N",,,,"Weiderholm, 1983; Weiderholm, 1986; Epler 2001; Ferrington et al. 2019; Andersen, Cranston and Epler 2013","N","Rhithron Associates, Inc.","B. Hayford",,
"d0fb6299-811a-467b-9af8-49a3625dec0a","D08","MAYF","MAYF.AOS.reach","2019-07-29T12:44Z","2020-02-20","MAYF.20190729.SNAG.3","A00000083350",,"LEUSP2","Y","Leuctridae sp.",,,"Arthropoda",,,,,,,,,,,,,,,,,"larva",3,,5,100,5,"Y","N","condition OK","Y",,,,"Stewart and Stark 2002; Merritt et al. 2019","N","Rhithron Associates, Inc.","S. Sullivan",,
"dcad8c49-13f5-49ef-8e05-04cef4806a0e","D08","MAYF","MAYF.AOS.reach","2019-07-29T12:44Z","2020-02-20","MAYF.20190729.SNAG.5","A00000083352",,"ANISP1","Y","Anisoptera sp.",,,"Arthropoda",,,,,,,,,,,,,,,,,"larva",2,,1,100,1,"Y","N","condition OK","Y",,,,"Needham et al. 2000; Merritt et al. 2019; Tennessen 2019","N","Rhithron Associates, Inc.","S. Sullivan",,
"1d42a350-e6d8-42cd-ae2c-ce5f84ce12da","D08","MAYF","MAYF.AOS.reach","2019-07-29T12:44Z","2020-02-20","MAYF.20190729.SNAG.4","A00000083335",,"STEPER","Y","Kribiodorum perpulchrum",,,"Arthropoda",,,,,,,,,,,,,,,,,"larva",3,,1,100,1,"N","N","condition OK","Y",,,,"Weiderholm, 1983; Weiderholm, 1986; Epler 2001; Ferrington et al. 2008; Andersen, Cranston and Epler 2013","N","Rhithron Associates, Inc.","R. Spring",,
"90819791-437b-4831-8afe-57779996c74d","D08","MAYF","MAYF.AOS.reach","2019-07-29T12:44Z","2020-02-20","MAYF.20190729.SNAG.3","A00000083350",,"EPHSP2","Y","Ephemeridae sp.",,,"Arthropoda",,,,,,,,,,,,,,,,,"larva",1,,1,100,1,"Y","N","condition OK","Y",,,,"Merritt et al. 2019","N","Rhithron Associates, Inc.","S. Sullivan",,
"7623f613-9bf6-492b-91b0-910958657c3e","D08","MAYF","MAYF.AOS.reach","2019-07-29T12:44Z","2020-02-20","MAYF.20190729.SNAG.3","A00000083350",,"LUMSP2","Y","Lumbriculidae sp.",,,"Annelida",,,,,,,,,,,,,,,,,"none",2,,1,100,1,"Y","N","condition OK","Y",,,,"Kathman and Brinkhurst, 1999","N","Rhithron Associates, Inc.","A. Fasbender","w/o proboscis",
"56b3ad24-36be-4302-9f66-9fa88c81cc7c","D08","MAYF","MAYF.AOS.reach","2019-07-29T12:44Z","2020-02-20","MAYF.20190729.SNAG.3","A00000083350",,"CLASP6","Y","Cladotanytarsus sp.",,,"Arthropoda",,,,,,,,,,,,,,,,,"larva",1,,2,100,2,"N","N","condition OK","Y",,,,"Weiderholm, 1983; Weiderholm, 1986; Epler 2001; Ferrington et al. 2019; Andersen, Cranston and Epler 2013","N","Rhithron Associates, Inc.","R. Spring",,
"27619fc5-caea-4eef-844f-6b2dc592dfdc","D08","MAYF","MAYF.AOS.reach","2019-07-29T12:44Z","2020-02-20","MAYF.20190729.SNAG.3","A00000083350",,"ATRSP3","Y","Atractides sp.",,,"Arthropoda",,,,,,,,,,,,,,,,,"adult",1,,1,100,1,"N","N","condition OK","Y",,,,"Thorp and Rogers 2016","N","Rhithron Associates, Inc.","S. Sullivan",,
"931081bf-e805-4c49-b700-7650b271ef3b","D08","MAYF","MAYF.AOS.reach","2019-07-29T12:44Z","2020-02-20","MAYF.20190729.SNAG.1","A00000083125",,"HYDSP4","Y","Hydropsychidae sp.",,,"Arthropoda",,,,,,,,,,,,,,,,,"larva",2,,2,100,2,"Y","N","condition OK","Y",,,,"Wiggins 1996, Merritt et al. 2019","N","Rhithron Associates, Inc.","S. Sullivan",,
"09d2a3a9-ecf2-4218-b2c9-d7b3d0f32362","D08","MAYF","MAYF.AOS.reach","2019-07-29T12:44Z","2020-02-20","MAYF.20190729.SNAG.5","A00000083352",,"ATUSP1","Y","Aturus sp.",,,"Arthropoda",,,,,,,,,,,,,,,,,"adult",1,,1,100,1,"N","N","condition OK","Y",,,,"Thorp and Rogers 2016","N","Rhithron Associates, Inc.","S. Sullivan",,
"b4366dec-ea99-43bd-bc92-bf382618874b","D08","MAYF","MAYF.AOS.reach","2019-07-29T12:44Z","2020-02-20","MAYF.20190729.SNAG.3","A00000083350",,"PARSP26","Y","Parametriocnemus sp.",,,"Arthropoda",,,,,,,,,,,,,,,,,"larva",3,,3,100,3,"N","N","condition OK","Y",,,,"Weiderholm, 1983; Weiderholm, 1986; Epler 2001; Ferrington et al. 2019; Andersen, Cranston and Epler 2013","N","Rhithron Associates, Inc.","R. Spring",,
"e1336ca3-8556-4af6-980a-23763f1f25bf","D08","MAYF","MAYF.AOS.reach","2019-07-29T12:44Z","2020-02-20","MAYF.20190729.SNAG.5","A00000083352",,"TANSP11","Y","Tanytarsus sp.",,,"Arthropoda",,,,,,,,,,,,,,,,,"larva",1,,24,100,24,"N","N","condition OK","Y",,,,"Weiderholm, 1983; Weiderholm, 1986; Epler 2001; Ferrington et al. 2019; Andersen, Cranston and Epler 2013","N","Rhithron Associates, Inc.","A. Fasbender",,
"7fd77f25-c72b-40f6-94e8-e51f7ccd9a29","D08","MAYF","MAYF.AOS.reach","2019-07-29T12:44Z","2020-02-20","MAYF.20190729.SNAG.4","A00000083335",,"NEOSP30","Y","Neoplasta sp.",,,"Arthropoda",,,,,,,,,,,,,,,,,"larva",2,,1,100,1,"N","N","condition OK","Y",,,,"Merritt et al. 2019","N","Rhithron Associates, Inc.","S. Sullivan",,
"db3738db-009b-4cc6-a067-6b41ad9676a0","D08","MAYF","MAYF.AOS.reach","2019-07-29T12:44Z","2020-02-20","MAYF.20190729.SNAG.3","A00000083350",,"ORTSP1","Y","Orthocladiinae sp.",,,"Arthropoda",,,,,,,,,,,,,,,,,"pupa",1,,1,100,1,"N","N","damaged, affecting taxonomy and measurement","N",,,,"Weiderholm, 1983; Weiderholm, 1986; Epler 2001; Ferrington et al. 2019; Andersen, Cranston and Epler 2013","N","Rhithron Associates, Inc.","R. Spring",,
"ed86f71b-9112-451d-9d2a-5f833ab4dd5a","D08","MAYF","MAYF.AOS.reach","2019-07-29T12:44Z","2020-02-20","MAYF.20190729.SNAG.1","A00000083125",,"STESP6","Y","Stenelmis sp.",,,"Arthropoda",,,,,,,,,,,,,,,,,"larva",2,,4,100,4,"N","N","condition OK","N",,,,"Brown 1972; Merritt et al. 2019","N","Rhithron Associates, Inc.","S. Sullivan",,
"29ba01b8-0c05-4ef7-a612-9edb69171060","D08","MAYF","MAYF.AOS.reach","2019-07-29T12:44Z","2020-02-20","MAYF.20190729.SNAG.1","A00000083125",,"HEPSP","Y","Heptageniidae sp.",,,"Arthropoda",,,,,,,,,,,,,,,,,"larva",2,,1,100,1,"N","N","damaged, affecting taxonomy and measurement","Y",,,,"Merritt et al. 2019","N","Rhithron Associates, Inc.","S. Sullivan","head",
"d33241fe-562c-47aa-b4ba-ae94d806f8ad","D08","MAYF","MAYF.AOS.reach","2019-07-29T12:44Z","2020-02-20","MAYF.20190729.CORE.2","A00000083334",,"TANSP8","Y","Tanytarsini sp.",,,"Arthropoda",,,,,,,,,,,,,,,,,"pupa",2,,1,100,1,"N","N","damaged, affecting taxonomy and measurement","Y",,,,"Weiderholm, 1983; Weiderholm, 1986; Epler 2001; Ferrington et al. 2019; Andersen, Cranston and Epler 2013","N","Rhithron Associates, Inc.","R. Spring","cladotanytarsus?",
"bbe5fea8-0a60-438b-a836-a959e743b259","D08","MAYF","MAYF.AOS.reach","2019-07-29T12:44Z","2020-02-20","MAYF.20190729.SNAG.2","A00000083142",,"ORTSP1","Y","Orthocladiinae sp.",,,"Arthropoda",,,,,,,,,,,,,,,,,"larva",1,,2,100,2,"Y","N","condition OK","N",,,,"Weiderholm, 1983; Weiderholm, 1986; Epler 2001; Ferrington et al. 2019; Andersen, Cranston and Epler 2013","N","Rhithron Associates, Inc.","B. Hayford",,
"4df0a547-efb8-4352-b964-3d6dafe571ba","D08","MAYF","MAYF.AOS.reach","2019-07-29T12:44Z","2020-02-20","MAYF.20190729.SNAG.3","A00000083350",,"STEPER","Y","Kribiodorum perpulchrum",,,"Arthropoda",,,,,,,,,,,,,,,,,"larva",4,,2,100,2,"N","N","condition OK","Y",,,,"Weiderholm, 1983; Weiderholm, 1986; Epler 2001; Ferrington et al. 2008; Andersen, Cranston and Epler 2013","N","Rhithron Associates, Inc.","R. Spring",,
"fd1a3327-c0d9-48be-9a2a-df73497cb45b","D08","MAYF","MAYF.AOS.reach","2019-07-29T12:44Z","2020-02-20","MAYF.20190729.SNAG.5","A00000083352",,"LUMSP2","Y","Lumbriculidae sp.",,,"Annelida",,,,,,,,,,,,,,,,,"none",2,,1,100,1,"Y","N","condition OK","Y",,,,"Kathman and Brinkhurst, 1999","N","Rhithron Associates, Inc.","A. Fasbender","w/o proboscis",
"1b4cfb63-27f8-40e6-b2e7-db97910ef903","D08","MAYF","MAYF.AOS.reach","2019-07-29T12:44Z","2020-02-20","MAYF.20190729.SNAG.4","A00000083335",,"STESP6","Y","Stenelmis sp.",,,"Arthropoda",,,,,,,,,,,,,,,,,"larva",1,,1,100,1,"N","N","condition OK","Y",,,,"Brown 1972; Merritt et al. 2019","N","Rhithron Associates, Inc.","S. Sullivan",,
"84eec1a2-c2f2-47b9-8e56-d37852cb79d7","D08","MAYF","MAYF.AOS.reach","2019-07-29T12:44Z","2020-02-20","MAYF.20190729.SNAG.3","A00000083350",,"ENCSP1","Y","Enchytraeidae sp.",,,"Annelida",,,,,,,,,,,,,,,,,"none",2,,6,100,6,"N","N","condition OK","Y",,,,"Kathman and Brinkhurst, 1999","N","Rhithron Associates, Inc.","A. Fasbender",,
"0f291ec5-ec41-4f30-be11-ba5acea36cf0","D08","MAYF","MAYF.AOS.reach","2019-07-29T12:44Z","2020-02-20","MAYF.20190729.SNAG.2","A00000083142",,"TORSP6","Y","Torrenticola sp.",,,"Arthropoda",,,,,,,,,,,,,,,,,"adult",1,,3,100,3,"N","N","condition OK","Y",,,,"Thorp and Rogers 2016","N","Rhithron Associates, Inc.","S. Sullivan",,
"bf6811a3-5d30-4b72-bffc-1f7f3140c33f","D08","MAYF","MAYF.AOS.reach","2019-07-29T12:44Z","2020-02-20","MAYF.20190729.SNAG.5","A00000083352",,"HYDSP5","Y","Hydroptilidae sp.",,,"Arthropoda",,,,,,,,,,,,,,,,,"larva",1,,1,100,1,"Y","N","condition OK","Y",,,,"Wiggins 1996; Merritt et al. 2019","N","Rhithron Associates, Inc.","S. Sullivan",,
"077fdb87-1226-4823-8562-11f326b1ee54","D08","MAYF","MAYF.AOS.reach","2019-07-29T12:44Z","2020-02-20","MAYF.20190729.SNAG.4","A00000083335",,"ACASP1","Y","Acari sp.",,,"Arthropoda",,,,,,,,,,,,,,,,,"adult",1,,1,100,1,"N","N","damaged, affecting taxonomy and measurement","Y",,,,"Thorp and Rogers 2016","N","Rhithron Associates, Inc.","S. Sullivan","Aturus?",
"377e80c3-424b-44a3-b197-fffd3f1427c7","D08","MAYF","MAYF.AOS.reach","2019-07-29T12:44Z","2020-02-20","MAYF.20190729.SNAG.1","A00000083125",,"LEBSP1","Y","Lebertia sp.",,,"Arthropoda",,,,,,,,,,,,,,,,,"adult",1,,1,100,1,"N","N","condition OK","Y",,,,"Thorp and Rogers 2016","N","Rhithron Associates, Inc.","S. Sullivan",,
"ac0ae464-6a30-475d-8d33-7aafb8deeb3d","D08","MAYF","MAYF.AOS.reach","2019-07-29T12:44Z","2020-02-20","MAYF.20190729.SNAG.4","A00000083335",,"ABLSP","Y","Ablabesmyia sp.",,,"Arthropoda",,,,,,,,,,,,,,,,,"larva",4,,1,100,1,"N","N","condition OK","Y",,,,"Weiderholm, 1983; Weiderholm, 1986; Epler 2001; Ferrington et al. 2019; Andersen, Cranston and Epler 2013","N","Rhithron Associates, Inc.","R. Spring",,
"ef5d62cf-5755-4ee9-bbf8-bc787695442c","D08","MAYF","MAYF.AOS.reach","2019-07-29T12:44Z","2020-02-20","MAYF.20190729.SNAG.5","A00000083352",,"LEUSP2","Y","Leuctridae sp.",,,"Arthropoda",,,,,,,,,,,,,,,,,"larva",4,,20,100,20,"Y","N","condition OK","Y",,,,"Stewart and Stark 2002; Merritt et al. 2019","N","Rhithron Associates, Inc.","S. Sullivan",,
"ee2b3106-2be8-4cd6-b310-0ee08d1c7b9c","D08","MAYF","MAYF.AOS.reach","2019-07-29T12:44Z","2020-02-20","MAYF.20190729.SNAG.3","A00000083350",,"RHESP1","Y","Rheocricotopus sp.",,,"Arthropoda",,,,,,,,,,,,,,,,,"larva",3,,1,100,1,"N","N","condition OK","Y",,,,"Weiderholm, 1983; Weiderholm, 1986; Epler 2001; Ferrington et al. 2019; Andersen, Cranston and Epler 2013","N","Rhithron Associates, Inc.","R. Spring",,
"baa7044d-c55a-414a-a1cb-281c88375ba2","D08","MAYF","MAYF.AOS.reach","2019-07-29T12:44Z","2020-02-20","MAYF.20190729.SNAG.2","A00000083142",,"TANSP11","Y","Tanytarsus sp.",,,"Arthropoda",,,,,,,,,,,,,,,,,"larva",1,,8,100,8,"N","N","condition OK","Y",,,,"Weiderholm, 1983; Weiderholm, 1986; Epler 2001; Ferrington et al. 2019; Andersen, Cranston and Epler 2013","N","Rhithron Associates, Inc.","B. Hayford",,
"4825809a-f646-4856-91ee-7379ab9e45cb","D08","MAYF","MAYF.AOS.reach","2019-07-29T12:44Z","2020-02-20","MAYF.20190729.SNAG.2","A00000083142",,"STESP6","Y","Stenelmis sp.",,,"Arthropoda",,,,,,,,,,,,,,,,,"larva",1,,2,100,2,"N","N","condition OK","Y",,,,"Brown 1972; Merritt et al. 2019","N","Rhithron Associates, Inc.","S. Sullivan",,
"ff44c4db-59cb-4889-b89b-88775650beb8","D08","MAYF","MAYF.AOS.reach","2019-07-29T12:44Z","2020-02-20","MAYF.20190729.SNAG.1","A00000083125",,"PELSP4","Y","Peltoperla sp.",,,"Arthropoda",,,,,,,,,,,,,,,,,"larva",3,,1,100,1,"N","N","condition OK","Y",,,,"Stewart and Stark 2002; Merritt et al. 2019","N","Rhithron Associates, Inc.","S. Sullivan","Reference Collection(1)",
"946dd88c-ea2d-4599-84b3-6de1cff8f057","D08","MAYF","MAYF.AOS.reach","2019-07-29T12:44Z","2020-02-20","MAYF.20190729.SNAG.1","A00000083125",,"LEUSP2","Y","Leuctridae sp.",,,"Arthropoda",,,,,,,,,,,,,,,,,"larva",3,,13,100,13,"Y","N","condition OK","Y",,,,"Stewart and Stark 2002; Merritt et al. 2019","N","Rhithron Associates, Inc.","S. Sullivan",,
"b520abb3-743d-45f4-9fca-02a6823bc890","D08","MAYF","MAYF.AOS.reach","2019-07-29T12:44Z","2020-02-20","MAYF.20190729.SNAG.3","A00000083350",,"POLSP5","Y","Polycentropodidae sp.",,,"Arthropoda",,,,,,,,,,,,,,,,,"larva",1,,1,100,1,"Y","N","condition OK","Y",,,,"Flint 1994; Wiggins 1996; Merritt et al. 2019; Chamorro and Holzenthal 2011","N","Rhithron Associates, Inc.","S. Sullivan",,
"f244da5c-80e0-4d5c-bc07-8f52a4c7566d","D08","MAYF","MAYF.AOS.reach","2019-07-29T12:44Z","2020-02-20","MAYF.20190729.SNAG.1","A00000083125",,"PARSP26","Y","Parametriocnemus sp.",,,"Arthropoda",,,,,,,,,,,,,,,,,"larva",4,,1,100,1,"N","N","condition OK","Y",,,,"Weiderholm, 1983; Weiderholm, 1986; Epler 2001; Ferrington et al. 2019; Andersen, Cranston and Epler 2013","N","Rhithron Associates, Inc.","B. Hayford",,
"7779e975-304b-4ac1-9b27-ad4ecd6981d1","D08","MAYF","MAYF.AOS.reach","2019-07-29T12:44Z","2020-02-20","MAYF.20190729.SNAG.4","A00000083335",,"CORSP19","Y","Corynoneura sp.",,,"Arthropoda",,,,,,,,,,,,,,,,,"larva",2,,2,100,2,"N","N","condition OK","Y",,,,"Weiderholm, 1983; Weiderholm, 1986; Epler 2001; Ferrington et al. 2019; Andersen, Cranston and Epler 2013","N","Rhithron Associates, Inc.","R. Spring",,
"a6b3ce64-2b02-4d20-bc0c-b0310f1ae5be","D08","MAYF","MAYF.AOS.reach","2019-07-29T12:44Z","2020-02-20","MAYF.20190729.SNAG.3","A00000083350",,"NEOSP30","Y","Neoplasta sp.",,,"Arthropoda",,,,,,,,,,,,,,,,,"larva",1,,3,100,3,"N","N","condition OK","Y",,,,"Merritt et al. 2019","N","Rhithron Associates, Inc.","S. Sullivan",,
"87d13017-f9d5-4d82-8220-e501f2d3db96","D08","MAYF","MAYF.AOS.reach","2019-07-29T12:44Z","2020-02-20","MAYF.20190729.SNAG.4","A00000083335",,"ORISP1","Y","Oribatida sp.",,,"Arthropoda",,,,,,,,,,,,,,,,,"adult",1,,3,100,3,"N","N","condition OK","Y",,,,"Thorp and Rogers 2016","N","Rhithron Associates, Inc.","S. Sullivan",,
"064c578f-bbe6-48e4-a3b4-e75e326ba6ff","D08","MAYF","MAYF.AOS.reach","2019-07-29T12:44Z","2020-02-20","MAYF.20190729.SNAG.3","A00000083350",,"THIGRO","Y","Thienemannimyia gr.",,,"Arthropoda",,,,,,,,,,,,,,,,,"larva",2,,4,100,4,"Y","N","condition OK","Y",,,,"Weiderholm, 1983; Weiderholm, 1986; Epler 2001; Ferrington et al. 2008; Andersen, Cranston and Epler 2017","N","Rhithron Associates, Inc.","R. Spring",,
"ca3c48c0-6835-418a-aa49-9e369bc5a9b2","D08","MAYF","MAYF.AOS.reach","2019-07-29T12:44Z","2020-02-20","MAYF.20190729.SNAG.3","A00000083350",,"LEPSP4","Y","Leptophlebiidae sp.",,,"Arthropoda",,,,,,,,,,,,,,,,,"larva",2,,1,100,1,"Y","N","condition OK","Y",,,,"Merritt et al. 2019","N","Rhithron Associates, Inc.","S. Sullivan",,
"7dbd9708-b078-46e3-8ec6-71d30fb5855c","D08","MAYF","MAYF.AOS.reach","2019-07-29T12:44Z","2020-02-20","MAYF.20190729.SNAG.3","A00000083350",,"LUMSP2","Y","Lumbriculidae sp.",,,"Annelida",,,,,,,,,,,,,,,,,"none",7,,4,100,4,"Y","N","condition OK","Y",,,,"Kathman and Brinkhurst, 1999","N","Rhithron Associates, Inc.","A. Fasbender","w/o proboscis",
"57ba6bee-afab-48f6-88af-913205ae78bd","D08","MAYF","MAYF.AOS.reach","2019-07-29T12:44Z","2020-02-20","MAYF.20190729.SNAG.5","A00000083352",,"STEPER","Y","Kribiodorum perpulchrum",,,"Arthropoda",,,,,,,,,,,,,,,,,"larva",1,,1,100,1,"N","N","condition OK","Y",,,,"Weiderholm, 1983; Weiderholm, 1986; Epler 2001; Ferrington et al. 2008; Andersen, Cranston and Epler 2013","N","Rhithron Associates, Inc.","A. Fasbender",,
"b5316147-f314-4e04-ac36-7ff6eea837f7","D08","MAYF","MAYF.AOS.reach","2019-07-29T12:44Z","2020-02-20","MAYF.20190729.SNAG.5","A00000083352",,"EPHSP2","Y","Ephemeridae sp.",,,"Arthropoda",,,,,,,,,,,,,,,,,"larva",2,,1,100,1,"Y","N","condition OK","Y",,,,"Merritt et al. 2019","N","Rhithron Associates, Inc.","S. Sullivan",,
"7469f2e4-6266-478e-aa89-a7ebd4c7c27b","D08","MAYF","MAYF.AOS.reach","2019-07-29T12:44Z","2020-02-20","MAYF.20190729.SNAG.5","A00000083352",,"POLSCA","Y","Polypedilum scalaenum gr.",,,"Arthropoda",,,,,,,,,,,,,,,,,"larva",1,,1,100,1,"N","N","condition OK","Y",,,,"Weiderholm, 1983; Weiderholm, 1986; Epler 2001; Ferrington et al. 2008; Andersen, Cranston and Epler 2018","N","Rhithron Associates, Inc.","A. Fasbender",,
"59c55c86-e24a-42e1-9004-d28f4ed50cb9","D08","MAYF","MAYF.AOS.reach","2019-07-29T12:44Z","2020-02-20","MAYF.20190729.SNAG.1","A00000083125",,"ACRSP4","Y","Acroneuria sp.",,,"Arthropoda",,,,,,,,,,,,,,,,,"larva",4,,1,100,1,"N","N","condition OK","Y",,,,"Stewart and Stark 2002; Merritt et al. 2019","N","Rhithron Associates, Inc.","S. Sullivan",,
"798e07fc-4572-445f-bd0e-4bca8cf55c1a","D08","MAYF","MAYF.AOS.reach","2019-07-29T12:44Z","2020-02-20","MAYF.20190729.SNAG.3","A00000083350",,"TORSP6","Y","Torrenticola sp.",,,"Arthropoda",,,,,,,,,,,,,,,,,"adult",1,,5,100,5,"N","N","condition OK","Y",,,,"Thorp and Rogers 2016","N","Rhithron Associates, Inc.","S. Sullivan",,
"41744eaf-a8ad-4109-87f3-b70dab1cf0e0","D08","MAYF","MAYF.AOS.reach","2019-07-29T12:44Z","2020-02-20","MAYF.20190729.CORE.3","A00000083351",,"STESP6","Y","Stenelmis sp.",,,"Arthropoda",,,,,,,,,,,,,,,,,"larva",1,,4,100,4,"N","N","condition OK","Y",,,,"Brown 1972; Merritt et al. 2019","Y","Rhithron Associates, Inc.","S. Sullivan",,
"b6f7cdeb-3ef2-45b7-ab63-ecbeee19b84d","D08","MAYF","MAYF.AOS.reach","2019-07-29T12:44Z","2020-02-20","MAYF.20190729.SNAG.5","A00000083352",,"EPHSP","Y","Ephemeroptera sp.",,,"Arthropoda",,,,,,,,,,,,,,,,,"larva",1,,1,100,1,"Y","N","condition OK","Y",,,,"Merritt et al. 2019","N","Rhithron Associates, Inc.","S. Sullivan","maybe Ephemerellidae??",
"e817b202-e8fc-43f8-b76f-04df1714cee3","D08","MAYF","MAYF.AOS.reach","2019-07-29T12:44Z","2020-02-20","MAYF.20190729.SNAG.4","A00000083335",,"CLASP6","Y","Cladotanytarsus sp.",,,"Arthropoda",,,,,,,,,,,,,,,,,"larva",1,,1,100,1,"N","N","condition OK","Y",,,,"Weiderholm, 1983; Weiderholm, 1986; Epler 2001; Ferrington et al. 2019; Andersen, Cranston and Epler 2013","N","Rhithron Associates, Inc.","R. Spring",,
"2e403d1c-4d2c-4efd-a8c6-ca2a5bdb187e","D08","MAYF","MAYF.AOS.reach","2019-07-29T12:44Z","2020-02-20","MAYF.20190729.CORE.2","A00000083334",,"ENCSP1","Y","Enchytraeidae sp.",,,"Annelida",,,,,,,,,,,,,,,,,"none",2,,1,100,1,"N","N","condition OK","Y",,,,"Kathman and Brinkhurst, 1999","N","Rhithron Associates, Inc.","A. Fasbender",,
"00fd8a6d-ae17-471f-b1f2-e1c6166ebb74","D08","MAYF","MAYF.AOS.reach","2019-07-29T12:44Z","2020-02-20","MAYF.20190729.SNAG.2","A00000083142",,"STESP8","Y","Stenochironomus sp.",,,"Arthropoda",,,,,,,,,,,,,,,,,"larva",3,,1,100,1,"N","N","condition OK","Y",,,,"Weiderholm, 1983; Weiderholm, 1986; Epler 2001; Ferrington et al. 2019; Andersen, Cranston and Epler 2013","N","Rhithron Associates, Inc.","B. Hayford",,
"3bcf7747-bae1-420e-8225-a23cb6da64e5","D08","MAYF","MAYF.AOS.reach","2019-07-29T12:44Z","2020-02-20","MAYF.20190729.SNAG.3","A00000083350",,"RHESP1","Y","Rheocricotopus sp.",,,"Arthropoda",,,,,,,,,,,,,,,,,"larva",1,,3,100,3,"N","N","condition OK","Y",,,,"Weiderholm, 1983; Weiderholm, 1986; Epler 2001; Ferrington et al. 2019; Andersen, Cranston and Epler 2013","N","Rhithron Associates, Inc.","R. Spring",,
"e7df34fa-eaa2-41d1-8064-790f296ac67d","D08","MAYF","MAYF.AOS.reach","2019-07-29T12:44Z","2020-02-20","MAYF.20190729.SNAG.3","A00000083350",,"HEPSP","Y","Heptageniidae sp.",,,"Arthropoda",,,,,,,,,,,,,,,,,"larva",2,,1,100,1,"N","N","damaged, affecting taxonomy and measurement","Y",,,,"Merritt et al. 2019","N","Rhithron Associates, Inc.","S. Sullivan","head",
"99c2cd81-6fe4-4d27-9dd2-aa1871437ee2","D08","MAYF","MAYF.AOS.reach","2019-07-29T12:44Z","2020-02-20","MAYF.20190729.SNAG.1","A00000083125",,"PARSP23","Y","Parachaetocladius sp.",,,"Arthropoda",,,,,,,,,,,,,,,,,"larva",4,,1,100,1,"N","N","condition OK","Y",,,,"Weiderholm, 1983; Weiderholm, 1986; Epler 2001; Ferrington et al. 2019; Andersen, Cranston and Epler 2013","N","Rhithron Associates, Inc.","B. Hayford",,
"9868f27f-0f3a-4012-a59c-05b88b56ac1e","D08","MAYF","MAYF.AOS.reach","2019-07-29T12:44Z","2020-02-20","MAYF.20190729.SNAG.2","A00000083142",,"CORSP19","Y","Corynoneura sp.",,,"Arthropoda",,,,,,,,,,,,,,,,,"pupa",1,,1,100,1,"N","N","condition OK","N",,,,"Weiderholm, 1983; Weiderholm, 1986; Epler 2001; Ferrington et al. 2019; Andersen, Cranston and Epler 2013","N","Rhithron Associates, Inc.","B. Hayford",,
"7a4bf585-7ddf-4108-97fb-e3d5b59b904e","D08","MAYF","MAYF.AOS.reach","2019-07-29T12:44Z","2020-02-20","MAYF.20190729.SNAG.5","A00000083352",,"CERSP10","Y","Ceratopogoninae sp.",,,"Arthropoda",,,,,,,,,,,,,,,,,"larva",1,,1,100,1,"N","N","condition OK","Y",,,,"Merritt et al. 2019","N","Rhithron Associates, Inc.","S. Sullivan",,
"5f4ec635-93e5-48cd-8c09-41cfb7f2577a","D08","MAYF","MAYF.AOS.reach","2019-07-29T12:44Z","2020-02-20","MAYF.20190729.SNAG.4","A00000083335",,"ANISP1","Y","Anisoptera sp.",,,"Arthropoda",,,,,,,,,,,,,,,,,"larva",2,,1,100,1,"Y","N","condition OK","Y",,,,"Needham et al. 2000; Merritt et al. 2019; Tennessen 2019","N","Rhithron Associates, Inc.","S. Sullivan","VERY EARLY",
"f61c2fc9-58da-4a32-bb79-789d3c958075","D08","MAYF","MAYF.AOS.reach","2019-07-29T12:44Z","2020-02-20","MAYF.20190729.SNAG.2","A00000083142",,"CHISP6","Y","Chironomini sp.",,,"Arthropoda",,,,,,,,,,,,,,,,,"larva",1,,2,100,2,"Y","N","condition OK","N",,,,"Weiderholm, 1983; Weiderholm, 1986; Epler 2001; Ferrington et al. 2019; Andersen, Cranston and Epler 2013","N","Rhithron Associates, Inc.","B. Hayford",,
"08c5f7c1-49bf-4e93-bbf1-fdeb2be13301","D08","MAYF","MAYF.AOS.reach","2019-07-29T12:44Z","2020-02-20","MAYF.20190729.SNAG.2","A00000083142",,"THIGRO","Y","Thienemannimyia gr.",,,"Arthropoda",,,,,,,,,,,,,,,,,"larva",1,,2,100,2,"Y","N","condition OK","Y",,,,"Weiderholm, 1983; Weiderholm, 1986; Epler 2001; Ferrington et al. 2008; Andersen, Cranston and Epler 2017","N","Rhithron Associates, Inc.","B. Hayford",,
"a87139f6-83be-4961-88ac-db7206077d04","D08","MAYF","MAYF.AOS.reach","2019-07-29T12:44Z","2020-02-20","MAYF.20190729.SNAG.4","A00000083335",,"TANSP11","Y","Tanytarsus sp.",,,"Arthropoda",,,,,,,,,,,,,,,,,"larva",1,,2,100,2,"N","N","condition OK","Y",,,,"Weiderholm, 1983; Weiderholm, 1986; Epler 2001; Ferrington et al. 2019; Andersen, Cranston and Epler 2013","N","Rhithron Associates, Inc.","R. Spring",,
"7c40d98e-0333-406d-a5a2-6ff2f7a36ff0","D08","MAYF","MAYF.AOS.reach","2019-07-29T12:44Z","2020-02-20","MAYF.20190729.SNAG.5","A00000083352",,"HYGSP","Y","Hygrobatidae sp.",,,"Arthropoda",,,,,,,,,,,,,,,,,"larva",1,,1,100,1,"N","N","condition OK","Y",,,,"Thorp and Rogers 2016","N","Rhithron Associates, Inc.","S. Sullivan",,
