uid,domainID,siteID,namedLocation,startDate,collectDate,sampleID,sampleCode,slideID,slideCode,scientificName,morphospeciesID,referenceCount,referenceID,referenceCode,archiveLabSampleMedium,laboratoryName,dataQF
"f2559167-5040-4dcb-aaa0-433c89d7afa5","D08","MAYF","MAYF.AOS.reach","2019-07-29T12:44Z","2019-07-29T12:44Z","MAYF.20190729.SNAG.1","A00000083125",,,"Peltoperla sp.",,1,"V334",,,"Rhithron Associates, Inc.",
"b7257d0a-012e-42dc-ad3e-1ace0589cd20","D08","MAYF","MAYF.AOS.reach","2019-07-29T12:44Z","2019-07-29T12:44Z","MAYF.20190729.CORE.3","A00000083351",,,"Robackia sp.",,1,"C172",,,"Rhithron Associates, Inc.",
"a27f107b-bbac-407b-a572-807b65387389","D08","MAYF","MAYF.AOS.reach","2019-07-29T12:44Z","2019-07-29T12:44Z","MAYF.20190729.CORE.3","A00000083351",,,"Neostempellina reissi",,1,"C173",,,"Rhithron Associates, Inc.",
"eeda8bbc-fc68-4df0-8b45-2befe13738c2","D08","MAYF","MAYF.AOS.reach","2019-07-29T12:44Z","2019-07-29T12:44Z","MAYF.20190729.SNAG.3","A00000083350",,,"Ancyronyx variegata",,1,"V335",,,"Rhithron Associates, Inc.",
"3d6789f4-5bb3-4dac-92cb-f31210e77262","D08","MAYF","MAYF.AOS.reach","2019-07-29T12:44Z","2019-07-29T12:44Z","MAYF.20190729.CORE.1","A00000083333",,,"Pagastiella sp.",,1,"C174",,,"Rhithron Associates, Inc.",
