uid,domainID,siteID,namedLocation,collectDate,identifiedDate,sampleID,sampleCode,slideID,acceptedTaxonID,targetTaxaPresent,scientificName,morphospeciesID,taxonRank,phylum,subphylum,class,subclass,infraclass,superorder,order,suborder,infraorder,superfamily,family,subfamily,tribe,subtribe,genus,specificEpithet,infraspecificEpithet,invertebrateLifeStage,sizeClass,sizeCategory,individualCount,subsamplePercent,estimatedTotalCount,immatureSpecimen,indeterminateSpecies,sampleCondition,distinctTaxon,identificationQualifier,identificationReferences,qcChecked,laboratoryName,identifiedBy,identificationRemarks,dataQF
"c59b9ad4-7be8-4950-89f5-2d1a6e41395b","D08","MAYF","MAYF.AOS.reach","2019-07-29T12:44Z","2020-02-20","MAYF.20190729.SNAG.4","A00000083335",,"PARSP27","Y","Paraphaenocladius sp.",,"genus","Arthropoda","Hexapoda","Insecta","Pterygota","Neoptera","Holometabola","Diptera","Nematocera","Culicomorpha",,"Chironomidae","Orthocladiinae",,,"Paraphaenocladius","sp.",,"larva",1,,1,100,1,"N","N","condition OK","Y",,"Weiderholm, 1983; Weiderholm, 1986; Epler 2001; Ferrington et al. 2019; Andersen, Cranston and Epler 2013","N","Rhithron Associates, Inc.","R. Spring",,
"11eaef5c-d6f0-4cff-a174-deb405cd2702","D08","MAYF","MAYF.AOS.reach","2019-07-29T12:44Z","2020-02-20","MAYF.20190729.SNAG.3","A00000083350",,"PROSP23","Y","Procladius sp.",,"genus","Arthropoda","Hexapoda","Insecta","Pterygota","Neoptera","Holometabola","Diptera","Nematocera","Culicomorpha",,"Chironomidae","Tanypodinae","Procladiini",,"Procladius","sp.",,"larva",2,,2,100,2,"N","N","condition OK","Y",,"Weiderholm, 1983; Weiderholm, 1986; Epler 2001; Ferrington et al. 2019; Andersen, Cranston and Epler 2013","N","Rhithron Associates, Inc.","R. Spring",,
"f58bf751-a3d6-48e8-91bc-74c5680a5718","D08","MAYF","MAYF.AOS.reach","2019-07-29T12:44Z","2020-02-20","MAYF.20190729.CORE.2","A00000083334",,"KLOSP","Y","Kloosia sp.",,"genus","Arthropoda","Hexapoda","Insecta",,,,"Diptera","Nematocera",,,"Chironomidae","Chironominae","Chironomini",,"Kloosia","sp.",,"larva",2,,1,100,1,"N","N","condition OK","Y",,"Thorp and Rogers 2016","N","Rhithron Associates, Inc.","R. Spring",,
"ac7185bf-d3de-4288-b060-c30afa6975bb","D08","MAYF","MAYF.AOS.reach","2019-07-29T12:44Z","2020-02-20","MAYF.20190729.SNAG.5","A00000083352",,"PARSP26","Y","Parametriocnemus sp.",,"genus","Arthropoda","Hexapoda","Insecta","Pterygota","Neoptera","Holometabola","Diptera","Nematocera","Culicomorpha",,"Chironomidae","Orthocladiinae",,,"Parametriocnemus","sp.",,"larva",2,,3,100,3,"N","N","condition OK","Y",,"Weiderholm, 1983; Weiderholm, 1986; Epler 2001; Ferrington et al. 2019; Andersen, Cranston and Epler 2013","N","Rhithron Associates, Inc.","A. Fasbender",,
"6da44226-eb5f-4b9a-b144-f523a70e6dd0","D08","MAYF","MAYF.AOS.reach","2019-07-29T12:44Z","2020-02-20","MAYF.20190729.SNAG.5","A00000083352",,"TANSP11","Y","Tanytarsus sp.",,"genus","Arthropoda","Hexapoda","Insecta","Pterygota","Neoptera","Holometabola","Diptera","Nematocera","Culicomorpha",,"Chironomidae","Chironominae","Tanytarsini",,"Tanytarsus","sp.",,"larva",3,,1,100,1,"N","N","condition OK","Y",,"Weiderholm, 1983; Weiderholm, 1986; Epler 2001; Ferrington et al. 2019; Andersen, Cranston and Epler 2013","N","Rhithron Associates, Inc.","A. Fasbender",,
"07481b2d-dc9b-4e51-9bc3-526f7b1db417","D08","MAYF","MAYF.AOS.reach","2019-07-29T12:44Z","2020-02-20","MAYF.20190729.SNAG.2","A00000083142",,"THIGRO","Y","Thienemannimyia gr.",,"speciesGroup","Arthropoda","Hexapoda","Insecta","Pterygota","Neoptera","Holometabola","Diptera","Nematocera","Culicomorpha",,"Chironomidae","Tanypodinae","Pentaneurini",,"Thienemannimyia","gr.",,"larva",2,,3,100,3,"Y","N","condition OK","Y",,"Weiderholm, 1983; Weiderholm, 1986; Epler 2001; Ferrington et al. 2008; Andersen, Cranston and Epler 2017","N","Rhithron Associates, Inc.","B. Hayford",,
"e98d1ed4-3ea0-4c2e-a9cf-2db7d854e154","D08","MAYF","MAYF.AOS.reach","2019-07-29T12:44Z","2020-02-20","MAYF.20190729.SNAG.1","A00000083125",,"NEMSP","Y","Nematoda sp.",,"phylum","Nematoda",,,,,,,,,,,,,,,"sp.",,"none",3,,1,100,1,"N","N","condition OK","Y",,"Thorp and Rogers 2016","N","Rhithron Associates, Inc.","S. Sullivan",,
"600eaf73-2db6-45aa-b49c-564fff09bb09","D08","MAYF","MAYF.AOS.reach","2019-07-29T12:44Z","2020-02-20","MAYF.20190729.SNAG.4","A00000083335",,"RHESP1","Y","Rheocricotopus sp.",,"genus","Arthropoda","Hexapoda","Insecta","Pterygota","Neoptera","Holometabola","Diptera","Nematocera","Culicomorpha",,"Chironomidae","Orthocladiinae",,,"Rheocricotopus","sp.",,"pupa",2,,2,100,2,"N","N","condition OK","N",,"Weiderholm, 1983; Weiderholm, 1986; Epler 2001; Ferrington et al. 2019; Andersen, Cranston and Epler 2013","N","Rhithron Associates, Inc.","R. Spring",,
"9c4db997-83f0-4731-9514-b38ba884b7b8","D08","MAYF","MAYF.AOS.reach","2019-07-29T12:44Z","2020-02-20","MAYF.20190729.SNAG.3","A00000083350",,"ENCSP1","Y","Enchytraeidae sp.",,"family","Annelida","Clitellata","Oligochaeta","Oligochaeta",,,"Enchytraeida",,,,"Enchytraeidae",,,,,"sp.",,"none",3,,3,100,3,"N","N","condition OK","Y",,"Kathman and Brinkhurst, 1999","N","Rhithron Associates, Inc.","A. Fasbender",,
"30c94ec5-16e1-4605-8474-f53ce2610458","D08","MAYF","MAYF.AOS.reach","2019-07-29T12:44Z","2020-02-20","MAYF.20190729.SNAG.3","A00000083350",,"POLSCA","Y","Polypedilum scalaenum gr.",,"speciesGroup","Arthropoda","Hexapoda","Insecta","Pterygota","Neoptera","Holometabola","Diptera","Nematocera","Culicomorpha",,"Chironomidae","Chironominae","Chironomini",,"Polypedilum","scalaenum gr.",,"larva",2,,3,100,3,"N","N","condition OK","Y",,"Weiderholm, 1983; Weiderholm, 1986; Epler 2001; Ferrington et al. 2008; Andersen, Cranston and Epler 2018","N","Rhithron Associates, Inc.","R. Spring",,
"a0d33596-99fc-446e-aa3f-eb84a570d68e","D08","MAYF","MAYF.AOS.reach","2019-07-29T12:44Z","2020-02-20","MAYF.20190729.CORE.3","A00000083351",,"RHESP4","Y","Rheosmittia sp.",,"genus","Arthropoda","Hexapoda","Insecta","Pterygota","Neoptera","Holometabola","Diptera","Nematocera","Culicomorpha",,"Chironomidae","Orthocladiinae",,,"Rheosmittia","sp.",,"larva",1,,5,100,5,"N","N","condition OK","Y",,"Weiderholm, 1983; Weiderholm, 1986; Epler 2001; Ferrington et al. 2019; Andersen, Cranston and Epler 2013","Y","Rhithron Associates, Inc.","R. Spring",,
"d77bd77c-c893-487f-a9e7-eb78e121c39c","D08","MAYF","MAYF.AOS.reach","2019-07-29T12:44Z","2020-02-20","MAYF.20190729.SNAG.3","A00000083350",,"ABLSP","Y","Ablabesmyia sp.",,"genus","Arthropoda","Hexapoda","Insecta","Pterygota","Neoptera","Holometabola","Diptera","Nematocera","Culicomorpha",,"Chironomidae","Tanypodinae","Pentaneurini",,"Ablabesmyia","sp.",,"larva",4,,1,100,1,"N","N","condition OK","Y",,"Weiderholm, 1983; Weiderholm, 1986; Epler 2001; Ferrington et al. 2019; Andersen, Cranston and Epler 2013","N","Rhithron Associates, Inc.","R. Spring",,
"9d542776-c637-4870-be1a-3a7d1ce5fdaa","D08","MAYF","MAYF.AOS.reach","2019-07-29T12:44Z","2020-02-20","MAYF.20190729.SNAG.5","A00000083352",,"STESP6","Y","Stenelmis sp.",,"genus","Arthropoda","Hexapoda","Insecta","Pterygota","Neoptera","Holometabola","Coleoptera","Polyphaga","Elateriformia","Byrrhoidea","Elmidae","Elminae","Elmini",,"Stenelmis","sp.",,"adult",3,,1,100,1,"N","N","condition OK","Y",,"Brown 1972; Merritt et al. 2019","N","Rhithron Associates, Inc.","S. Sullivan",,
"c901d2fe-eda9-4408-b911-d984d2fdf43e","D08","MAYF","MAYF.AOS.reach","2019-07-29T12:44Z","2020-02-20","MAYF.20190729.SNAG.5","A00000083352",,"THIGRO","Y","Thienemannimyia gr.",,"speciesGroup","Arthropoda","Hexapoda","Insecta","Pterygota","Neoptera","Holometabola","Diptera","Nematocera","Culicomorpha",,"Chironomidae","Tanypodinae","Pentaneurini",,"Thienemannimyia","gr.",,"larva",2,,5,100,5,"Y","N","condition OK","Y",,"Weiderholm, 1983; Weiderholm, 1986; Epler 2001; Ferrington et al. 2008; Andersen, Cranston and Epler 2017","N","Rhithron Associates, Inc.","A. Fasbender",,
"78972ff5-0313-4a62-a492-fc60c9721349","D08","MAYF","MAYF.AOS.reach","2019-07-29T12:44Z","2020-02-20","MAYF.20190729.SNAG.5","A00000083352",,"RHESP2","Y","Rheotanytarsus sp.",,"genus","Arthropoda","Hexapoda","Insecta","Pterygota","Neoptera","Holometabola","Diptera","Nematocera","Culicomorpha",,"Chironomidae","Chironominae","Tanytarsini",,"Rheotanytarsus","sp.",,"larva",1,,3,100,3,"Y","N","condition OK","Y",,"Weiderholm, 1983; Weiderholm, 1986; Epler 2001; Ferrington et al. 2019; Andersen, Cranston and Epler 2013","N","Rhithron Associates, Inc.","A. Fasbender",,
"aab04fdc-528b-44d8-b208-6781751ce705","D08","MAYF","MAYF.AOS.reach","2019-07-29T12:44Z","2020-02-20","MAYF.20190729.SNAG.4","A00000083335",,"CERSP10","Y","Ceratopogoninae sp.",,"subfamily","Arthropoda","Hexapoda","Insecta","Pterygota","Neoptera","Holometabola","Diptera","Nematocera","Culicomorpha",,"Ceratopogonidae","Ceratopogoninae",,,,"sp.",,"larva",1,,1,100,1,"N","N","condition OK","Y",,"Merritt et al. 2019","N","Rhithron Associates, Inc.","S. Sullivan",,
"6e960561-9d51-42ff-bc0e-6d6af5b714c5","D08","MAYF","MAYF.AOS.reach","2019-07-29T12:44Z","2020-02-20","MAYF.20190729.SNAG.4","A00000083335",,"HEMSP4","Y","Hemerodromia sp.",,"genus","Arthropoda","Hexapoda","Insecta","Pterygota","Neoptera","Holometabola","Diptera","Brachycera","Muscomorpha",,"Empididae","Hemerodromiinae","Hemerodromiini",,"Hemerodromia","sp.",,"larva",2,,2,100,2,"N","N","condition OK","Y",,"Merritt et al. 2019","N","Rhithron Associates, Inc.","S. Sullivan",,
"9c50473b-5048-41dc-a932-cb32576afa49","D08","MAYF","MAYF.AOS.reach","2019-07-29T12:44Z","2020-02-20","MAYF.20190729.CORE.2","A00000083334",,"RHESP4","Y","Rheosmittia sp.",,"genus","Arthropoda","Hexapoda","Insecta","Pterygota","Neoptera","Holometabola","Diptera","Nematocera","Culicomorpha",,"Chironomidae","Orthocladiinae",,,"Rheosmittia","sp.",,"larva",1,,1,100,1,"N","N","condition OK","Y",,"Weiderholm, 1983; Weiderholm, 1986; Epler 2001; Ferrington et al. 2019; Andersen, Cranston and Epler 2013","N","Rhithron Associates, Inc.","R. Spring",,
"9c1f4606-c5fa-4ebc-b5d0-d9812fde4e49","D08","MAYF","MAYF.AOS.reach","2019-07-29T12:44Z","2020-02-20","MAYF.20190729.CORE.3","A00000083351",,"NAISP","Y","Naididae sp.",,"family","Annelida","Clitellata","Oligochaeta","Oligochaeta",,,"Tubificida",,,,"Naididae",,,,,"sp.",,"none",3,,2,100,2,"Y","N","condition OK","Y",,"Kathman and Brinkhurst, 1999","Y","Rhithron Associates, Inc.","A. Fasbender","w/o HC",
"2612631d-d790-4330-9fc8-c7c2f1067aca","D08","MAYF","MAYF.AOS.reach","2019-07-29T12:44Z","2020-02-20","MAYF.20190729.SNAG.4","A00000083335",,"LIMSP50","Y","Limoniidae sp.",,"family","Arthropoda",,"Insecta",,,,"Diptera",,,,"Limoniidae sp.",,,,,"sp.",,"larva",1,,1,100,1,"Y","N","condition OK","Y",,"Merritt et al. 2019","N","Rhithron Associates, Inc.","S. Sullivan",,
"876130f0-fc32-4119-8d3f-128bc4a75181","D08","MAYF","MAYF.AOS.reach","2019-07-29T12:44Z","2020-02-20","MAYF.20190729.SNAG.3","A00000083350",,"ANCVAR1","Y","Ancyronyx variegata",,"species","Arthropoda","Hexapoda","Insecta","Pterygota","Neoptera","Holometabola","Coleoptera","Polyphaga","Elateriformia","Byrrhoidea","Elmidae","Elminae","Ancyronychini",,"Ancyronyx","variegata",,"larva",2,,1,100,1,"N","N","condition OK","N",,"Merritt et al. 2019","N","Rhithron Associates, Inc.","S. Sullivan",,
"1317f29e-0747-4f78-bf93-6456d221958d","D08","MAYF","MAYF.AOS.reach","2019-07-29T12:44Z","2020-02-20","MAYF.20190729.SNAG.3","A00000083350",,"TANSP11","Y","Tanytarsus sp.",,"genus","Arthropoda","Hexapoda","Insecta","Pterygota","Neoptera","Holometabola","Diptera","Nematocera","Culicomorpha",,"Chironomidae","Chironominae","Tanytarsini",,"Tanytarsus","sp.",,"larva",1,,6,100,6,"N","N","condition OK","Y",,"Weiderholm, 1983; Weiderholm, 1986; Epler 2001; Ferrington et al. 2019; Andersen, Cranston and Epler 2013","N","Rhithron Associates, Inc.","R. Spring",,
"9e5c7f05-4461-4d00-b6b0-73ca49522b2d","D08","MAYF","MAYF.AOS.reach","2019-07-29T12:44Z","2020-02-20","MAYF.20190729.SNAG.1","A00000083125",,"THISP2","Y","Thienemanniella sp.",,"genus","Arthropoda","Hexapoda","Insecta","Pterygota","Neoptera","Holometabola","Diptera","Nematocera","Culicomorpha",,"Chironomidae","Orthocladiinae",,,"Thienemanniella","sp.",,"larva",2,,2,100,2,"N","N","condition OK","Y",,"Weiderholm, 1983; Weiderholm, 1986; Epler 2001; Ferrington et al. 2019; Andersen, Cranston and Epler 2013","N","Rhithron Associates, Inc.","B. Hayford",,
"347da18d-4507-4e67-a7fe-709f97592e14","D08","MAYF","MAYF.AOS.reach","2019-07-29T12:44Z","2020-02-20","MAYF.20190729.SNAG.4","A00000083335",,"LEPSP4","Y","Leptophlebiidae sp.",,"family","Arthropoda","Hexapoda","Insecta","Pterygota","Palaeoptera",,"Ephemeroptera","Furcatergalia","Lanceolata",,"Leptophlebiidae",,,,,"sp.",,"larva",1,,1,100,1,"Y","N","condition OK","Y",,"Merritt et al. 2019","N","Rhithron Associates, Inc.","S. Sullivan",,
"72c62451-5154-418f-89b9-aefa6e20cbdf","D08","MAYF","MAYF.AOS.reach","2019-07-29T12:44Z","2020-02-20","MAYF.20190729.SNAG.4","A00000083335",,"RHESP1","Y","Rheocricotopus sp.",,"genus","Arthropoda","Hexapoda","Insecta","Pterygota","Neoptera","Holometabola","Diptera","Nematocera","Culicomorpha",,"Chironomidae","Orthocladiinae",,,"Rheocricotopus","sp.",,"larva",3,,9,100,9,"N","N","condition OK","Y",,"Weiderholm, 1983; Weiderholm, 1986; Epler 2001; Ferrington et al. 2019; Andersen, Cranston and Epler 2013","N","Rhithron Associates, Inc.","R. Spring",,
"9e71716e-6ee5-42e7-b181-b0f3ab706994","D08","MAYF","MAYF.AOS.reach","2019-07-29T12:44Z","2020-02-20","MAYF.20190729.SNAG.3","A00000083350",,"ABLSP","Y","Ablabesmyia sp.",,"genus","Arthropoda","Hexapoda","Insecta","Pterygota","Neoptera","Holometabola","Diptera","Nematocera","Culicomorpha",,"Chironomidae","Tanypodinae","Pentaneurini",,"Ablabesmyia","sp.",,"larva",2,,2,100,2,"N","N","condition OK","Y",,"Weiderholm, 1983; Weiderholm, 1986; Epler 2001; Ferrington et al. 2019; Andersen, Cranston and Epler 2013","N","Rhithron Associates, Inc.","R. Spring",,
"9905dfb5-fe72-4a5a-9289-56c3affc4e61","D08","MAYF","MAYF.AOS.reach","2019-07-29T12:44Z","2020-02-20","MAYF.20190729.SNAG.3","A00000083350",,"THIGRO","Y","Thienemannimyia gr.",,"speciesGroup","Arthropoda","Hexapoda","Insecta","Pterygota","Neoptera","Holometabola","Diptera","Nematocera","Culicomorpha",,"Chironomidae","Tanypodinae","Pentaneurini",,"Thienemannimyia","gr.",,"larva",1,,13,100,13,"Y","N","condition OK","Y",,"Weiderholm, 1983; Weiderholm, 1986; Epler 2001; Ferrington et al. 2008; Andersen, Cranston and Epler 2017","N","Rhithron Associates, Inc.","R. Spring",,
"8ae44f73-a777-4dd6-9db8-eed399e6ab64","D08","MAYF","MAYF.AOS.reach","2019-07-29T12:44Z","2020-02-20","MAYF.20190729.SNAG.1","A00000083125",,"PARSP26","Y","Parametriocnemus sp.",,"genus","Arthropoda","Hexapoda","Insecta","Pterygota","Neoptera","Holometabola","Diptera","Nematocera","Culicomorpha",,"Chironomidae","Orthocladiinae",,,"Parametriocnemus","sp.",,"larva",1,,5,100,5,"N","N","condition OK","Y",,"Weiderholm, 1983; Weiderholm, 1986; Epler 2001; Ferrington et al. 2019; Andersen, Cranston and Epler 2013","N","Rhithron Associates, Inc.","B. Hayford",,
"546ece9d-90da-4cc4-944a-0900d35cd504","D08","MAYF","MAYF.AOS.reach","2019-07-29T12:44Z","2020-02-20","MAYF.20190729.SNAG.3","A00000083350",,"PARSP26","Y","Parametriocnemus sp.",,"genus","Arthropoda","Hexapoda","Insecta","Pterygota","Neoptera","Holometabola","Diptera","Nematocera","Culicomorpha",,"Chironomidae","Orthocladiinae",,,"Parametriocnemus","sp.",,"larva",4,,2,100,2,"N","N","condition OK","Y",,"Weiderholm, 1983; Weiderholm, 1986; Epler 2001; Ferrington et al. 2019; Andersen, Cranston and Epler 2013","N","Rhithron Associates, Inc.","R. Spring",,
"96be128a-d425-4b93-a993-1ed1a7734759","D08","MAYF","MAYF.AOS.reach","2019-07-29T12:44Z","2020-02-20","MAYF.20190729.SNAG.5","A00000083352",,"POLSCA","Y","Polypedilum scalaenum gr.",,"speciesGroup","Arthropoda","Hexapoda","Insecta","Pterygota","Neoptera","Holometabola","Diptera","Nematocera","Culicomorpha",,"Chironomidae","Chironominae","Chironomini",,"Polypedilum","scalaenum gr.",,"larva",3,,1,100,1,"N","N","condition OK","Y",,"Weiderholm, 1983; Weiderholm, 1986; Epler 2001; Ferrington et al. 2008; Andersen, Cranston and Epler 2018","N","Rhithron Associates, Inc.","A. Fasbender",,
"da959d06-3b4e-4bdb-b874-fcb1394b2712","D08","MAYF","MAYF.AOS.reach","2019-07-29T12:44Z","2020-02-20","MAYF.20190729.SNAG.3","A00000083350",,"CERSP10","Y","Ceratopogoninae sp.",,"subfamily","Arthropoda","Hexapoda","Insecta","Pterygota","Neoptera","Holometabola","Diptera","Nematocera","Culicomorpha",,"Ceratopogonidae","Ceratopogoninae",,,,"sp.",,"larva",2,,2,100,2,"N","N","condition OK","Y",,"Merritt et al. 2019","N","Rhithron Associates, Inc.","S. Sullivan",,
"ab3cab50-d190-4c4b-84fe-8c064ddd6af4","D08","MAYF","MAYF.AOS.reach","2019-07-29T12:44Z","2020-02-20","MAYF.20190729.SNAG.3","A00000083350",,"XYLPAR","Y","Xylotopus par",,"species","Arthropoda","Hexapoda","Insecta","Pterygota","Neoptera","Holometabola","Diptera","Nematocera","Culicomorpha",,"Chironomidae","Orthocladiinae",,,"Xylotopus","par",,"larva",1,,1,100,1,"N","N","condition OK","Y",,"Weiderholm, 1983; Weiderholm, 1986; Epler 2001; Ferrington et al. 2019; Andersen, Cranston and Epler 2013","N","Rhithron Associates, Inc.","R. Spring",,
"77d0fb94-65c6-40aa-9f3b-b88b127523c8","D08","MAYF","MAYF.AOS.reach","2019-07-29T12:44Z","2020-02-20","MAYF.20190729.SNAG.5","A00000083352",,"PENSP7","Y","Pentaneura sp.",,"genus","Arthropoda","Hexapoda","Insecta","Pterygota","Neoptera","Holometabola","Diptera","Nematocera","Culicomorpha",,"Chironomidae","Tanypodinae","Pentaneurini",,"Pentaneura","sp.",,"larva",2,,2,100,2,"N","N","condition OK","Y",,"Weiderholm, 1983; Weiderholm, 1986; Epler 2001; Ferrington et al. 2019; Andersen, Cranston and Epler 2013","N","Rhithron Associates, Inc.","A. Fasbender",,
"cb7594de-daa5-4c68-bd8e-b930fddfacf9","D08","MAYF","MAYF.AOS.reach","2019-07-29T12:44Z","2020-02-20","MAYF.20190729.SNAG.5","A00000083352",,"PARSP26","Y","Parametriocnemus sp.",,"genus","Arthropoda","Hexapoda","Insecta","Pterygota","Neoptera","Holometabola","Diptera","Nematocera","Culicomorpha",,"Chironomidae","Orthocladiinae",,,"Parametriocnemus","sp.",,"larva",1,,3,100,3,"N","N","condition OK","Y",,"Weiderholm, 1983; Weiderholm, 1986; Epler 2001; Ferrington et al. 2019; Andersen, Cranston and Epler 2013","N","Rhithron Associates, Inc.","A. Fasbender",,
"747d57e6-c1b8-49dd-b25a-d7d12801c8c7","D08","MAYF","MAYF.AOS.reach","2019-07-29T12:44Z","2020-02-20","MAYF.20190729.SNAG.5","A00000083352",,"THISP2","Y","Thienemanniella sp.",,"genus","Arthropoda","Hexapoda","Insecta","Pterygota","Neoptera","Holometabola","Diptera","Nematocera","Culicomorpha",,"Chironomidae","Orthocladiinae",,,"Thienemanniella","sp.",,"larva",1,,4,100,4,"N","N","condition OK","Y",,"Weiderholm, 1983; Weiderholm, 1986; Epler 2001; Ferrington et al. 2019; Andersen, Cranston and Epler 2013","N","Rhithron Associates, Inc.","A. Fasbender",,
"c24ba4ad-571a-4113-b297-55deb71aa23c","D08","MAYF","MAYF.AOS.reach","2019-07-29T12:44Z","2020-02-20","MAYF.20190729.CORE.1","A00000083333",,"PAGSP5","Y","Pagastiella sp.",,"genus","Arthropoda","Hexapoda","Insecta","Pterygota","Neoptera","Holometabola","Diptera","Nematocera","Culicomorpha",,"Chironomidae","Chironominae","Chironomini",,"Pagastiella","sp.",,"larva",1,,1,100,1,"N","N","condition OK","Y",,"Weiderholm, 1983; Weiderholm, 1986; Epler 2001; Ferrington et al. 2019; Andersen, Cranston and Epler 2013","N","Rhithron Associates, Inc.","R. Spring","Reference Collection(1)",
"d941ba04-b12b-4f1e-b14e-c287360c1f5a","D08","MAYF","MAYF.AOS.reach","2019-07-29T12:44Z","2020-02-20","MAYF.20190729.SNAG.2","A00000083142",,"PARSP26","Y","Parametriocnemus sp.",,"genus","Arthropoda","Hexapoda","Insecta","Pterygota","Neoptera","Holometabola","Diptera","Nematocera","Culicomorpha",,"Chironomidae","Orthocladiinae",,,"Parametriocnemus","sp.",,"larva",3,,3,100,3,"N","N","condition OK","Y",,"Weiderholm, 1983; Weiderholm, 1986; Epler 2001; Ferrington et al. 2019; Andersen, Cranston and Epler 2013","N","Rhithron Associates, Inc.","B. Hayford",,
"84ef51cc-6254-4fab-be79-32e557b556b6","D08","MAYF","MAYF.AOS.reach","2019-07-29T12:44Z","2020-02-20","MAYF.20190729.SNAG.3","A00000083350",,"NAISP","Y","Naididae sp.",,"family","Annelida","Clitellata","Oligochaeta","Oligochaeta",,,"Tubificida",,,,"Naididae",,,,,"sp.",,"none",3,"3b",1,100,1,"Y","N","condition OK","Y",,"Kathman and Brinkhurst, 1999","N","Rhithron Associates, Inc.","A. Fasbender","Rhyacodrilinae/Tubificinae w/ HC",
"d2f78388-cc75-42c0-b309-f696c97e7815","D08","MAYF","MAYF.AOS.reach","2019-07-29T12:44Z","2020-02-20","MAYF.20190729.SNAG.1","A00000083125",,"PARSP26","Y","Parametriocnemus sp.",,"genus","Arthropoda","Hexapoda","Insecta","Pterygota","Neoptera","Holometabola","Diptera","Nematocera","Culicomorpha",,"Chironomidae","Orthocladiinae",,,"Parametriocnemus","sp.",,"larva",3,,1,100,1,"N","N","condition OK","Y",,"Weiderholm, 1983; Weiderholm, 1986; Epler 2001; Ferrington et al. 2019; Andersen, Cranston and Epler 2013","N","Rhithron Associates, Inc.","B. Hayford",,
"aa86749c-7745-4249-8919-875bf38c48b9","D08","MAYF","MAYF.AOS.reach","2019-07-29T12:44Z","2020-02-20","MAYF.20190729.SNAG.2","A00000083142",,"NEMSP","Y","Nematoda sp.",,"phylum","Nematoda",,,,,,,,,,,,,,,"sp.",,"none",4,,1,100,1,"N","N","condition OK","Y",,"Thorp and Rogers 2016","N","Rhithron Associates, Inc.","S. Sullivan",,
"f98d1b70-aef0-4aaa-9ad4-e9e36c8b0e99","D08","MAYF","MAYF.AOS.reach","2019-07-29T12:44Z","2020-02-20","MAYF.20190729.SNAG.4","A00000083335",,"CRIBIC1","Y","Cricotopus bicinctus",,"species","Arthropoda","Hexapoda","Insecta","Pterygota","Neoptera","Holometabola","Diptera","Nematocera","Culicomorpha",,"Chironomidae","Orthocladiinae",,,"Cricotopus","bicinctus",,"larva",3,,1,100,1,"N","N","condition OK","Y",,"Weiderholm, 1983; Weiderholm, 1986; Epler 2001; Ferrington et al. 2019; Andersen, Cranston and Epler 2013","N","Rhithron Associates, Inc.","R. Spring",,
"c83dab49-b5c2-4bbb-bfae-9d94047fd900","D08","MAYF","MAYF.AOS.reach","2019-07-29T12:44Z","2020-02-20","MAYF.20190729.SNAG.2","A00000083142",,"THISP2","Y","Thienemanniella sp.",,"genus","Arthropoda","Hexapoda","Insecta","Pterygota","Neoptera","Holometabola","Diptera","Nematocera","Culicomorpha",,"Chironomidae","Orthocladiinae",,,"Thienemanniella","sp.",,"larva",2,,1,100,1,"N","N","condition OK","Y",,"Weiderholm, 1983; Weiderholm, 1986; Epler 2001; Ferrington et al. 2019; Andersen, Cranston and Epler 2013","N","Rhithron Associates, Inc.","B. Hayford",,
"9897ec74-237d-44cd-b5ce-4a51b7c6124c","D08","MAYF","MAYF.AOS.reach","2019-07-29T12:44Z","2020-02-20","MAYF.20190729.SNAG.2","A00000083142",,"TANSP11","Y","Tanytarsus sp.",,"genus","Arthropoda","Hexapoda","Insecta","Pterygota","Neoptera","Holometabola","Diptera","Nematocera","Culicomorpha",,"Chironomidae","Chironominae","Tanytarsini",,"Tanytarsus","sp.",,"larva",2,,1,100,1,"N","N","condition OK","Y",,"Weiderholm, 1983; Weiderholm, 1986; Epler 2001; Ferrington et al. 2019; Andersen, Cranston and Epler 2013","N","Rhithron Associates, Inc.","B. Hayford",,
"6894e251-2207-40f4-8801-c9f77ec862bd","D08","MAYF","MAYF.AOS.reach","2019-07-29T12:44Z","2020-02-20","MAYF.20190729.SNAG.1","A00000083125",,"STESP6","Y","Stenelmis sp.",,"genus","Arthropoda","Hexapoda","Insecta","Pterygota","Neoptera","Holometabola","Coleoptera","Polyphaga","Elateriformia","Byrrhoidea","Elmidae","Elminae","Elmini",,"Stenelmis","sp.",,"adult",3,,1,100,1,"N","N","condition OK","Y",,"Brown 1972; Merritt et al. 2019","N","Rhithron Associates, Inc.","S. Sullivan",,
"07f41b86-c7b1-4596-a5da-c90c3993db6d","D08","MAYF","MAYF.AOS.reach","2019-07-29T12:44Z","2020-02-20","MAYF.20190729.SNAG.1","A00000083125",,"THISP2","Y","Thienemanniella sp.",,"genus","Arthropoda","Hexapoda","Insecta","Pterygota","Neoptera","Holometabola","Diptera","Nematocera","Culicomorpha",,"Chironomidae","Orthocladiinae",,,"Thienemanniella","sp.",,"larva",1,,1,100,1,"N","N","condition OK","Y",,"Weiderholm, 1983; Weiderholm, 1986; Epler 2001; Ferrington et al. 2019; Andersen, Cranston and Epler 2013","N","Rhithron Associates, Inc.","B. Hayford",,
"6d2fad60-951a-4e34-9d0a-0ecfa48a5e6d","D08","MAYF","MAYF.AOS.reach","2019-07-29T12:44Z","2020-02-20","MAYF.20190729.SNAG.3","A00000083350",,"PARSP27","Y","Paraphaenocladius sp.",,"genus","Arthropoda","Hexapoda","Insecta","Pterygota","Neoptera","Holometabola","Diptera","Nematocera","Culicomorpha",,"Chironomidae","Orthocladiinae",,,"Paraphaenocladius","sp.",,"larva",2,,1,100,1,"N","N","condition OK","Y",,"Weiderholm, 1983; Weiderholm, 1986; Epler 2001; Ferrington et al. 2019; Andersen, Cranston and Epler 2013","N","Rhithron Associates, Inc.","R. Spring",,
"4bc7043f-c9ef-4237-8f6a-95b18e02e667","D08","MAYF","MAYF.AOS.reach","2019-07-29T12:44Z","2020-02-20","MAYF.20190729.SNAG.3","A00000083350",,"OECSP","Y","Oecetis sp.",,"genus","Arthropoda","Hexapoda","Insecta","Pterygota","Neoptera","Holometabola","Trichoptera",,,"Leptoceroidea","Leptoceridae","Leptocerinae","Oecetini",,"Oecetis","sp.",,"larva",2,,1,100,1,"N","N","condition OK","Y",,"Wiggins 1996; Blahnik and Holzenthal 2014","N","Rhithron Associates, Inc.","S. Sullivan",,
"859bf4f3-82e0-44a1-8b3f-05d8fd9e88f0","D08","MAYF","MAYF.AOS.reach","2019-07-29T12:44Z","2020-02-20","MAYF.20190729.SNAG.2","A00000083142",,"PARSP26","Y","Parametriocnemus sp.",,"genus","Arthropoda","Hexapoda","Insecta","Pterygota","Neoptera","Holometabola","Diptera","Nematocera","Culicomorpha",,"Chironomidae","Orthocladiinae",,,"Parametriocnemus","sp.",,"larva",2,,2,100,2,"N","N","condition OK","Y",,"Weiderholm, 1983; Weiderholm, 1986; Epler 2001; Ferrington et al. 2019; Andersen, Cranston and Epler 2013","N","Rhithron Associates, Inc.","B. Hayford",,
"1318cdd1-af11-4262-be43-5aeae2ff1485","D08","MAYF","MAYF.AOS.reach","2019-07-29T12:44Z","2020-02-20","MAYF.20190729.SNAG.5","A00000083352",,"RHESP1","Y","Rheocricotopus sp.",,"genus","Arthropoda","Hexapoda","Insecta","Pterygota","Neoptera","Holometabola","Diptera","Nematocera","Culicomorpha",,"Chironomidae","Orthocladiinae",,,"Rheocricotopus","sp.",,"larva",3,,1,100,1,"N","N","condition OK","Y",,"Weiderholm, 1983; Weiderholm, 1986; Epler 2001; Ferrington et al. 2019; Andersen, Cranston and Epler 2013","N","Rhithron Associates, Inc.","A. Fasbender",,
"56fb5f67-e251-4050-af9d-492157a3e92e","D08","MAYF","MAYF.AOS.reach","2019-07-29T12:44Z","2020-02-20","MAYF.20190729.SNAG.1","A00000083125",,"ACRSP4","Y","Acroneuria sp.",,"genus","Arthropoda","Hexapoda","Insecta","Pterygota","Neoptera","Polyneoptera","Plecoptera","Systellognatha",,,"Perlidae","Acroneuriinae","Acroneuriini",,"Acroneuria","sp.",,"larva",12,,1,100,1,"N","N","condition OK","Y",,"Stewart and Stark 2002; Merritt et al. 2019","N","Rhithron Associates, Inc.","S. Sullivan",,
"cce9f8e9-9314-4135-a1b1-cbe70e9b9687","D08","MAYF","MAYF.AOS.reach","2019-07-29T12:44Z","2020-02-20","MAYF.20190729.SNAG.3","A00000083350",,"NAISP","Y","Naididae sp.",,"family","Annelida","Clitellata","Oligochaeta","Oligochaeta",,,"Tubificida",,,,"Naididae",,,,,"sp.",,"none",3,"3a",1,100,1,"Y","N","condition OK","Y",,"Kathman and Brinkhurst, 1999","N","Rhithron Associates, Inc.","A. Fasbender","w/o HC",
"518ea5ed-5e55-4a9f-b145-ef3f3a09d194","D08","MAYF","MAYF.AOS.reach","2019-07-29T12:44Z","2020-02-20","MAYF.20190729.SNAG.5","A00000083352",,"RHESP1","Y","Rheocricotopus sp.",,"genus","Arthropoda","Hexapoda","Insecta","Pterygota","Neoptera","Holometabola","Diptera","Nematocera","Culicomorpha",,"Chironomidae","Orthocladiinae",,,"Rheocricotopus","sp.",,"larva",2,,2,100,2,"N","N","condition OK","Y",,"Weiderholm, 1983; Weiderholm, 1986; Epler 2001; Ferrington et al. 2019; Andersen, Cranston and Epler 2013","N","Rhithron Associates, Inc.","A. Fasbender",,
"2656dc99-2269-4ec6-8e7c-ec00a02f1baf","D08","MAYF","MAYF.AOS.reach","2019-07-29T12:44Z","2020-02-20","MAYF.20190729.SNAG.4","A00000083335",,"CHISP6","Y","Chironomini sp.",,"tribe","Arthropoda","Hexapoda","Insecta","Pterygota","Neoptera","Holometabola","Diptera","Nematocera","Culicomorpha",,"Chironomidae","Chironominae","Chironomini",,,"sp.",,"pupa",2,,1,100,1,"N","N","damaged, affecting taxonomy and measurement","N",,"Weiderholm, 1983; Weiderholm, 1986; Epler 2001; Ferrington et al. 2019; Andersen, Cranston and Epler 2013","N","Rhithron Associates, Inc.","R. Spring",,
"5efe30a3-06d4-40f9-a656-a4e8c467750e","D08","MAYF","MAYF.AOS.reach","2019-07-29T12:44Z","2020-02-20","MAYF.20190729.CORE.3","A00000083351",,"ROBSP","Y","Robackia sp.",,"genus","Arthropoda","Hexapoda","Insecta","Pterygota","Neoptera","Holometabola","Diptera","Nematocera","Culicomorpha",,"Chironomidae","Chironominae","Chironomini",,"Robackia","sp.",,"larva",4,,1,100,1,"N","N","condition OK","Y",,"Weiderholm, 1983; Weiderholm, 1986; Epler 2001; Ferrington et al. 2008; Andersen, Cranston and Epler 2013","Y","Rhithron Associates, Inc.","R. Spring","Reference Collection(1)",
"ff8d56ba-cc38-4885-a0bc-88a53dbc7eb5","D08","MAYF","MAYF.AOS.reach","2019-07-29T12:44Z","2020-02-20","MAYF.20190729.SNAG.5","A00000083352",,"ENCSP1","Y","Enchytraeidae sp.",,"family","Annelida","Clitellata","Oligochaeta","Oligochaeta",,,"Enchytraeida",,,,"Enchytraeidae",,,,,"sp.",,"none",1,,2,100,2,"N","N","condition OK","Y",,"Kathman and Brinkhurst, 1999","N","Rhithron Associates, Inc.","A. Fasbender",,
"c65875ec-22c7-4be1-85d5-f92352cfe0b7","D08","MAYF","MAYF.AOS.reach","2019-07-29T12:44Z","2020-02-20","MAYF.20190729.SNAG.5","A00000083352",,"THIGRO","Y","Thienemannimyia gr.",,"speciesGroup","Arthropoda","Hexapoda","Insecta","Pterygota","Neoptera","Holometabola","Diptera","Nematocera","Culicomorpha",,"Chironomidae","Tanypodinae","Pentaneurini",,"Thienemannimyia","gr.",,"larva",1,,21,100,21,"Y","N","condition OK","Y",,"Weiderholm, 1983; Weiderholm, 1986; Epler 2001; Ferrington et al. 2008; Andersen, Cranston and Epler 2017","N","Rhithron Associates, Inc.","A. Fasbender",,
"28e18467-cbbc-4bfa-b398-68e524c87e8b","D08","MAYF","MAYF.AOS.reach","2019-07-29T12:44Z","2020-02-20","MAYF.20190729.SNAG.3","A00000083350",,"ANCVAR1","Y","Ancyronyx variegata",,"species","Arthropoda","Hexapoda","Insecta","Pterygota","Neoptera","Holometabola","Coleoptera","Polyphaga","Elateriformia","Byrrhoidea","Elmidae","Elminae","Ancyronychini",,"Ancyronyx","variegata",,"adult",3,,1,100,1,"N","N","condition OK","Y",,"Merritt et al. 2019","N","Rhithron Associates, Inc.","S. Sullivan","Reference Collection(1)",
"f4409d18-7707-41f9-a17a-5a5598135080","D08","MAYF","MAYF.AOS.reach","2019-07-29T12:44Z","2020-02-20","MAYF.20190729.SNAG.2","A00000083142",,"THISP2","Y","Thienemanniella sp.",,"genus","Arthropoda","Hexapoda","Insecta","Pterygota","Neoptera","Holometabola","Diptera","Nematocera","Culicomorpha",,"Chironomidae","Orthocladiinae",,,"Thienemanniella","sp.",,"larva",1,,3,100,3,"N","N","condition OK","Y",,"Weiderholm, 1983; Weiderholm, 1986; Epler 2001; Ferrington et al. 2019; Andersen, Cranston and Epler 2013","N","Rhithron Associates, Inc.","B. Hayford",,
"c22aa9b3-63cf-49b6-b4f4-976a6810c72d","D08","MAYF","MAYF.AOS.reach","2019-07-29T12:44Z","2020-02-20","MAYF.20190729.SNAG.1","A00000083125",,"THIGRO","Y","Thienemannimyia gr.",,"speciesGroup","Arthropoda","Hexapoda","Insecta","Pterygota","Neoptera","Holometabola","Diptera","Nematocera","Culicomorpha",,"Chironomidae","Tanypodinae","Pentaneurini",,"Thienemannimyia","gr.",,"larva",1,,3,100,3,"Y","N","condition OK","Y",,"Weiderholm, 1983; Weiderholm, 1986; Epler 2001; Ferrington et al. 2008; Andersen, Cranston and Epler 2017","N","Rhithron Associates, Inc.","B. Hayford",,
"ebee463f-584a-4a66-8a99-61764b405eb3","D08","MAYF","MAYF.AOS.reach","2019-07-29T12:44Z","2020-02-20","MAYF.20190729.SNAG.3","A00000083350",,"LUMSP2","Y","Lumbriculidae sp.",,"family","Annelida","Clitellata","Oligochaeta","Oligochaeta",,,"Lumbriculida",,,,"Lumbriculidae",,,,,"sp.",,"none",4,,4,100,4,"Y","N","condition OK","Y",,"Kathman and Brinkhurst, 1999","N","Rhithron Associates, Inc.","A. Fasbender","w/o proboscis",
"033d461b-280b-401c-b0e2-fe829097839e","D08","MAYF","MAYF.AOS.reach","2019-07-29T12:44Z","2020-02-20","MAYF.20190729.SNAG.3","A00000083350",,"BRISP","Y","Brillia sp.",,"genus","Arthropoda","Hexapoda","Insecta","Pterygota","Neoptera","Holometabola","Diptera","Nematocera","Culicomorpha",,"Chironomidae","Orthocladiinae",,,"Brillia","sp.",,"larva",1,,1,100,1,"N","N","condition OK","Y",,"Weiderholm, 1983; Weiderholm, 1986; Epler 2001; Ferrington et al. 2019; Andersen, Cranston and Epler 2013","N","Rhithron Associates, Inc.","R. Spring",,
"f5306a27-cdea-4508-8e09-1189ba6f6430","D08","MAYF","MAYF.AOS.reach","2019-07-29T12:44Z","2020-02-20","MAYF.20190729.SNAG.5","A00000083352",,"TANSP11","Y","Tanytarsus sp.",,"genus","Arthropoda","Hexapoda","Insecta","Pterygota","Neoptera","Holometabola","Diptera","Nematocera","Culicomorpha",,"Chironomidae","Chironominae","Tanytarsini",,"Tanytarsus","sp.",,"larva",2,,9,100,9,"N","N","condition OK","Y",,"Weiderholm, 1983; Weiderholm, 1986; Epler 2001; Ferrington et al. 2019; Andersen, Cranston and Epler 2013","N","Rhithron Associates, Inc.","A. Fasbender",,
"ceac34e6-0050-4712-b0d6-44259017f121","D08","MAYF","MAYF.AOS.reach","2019-07-29T12:44Z","2020-02-20","MAYF.20190729.SNAG.5","A00000083352",,"NAISP","Y","Naididae sp.",,"family","Annelida","Clitellata","Oligochaeta","Oligochaeta",,,"Tubificida",,,,"Naididae",,,,,"sp.",,"none",3,,1,100,1,"Y","N","condition OK","Y",,"Kathman and Brinkhurst, 1999","N","Rhithron Associates, Inc.","A. Fasbender","Rhyacodrilinae/Tubificinae w/ HC",
"2e9dd477-b05a-4f77-a2fc-1b5ba090f55b","D08","MAYF","MAYF.AOS.reach","2019-07-29T12:44Z","2020-02-20","MAYF.20190729.SNAG.5","A00000083352",,"THIGRO","Y","Thienemannimyia gr.",,"speciesGroup","Arthropoda","Hexapoda","Insecta","Pterygota","Neoptera","Holometabola","Diptera","Nematocera","Culicomorpha",,"Chironomidae","Tanypodinae","Pentaneurini",,"Thienemannimyia","gr.",,"larva",5,,2,100,2,"Y","N","condition OK","Y",,"Weiderholm, 1983; Weiderholm, 1986; Epler 2001; Ferrington et al. 2008; Andersen, Cranston and Epler 2017","N","Rhithron Associates, Inc.","A. Fasbender",,
"e1e0ba4f-ce93-499e-92d9-0440e98c0fc7","D08","MAYF","MAYF.AOS.reach","2019-07-29T12:44Z","2020-02-20","MAYF.20190729.SNAG.2","A00000083142",,"TANSP7","Y","Tanypodinae sp.",,"subfamily","Arthropoda","Hexapoda","Insecta","Pterygota","Neoptera","Holometabola","Diptera","Nematocera","Culicomorpha",,"Chironomidae","Tanypodinae",,,,"sp.",,"larva",1,,2,100,2,"Y","N","condition OK","N",,"Weiderholm, 1983; Weiderholm, 1986; Epler 2001; Ferrington et al. 2019; Andersen, Cranston and Epler 2013","N","Rhithron Associates, Inc.","B. Hayford","and damagaed",
"042d9eb4-b0a7-485c-b70d-99147fe76ad8","D08","MAYF","MAYF.AOS.reach","2019-07-29T12:44Z","2020-02-20","MAYF.20190729.SNAG.2","A00000083142",,"PARSP26","Y","Parametriocnemus sp.",,"genus","Arthropoda","Hexapoda","Insecta","Pterygota","Neoptera","Holometabola","Diptera","Nematocera","Culicomorpha",,"Chironomidae","Orthocladiinae",,,"Parametriocnemus","sp.",,"larva",4,,1,100,1,"N","N","condition OK","Y",,"Weiderholm, 1983; Weiderholm, 1986; Epler 2001; Ferrington et al. 2019; Andersen, Cranston and Epler 2013","N","Rhithron Associates, Inc.","B. Hayford",,
"822e6e88-a850-445c-b8f4-a084f3597b4b","D08","MAYF","MAYF.AOS.reach","2019-07-29T12:44Z","2020-02-20","MAYF.20190729.SNAG.2","A00000083142",,"CORSP19","Y","Corynoneura sp.",,"genus","Arthropoda","Hexapoda","Insecta","Pterygota","Neoptera","Holometabola","Diptera","Nematocera","Culicomorpha",,"Chironomidae","Orthocladiinae",,,"Corynoneura","sp.",,"larva",2,,1,100,1,"N","N","condition OK","Y",,"Weiderholm, 1983; Weiderholm, 1986; Epler 2001; Ferrington et al. 2019; Andersen, Cranston and Epler 2013","N","Rhithron Associates, Inc.","B. Hayford",,
"afcdd514-ea94-4d67-af81-d363fe033484","D08","MAYF","MAYF.AOS.reach","2019-07-29T12:44Z","2020-02-20","MAYF.20190729.SNAG.4","A00000083335",,"CORSP19","Y","Corynoneura sp.",,"genus","Arthropoda","Hexapoda","Insecta","Pterygota","Neoptera","Holometabola","Diptera","Nematocera","Culicomorpha",,"Chironomidae","Orthocladiinae",,,"Corynoneura","sp.",,"larva",1,,1,100,1,"N","N","condition OK","Y",,"Weiderholm, 1983; Weiderholm, 1986; Epler 2001; Ferrington et al. 2019; Andersen, Cranston and Epler 2013","N","Rhithron Associates, Inc.","R. Spring",,
"8e42a815-a3ef-46cf-8e0e-bf44a484a99b","D08","MAYF","MAYF.AOS.reach","2019-07-29T12:44Z","2020-02-20","MAYF.20190729.SNAG.4","A00000083335",,"RHESP1","Y","Rheocricotopus sp.",,"genus","Arthropoda","Hexapoda","Insecta","Pterygota","Neoptera","Holometabola","Diptera","Nematocera","Culicomorpha",,"Chironomidae","Orthocladiinae",,,"Rheocricotopus","sp.",,"larva",1,,5,100,5,"N","N","condition OK","Y",,"Weiderholm, 1983; Weiderholm, 1986; Epler 2001; Ferrington et al. 2019; Andersen, Cranston and Epler 2013","N","Rhithron Associates, Inc.","R. Spring",,
"9708d1ba-42dd-4153-9048-740714ca3fd7","D08","MAYF","MAYF.AOS.reach","2019-07-29T12:44Z","2020-02-20","MAYF.20190729.SNAG.5","A00000083352",,"THISP2","Y","Thienemanniella sp.",,"genus","Arthropoda","Hexapoda","Insecta","Pterygota","Neoptera","Holometabola","Diptera","Nematocera","Culicomorpha",,"Chironomidae","Orthocladiinae",,,"Thienemanniella","sp.",,"pupa",1,,1,100,1,"N","N","condition OK","N",,"Weiderholm, 1983; Weiderholm, 1986; Epler 2001; Ferrington et al. 2019; Andersen, Cranston and Epler 2013","N","Rhithron Associates, Inc.","A. Fasbender",,
"572c0c00-bc2a-4cea-ba5a-391af245d59b","D08","MAYF","MAYF.AOS.reach","2019-07-29T12:44Z","2020-02-20","MAYF.20190729.SNAG.3","A00000083350",,"PARSP26","Y","Parametriocnemus sp.",,"genus","Arthropoda","Hexapoda","Insecta","Pterygota","Neoptera","Holometabola","Diptera","Nematocera","Culicomorpha",,"Chironomidae","Orthocladiinae",,,"Parametriocnemus","sp.",,"larva",1,,3,100,3,"N","N","condition OK","Y",,"Weiderholm, 1983; Weiderholm, 1986; Epler 2001; Ferrington et al. 2019; Andersen, Cranston and Epler 2013","N","Rhithron Associates, Inc.","R. Spring",,
"d112cce4-5a2e-42c4-9621-0509d34c1bd7","D08","MAYF","MAYF.AOS.reach","2019-07-29T12:44Z","2020-02-20","MAYF.20190729.SNAG.1","A00000083125",,"RHESP1","Y","Rheocricotopus sp.",,"genus","Arthropoda","Hexapoda","Insecta","Pterygota","Neoptera","Holometabola","Diptera","Nematocera","Culicomorpha",,"Chironomidae","Orthocladiinae",,,"Rheocricotopus","sp.",,"larva",1,,1,100,1,"N","N","condition OK","Y",,"Weiderholm, 1983; Weiderholm, 1986; Epler 2001; Ferrington et al. 2019; Andersen, Cranston and Epler 2013","N","Rhithron Associates, Inc.","B. Hayford",,
"d9173f6d-b68e-4ae9-b2f6-ee5d8e059d93","D08","MAYF","MAYF.AOS.reach","2019-07-29T12:44Z","2020-02-20","MAYF.20190729.SNAG.5","A00000083352",,"RHESP2","Y","Rheotanytarsus sp.",,"genus","Arthropoda","Hexapoda","Insecta","Pterygota","Neoptera","Holometabola","Diptera","Nematocera","Culicomorpha",,"Chironomidae","Chironominae","Tanytarsini",,"Rheotanytarsus","sp.",,"pupa",2,,1,100,1,"N","N","condition OK","N",,"Weiderholm, 1983; Weiderholm, 1986; Epler 2001; Ferrington et al. 2019; Andersen, Cranston and Epler 2013","N","Rhithron Associates, Inc.","A. Fasbender",,
"a3812bc5-6db8-48ed-a308-bdee01efd5ea","D08","MAYF","MAYF.AOS.reach","2019-07-29T12:44Z","2020-02-20","MAYF.20190729.SNAG.2","A00000083142",,"STEPER","Y","Stelechomyia perpulchra",,"species","Arthropoda","Hexapoda","Insecta","Pterygota","Neoptera","Holometabola","Diptera","Nematocera","Culicomorpha",,"Chironomidae","Chironominae","Chironomini",,"Stelechomyia","perpulchra",,"larva",3,,1,100,1,"N","N","condition OK","Y",,"Weiderholm, 1983; Weiderholm, 1986; Epler 2001; Ferrington et al. 2008; Andersen, Cranston and Epler 2013","N","Rhithron Associates, Inc.","B. Hayford",,
"c6e0e0d5-5ec1-4b22-ae8f-95c1660c5f2d","D08","MAYF","MAYF.AOS.reach","2019-07-29T12:44Z","2020-02-20","MAYF.20190729.SNAG.3","A00000083350",,"LYPDIV","Y","Lype diversa",,"species","Arthropoda","Hexapoda","Insecta","Pterygota","Neoptera","Holometabola","Trichoptera",,,"Hydropsychoidea","Psychomyiidae","Psychomyiinae",,,"Lype","diversa",,"larva",1,,1,100,1,"N","N","condition OK","Y",,"Wiggins 1996; Merritt et al. 2019","N","Rhithron Associates, Inc.","S. Sullivan",,
"5a379964-045c-4f45-a599-d90b8bf9fe72","D08","MAYF","MAYF.AOS.reach","2019-07-29T12:44Z","2020-02-20","MAYF.20190729.SNAG.1","A00000083125",,"RHEPEL1","Y","Rheotanytarsus pellucidus",,"species","Arthropoda","Hexapoda","Insecta","Pterygota","Neoptera","Holometabola","Diptera","Nematocera","Culicomorpha",,"Chironomidae","Chironominae","Tanytarsini",,"Rheotanytarsus","pellucidus",,"larva",1,,3,100,3,"N","N","condition OK","Y",,"Weiderholm, 1983; Weiderholm, 1986; Epler 2001; Ferrington et al. 2008; Andersen, Cranston and Epler 2013","N","Rhithron Associates, Inc.","B. Hayford",,
"c101c6cd-b9b1-4a16-b41f-77f0d374051b","D08","MAYF","MAYF.AOS.reach","2019-07-29T12:44Z","2020-02-20","MAYF.20190729.SNAG.1","A00000083125",,"STESP8","Y","Stenochironomus sp.",,"genus","Arthropoda","Hexapoda","Insecta","Pterygota","Neoptera","Holometabola","Diptera","Nematocera","Culicomorpha",,"Chironomidae","Chironominae","Chironomini",,"Stenochironomus","sp.",,"larva",4,,1,100,1,"N","N","condition OK","Y",,"Weiderholm, 1983; Weiderholm, 1986; Epler 2001; Ferrington et al. 2019; Andersen, Cranston and Epler 2013","N","Rhithron Associates, Inc.","B. Hayford",,
"5f941d0b-98c7-42fe-96a2-e6be35c73245","D08","MAYF","MAYF.AOS.reach","2019-07-29T12:44Z","2020-02-20","MAYF.20190729.SNAG.1","A00000083125",,"TANSP11","Y","Tanytarsus sp.",,"genus","Arthropoda","Hexapoda","Insecta","Pterygota","Neoptera","Holometabola","Diptera","Nematocera","Culicomorpha",,"Chironomidae","Chironominae","Tanytarsini",,"Tanytarsus","sp.",,"larva",2,,1,100,1,"N","N","condition OK","Y",,"Weiderholm, 1983; Weiderholm, 1986; Epler 2001; Ferrington et al. 2019; Andersen, Cranston and Epler 2013","N","Rhithron Associates, Inc.","B. Hayford",,
"3f63189a-b879-4dbc-9f84-95fe3d586848","D08","MAYF","MAYF.AOS.reach","2019-07-29T12:44Z","2020-02-20","MAYF.20190729.SNAG.3","A00000083350",,"STESP6","Y","Stenelmis sp.",,"genus","Arthropoda","Hexapoda","Insecta","Pterygota","Neoptera","Holometabola","Coleoptera","Polyphaga","Elateriformia","Byrrhoidea","Elmidae","Elminae","Elmini",,"Stenelmis","sp.",,"larva",1,,4,100,4,"N","N","condition OK","Y",,"Brown 1972; Merritt et al. 2019","N","Rhithron Associates, Inc.","S. Sullivan",,
"7d689ae1-c92b-452a-9536-fb096b1a95a5","D08","MAYF","MAYF.AOS.reach","2019-07-29T12:44Z","2020-02-20","MAYF.20190729.SNAG.3","A00000083350",,"PARSP27","Y","Paraphaenocladius sp.",,"genus","Arthropoda","Hexapoda","Insecta","Pterygota","Neoptera","Holometabola","Diptera","Nematocera","Culicomorpha",,"Chironomidae","Orthocladiinae",,,"Paraphaenocladius","sp.",,"larva",1,,6,100,6,"N","N","condition OK","Y",,"Weiderholm, 1983; Weiderholm, 1986; Epler 2001; Ferrington et al. 2019; Andersen, Cranston and Epler 2013","N","Rhithron Associates, Inc.","R. Spring",,
"0be3dc28-cae7-46d7-af4a-d63387948eeb","D08","MAYF","MAYF.AOS.reach","2019-07-29T12:44Z","2020-02-20","MAYF.20190729.SNAG.3","A00000083350",,"TANSP11","Y","Tanytarsus sp.",,"genus","Arthropoda","Hexapoda","Insecta","Pterygota","Neoptera","Holometabola","Diptera","Nematocera","Culicomorpha",,"Chironomidae","Chironominae","Tanytarsini",,"Tanytarsus","sp.",,"larva",2,,3,100,3,"N","N","condition OK","Y",,"Weiderholm, 1983; Weiderholm, 1986; Epler 2001; Ferrington et al. 2019; Andersen, Cranston and Epler 2013","N","Rhithron Associates, Inc.","R. Spring",,
"7c6b46de-6974-4ef3-abf3-d8b69a88409f","D08","MAYF","MAYF.AOS.reach","2019-07-29T12:44Z","2020-02-20","MAYF.20190729.SNAG.5","A00000083352",,"STESP6","Y","Stenelmis sp.",,"genus","Arthropoda","Hexapoda","Insecta","Pterygota","Neoptera","Holometabola","Coleoptera","Polyphaga","Elateriformia","Byrrhoidea","Elmidae","Elminae","Elmini",,"Stenelmis","sp.",,"larva",4,,2,100,2,"N","N","condition OK","N",,"Brown 1972; Merritt et al. 2019","N","Rhithron Associates, Inc.","S. Sullivan",,
"e6fe6b84-f4e3-4e18-b91a-125ac30f3821","D08","MAYF","MAYF.AOS.reach","2019-07-29T12:44Z","2020-02-20","MAYF.20190729.SNAG.5","A00000083352",,"STESP8","Y","Stenochironomus sp.",,"genus","Arthropoda","Hexapoda","Insecta","Pterygota","Neoptera","Holometabola","Diptera","Nematocera","Culicomorpha",,"Chironomidae","Chironominae","Chironomini",,"Stenochironomus","sp.",,"larva",3,,2,100,2,"N","N","condition OK","Y",,"Weiderholm, 1983; Weiderholm, 1986; Epler 2001; Ferrington et al. 2019; Andersen, Cranston and Epler 2013","N","Rhithron Associates, Inc.","A. Fasbender",,
"6a0284a8-8a26-4c8e-8f53-6b40303922c5","D08","MAYF","MAYF.AOS.reach","2019-07-29T12:44Z","2020-02-20","MAYF.20190729.SNAG.3","A00000083350",,"RHESP1","Y","Rheocricotopus sp.",,"genus","Arthropoda","Hexapoda","Insecta","Pterygota","Neoptera","Holometabola","Diptera","Nematocera","Culicomorpha",,"Chironomidae","Orthocladiinae",,,"Rheocricotopus","sp.",,"larva",2,,2,100,2,"N","N","condition OK","Y",,"Weiderholm, 1983; Weiderholm, 1986; Epler 2001; Ferrington et al. 2019; Andersen, Cranston and Epler 2013","N","Rhithron Associates, Inc.","R. Spring",,
"4e1b1596-ddcb-460a-beb0-340b20a5ec04","D08","MAYF","MAYF.AOS.reach","2019-07-29T12:44Z","2020-02-20","MAYF.20190729.SNAG.5","A00000083352",,"LEPSP4","Y","Leptophlebiidae sp.",,"family","Arthropoda","Hexapoda","Insecta","Pterygota","Palaeoptera",,"Ephemeroptera","Furcatergalia","Lanceolata",,"Leptophlebiidae",,,,,"sp.",,"larva",2,,4,100,4,"Y","N","condition OK","Y",,"Merritt et al. 2019","N","Rhithron Associates, Inc.","S. Sullivan",,
"11691958-95cd-4cb4-a14c-530bd6936419","D08","MAYF","MAYF.AOS.reach","2019-07-29T12:44Z","2020-02-20","MAYF.20190729.SNAG.3","A00000083350",,"ORISP1","Y","Oribatida sp.",,"suborder","Arthropoda","Chelicerata","Arachnida","Acari",,"Acariformes","Sarcoptiformes","Oribatida",,,,,,,,"sp.",,"adult",1,,4,100,4,"N","N","condition OK","Y",,"Thorp and Rogers 2016","N","Rhithron Associates, Inc.","S. Sullivan",,
"09109ce4-3bed-4b03-b5b3-c88e5fbe41c6","D08","MAYF","MAYF.AOS.reach","2019-07-29T12:44Z","2020-02-20","MAYF.20190729.SNAG.1","A00000083125",,"PARSP26","Y","Parametriocnemus sp.",,"genus","Arthropoda","Hexapoda","Insecta","Pterygota","Neoptera","Holometabola","Diptera","Nematocera","Culicomorpha",,"Chironomidae","Orthocladiinae",,,"Parametriocnemus","sp.",,"larva",2,,3,100,3,"N","N","condition OK","Y",,"Weiderholm, 1983; Weiderholm, 1986; Epler 2001; Ferrington et al. 2019; Andersen, Cranston and Epler 2013","N","Rhithron Associates, Inc.","B. Hayford",,
"a7fb1067-48a1-47b4-b531-037e04121857","D08","MAYF","MAYF.AOS.reach","2019-07-29T12:44Z","2020-02-20","MAYF.20190729.SNAG.1","A00000083125",,"POLSCA","Y","Polypedilum scalaenum gr.",,"speciesGroup","Arthropoda","Hexapoda","Insecta","Pterygota","Neoptera","Holometabola","Diptera","Nematocera","Culicomorpha",,"Chironomidae","Chironominae","Chironomini",,"Polypedilum","scalaenum gr.",,"larva",2,,1,100,1,"N","N","condition OK","Y",,"Weiderholm, 1983; Weiderholm, 1986; Epler 2001; Ferrington et al. 2008; Andersen, Cranston and Epler 2018","N","Rhithron Associates, Inc.","B. Hayford",,
"4f8841ab-220a-4458-ae75-477ef715e6b5","D08","MAYF","MAYF.AOS.reach","2019-07-29T12:44Z","2020-02-20","MAYF.20190729.SNAG.4","A00000083335",,"THIGRO","Y","Thienemannimyia gr.",,"speciesGroup","Arthropoda","Hexapoda","Insecta","Pterygota","Neoptera","Holometabola","Diptera","Nematocera","Culicomorpha",,"Chironomidae","Tanypodinae","Pentaneurini",,"Thienemannimyia","gr.",,"larva",2,,3,100,3,"Y","N","condition OK","Y",,"Weiderholm, 1983; Weiderholm, 1986; Epler 2001; Ferrington et al. 2008; Andersen, Cranston and Epler 2017","N","Rhithron Associates, Inc.","R. Spring",,
"3d6a435b-064c-4f59-8292-ef419ae85435","D08","MAYF","MAYF.AOS.reach","2019-07-29T12:44Z","2020-02-20","MAYF.20190729.SNAG.4","A00000083335",,"ANCVAR1","Y","Ancyronyx variegata",,"species","Arthropoda","Hexapoda","Insecta","Pterygota","Neoptera","Holometabola","Coleoptera","Polyphaga","Elateriformia","Byrrhoidea","Elmidae","Elminae","Ancyronychini",,"Ancyronyx","variegata",,"larva",1,,5,100,5,"N","N","condition OK","Y",,"Merritt et al. 2019","N","Rhithron Associates, Inc.","S. Sullivan",,
"034f8e12-517e-4faa-aff6-c8b2a61d4c9d","D08","MAYF","MAYF.AOS.reach","2019-07-29T12:44Z","2020-02-20","MAYF.20190729.SNAG.5","A00000083352",,"PARSP26","Y","Parametriocnemus sp.",,"genus","Arthropoda","Hexapoda","Insecta","Pterygota","Neoptera","Holometabola","Diptera","Nematocera","Culicomorpha",,"Chironomidae","Orthocladiinae",,,"Parametriocnemus","sp.",,"larva",3,,1,100,1,"N","N","condition OK","Y",,"Weiderholm, 1983; Weiderholm, 1986; Epler 2001; Ferrington et al. 2019; Andersen, Cranston and Epler 2013","N","Rhithron Associates, Inc.","A. Fasbender",,
"e179ec42-531e-48e4-9277-70094b2da9d7","D08","MAYF","MAYF.AOS.reach","2019-07-29T12:44Z","2020-02-20","MAYF.20190729.SNAG.3","A00000083350",,"ENCSP1","Y","Enchytraeidae sp.",,"family","Annelida","Clitellata","Oligochaeta","Oligochaeta",,,"Enchytraeida",,,,"Enchytraeidae",,,,,"sp.",,"none",4,,3,100,3,"N","N","condition OK","Y",,"Kathman and Brinkhurst, 1999","N","Rhithron Associates, Inc.","A. Fasbender",,
"5d982a06-1e55-4d41-aab0-f987af6b4245","D08","MAYF","MAYF.AOS.reach","2019-07-29T12:44Z","2020-02-20","MAYF.20190729.SNAG.1","A00000083125",,"ENCSP1","Y","Enchytraeidae sp.",,"family","Annelida","Clitellata","Oligochaeta","Oligochaeta",,,"Enchytraeida",,,,"Enchytraeidae",,,,,"sp.",,"none",3,,1,100,1,"N","N","condition OK","Y",,"Kathman and Brinkhurst, 1999","N","Rhithron Associates, Inc.","A. Fasbender",,
"10d77382-5147-4a2e-baee-8ac3c1890388","D08","MAYF","MAYF.AOS.reach","2019-07-29T12:44Z","2020-02-20","MAYF.20190729.SNAG.1","A00000083125",,"ORISP1","Y","Oribatida sp.",,"suborder","Arthropoda","Chelicerata","Arachnida","Acari",,"Acariformes","Sarcoptiformes","Oribatida",,,,,,,,"sp.",,"adult",1,,1,100,1,"N","N","condition OK","Y",,"Thorp and Rogers 2016","N","Rhithron Associates, Inc.","S. Sullivan",,
"f93e807b-3c13-452a-be4c-d0152a320fa2","D08","MAYF","MAYF.AOS.reach","2019-07-29T12:44Z","2020-02-20","MAYF.20190729.SNAG.5","A00000083352",,"NILSP1","Y","Nilothauma sp.",,"genus","Arthropoda","Hexapoda","Insecta","Pterygota","Neoptera","Holometabola","Diptera","Nematocera","Culicomorpha",,"Chironomidae","Chironominae","Chironomini",,"Nilothauma","sp.",,"larva",1,,1,100,1,"N","N","condition OK","Y",,"Weiderholm, 1983; Weiderholm, 1986; Epler 2001; Ferrington et al. 2019; Andersen, Cranston and Epler 2013","N","Rhithron Associates, Inc.","A. Fasbender",,
"61d34692-5bc3-4860-8f58-14649420d612","D08","MAYF","MAYF.AOS.reach","2019-07-29T12:44Z","2020-02-20","MAYF.20190729.SNAG.3","A00000083350",,"ELMSP","Y","Elmidae sp.",,"family","Arthropoda","Hexapoda","Insecta","Pterygota","Neoptera","Holometabola","Coleoptera","Polyphaga","Elateriformia","Byrrhoidea","Elmidae",,,,,"sp.",,"larva",1,,1,100,1,"Y","N","condition OK","N",,"Brown, 1972; Merritt et al. 2019","N","Rhithron Associates, Inc.","S. Sullivan",,
"4d7f6ffc-806d-4eb8-a9ff-6fdf47598d6a","D08","MAYF","MAYF.AOS.reach","2019-07-29T12:44Z","2020-02-20","MAYF.20190729.CORE.3","A00000083351",,"NEOREI","Y","Neostempellina reissi",,"species","Arthropoda",,"Insecta",,,,"Diptera",,,,"Chironomidae",,,,"Neostempellina","reissi",,"larva",1,,1,100,1,"N","N","condition OK","Y",,"Weiderholm, 1983; Weiderholm, 1986; Epler 2001; Ferrington et al. 2008; Andersen, Cranston and Epler 2013","Y","Rhithron Associates, Inc.","R. Spring","Reference Collection(1)",
"6ec85218-7d6b-4baf-9b69-a0dd066c4e68","D08","MAYF","MAYF.AOS.reach","2019-07-29T12:44Z","2020-02-20","MAYF.20190729.SNAG.4","A00000083335",,"THIGRO","Y","Thienemannimyia gr.",,"speciesGroup","Arthropoda","Hexapoda","Insecta","Pterygota","Neoptera","Holometabola","Diptera","Nematocera","Culicomorpha",,"Chironomidae","Tanypodinae","Pentaneurini",,"Thienemannimyia","gr.",,"larva",1,,5,100,5,"Y","N","condition OK","Y",,"Weiderholm, 1983; Weiderholm, 1986; Epler 2001; Ferrington et al. 2008; Andersen, Cranston and Epler 2017","N","Rhithron Associates, Inc.","R. Spring",,
"43d1de94-dad4-42b0-88b6-647993eb45f8","D08","MAYF","MAYF.AOS.reach","2019-07-29T12:44Z","2020-02-20","MAYF.20190729.SNAG.3","A00000083350",,"STEPER","Y","Stelechomyia perpulchra",,"species","Arthropoda","Hexapoda","Insecta","Pterygota","Neoptera","Holometabola","Diptera","Nematocera","Culicomorpha",,"Chironomidae","Chironominae","Chironomini",,"Stelechomyia","perpulchra",,"larva",1,,1,100,1,"N","N","condition OK","Y",,"Weiderholm, 1983; Weiderholm, 1986; Epler 2001; Ferrington et al. 2008; Andersen, Cranston and Epler 2013","N","Rhithron Associates, Inc.","R. Spring",,
"7818e929-f8a7-4d28-ba9b-596214e6d238","D08","MAYF","MAYF.AOS.reach","2019-07-29T12:44Z","2020-02-20","MAYF.20190729.SNAG.3","A00000083350",,"NEMSP","Y","Nematoda sp.",,"phylum","Nematoda",,,,,,,,,,,,,,,"sp.",,"none",3,,3,100,3,"N","N","condition OK","Y",,"Thorp and Rogers 2016","N","Rhithron Associates, Inc.","S. Sullivan",,
"eb4f215d-f338-495f-90a5-7e3a2ddcfd80","D08","MAYF","MAYF.AOS.reach","2019-07-29T12:44Z","2020-02-20","MAYF.20190729.SNAG.5","A00000083352",,"THIGRO","Y","Thienemannimyia gr.",,"speciesGroup","Arthropoda","Hexapoda","Insecta","Pterygota","Neoptera","Holometabola","Diptera","Nematocera","Culicomorpha",,"Chironomidae","Tanypodinae","Pentaneurini",,"Thienemannimyia","gr.",,"larva",3,,2,100,2,"Y","N","condition OK","Y",,"Weiderholm, 1983; Weiderholm, 1986; Epler 2001; Ferrington et al. 2008; Andersen, Cranston and Epler 2017","N","Rhithron Associates, Inc.","A. Fasbender",,
"90380b65-be24-4b86-97be-37dea71451a0","D08","MAYF","MAYF.AOS.reach","2019-07-29T12:44Z","2020-02-20","MAYF.20190729.SNAG.3","A00000083350",,"PHASP9","Y","Phaenopsectra sp.",,"genus","Arthropoda","Hexapoda","Insecta","Pterygota","Neoptera","Holometabola","Diptera","Nematocera","Culicomorpha",,"Chironomidae","Chironominae","Chironomini",,"Phaenopsectra","sp.",,"larva",3,,3,100,3,"N","N","condition OK","Y",,"Weiderholm, 1983; Weiderholm, 1986; Epler 2001; Ferrington et al. 2019; Andersen, Cranston and Epler 2013","N","Rhithron Associates, Inc.","R. Spring",,
"21f72471-131a-4cd8-90da-3948c2c13469","D08","MAYF","MAYF.AOS.reach","2019-07-29T12:44Z","2020-02-20","MAYF.20190729.SNAG.5","A00000083352",,"STEPER","Y","Stelechomyia perpulchra",,"species","Arthropoda","Hexapoda","Insecta","Pterygota","Neoptera","Holometabola","Diptera","Nematocera","Culicomorpha",,"Chironomidae","Chironominae","Chironomini",,"Stelechomyia","perpulchra",,"larva",2,,1,100,1,"N","N","condition OK","Y",,"Weiderholm, 1983; Weiderholm, 1986; Epler 2001; Ferrington et al. 2008; Andersen, Cranston and Epler 2013","N","Rhithron Associates, Inc.","A. Fasbender",,
"c149e557-e4e3-4944-9aad-a69891e0c9aa","D08","MAYF","MAYF.AOS.reach","2019-07-29T12:44Z","2020-02-20","MAYF.20190729.SNAG.5","A00000083352",,"POLSCA","Y","Polypedilum scalaenum gr.",,"speciesGroup","Arthropoda","Hexapoda","Insecta","Pterygota","Neoptera","Holometabola","Diptera","Nematocera","Culicomorpha",,"Chironomidae","Chironominae","Chironomini",,"Polypedilum","scalaenum gr.",,"larva",2,,1,100,1,"N","N","condition OK","Y",,"Weiderholm, 1983; Weiderholm, 1986; Epler 2001; Ferrington et al. 2008; Andersen, Cranston and Epler 2018","N","Rhithron Associates, Inc.","A. Fasbender",,
"32e352d2-5eec-4899-ac71-926d8335e4a9","D08","MAYF","MAYF.AOS.reach","2019-07-29T12:44Z","2020-02-20","MAYF.20190729.SNAG.5","A00000083352",,"CORSP19","Y","Corynoneura sp.",,"genus","Arthropoda","Hexapoda","Insecta","Pterygota","Neoptera","Holometabola","Diptera","Nematocera","Culicomorpha",,"Chironomidae","Orthocladiinae",,,"Corynoneura","sp.",,"pupa",1,,1,100,1,"N","N","condition OK","Y",,"Weiderholm, 1983; Weiderholm, 1986; Epler 2001; Ferrington et al. 2019; Andersen, Cranston and Epler 2013","N","Rhithron Associates, Inc.","A. Fasbender",,
"0c22e8bf-a8eb-4d26-8798-93bf14ae7c9f","D08","MAYF","MAYF.AOS.reach","2019-07-29T12:44Z","2020-02-20","MAYF.20190729.SNAG.4","A00000083335",,"RHESP1","Y","Rheocricotopus sp.",,"genus","Arthropoda","Hexapoda","Insecta","Pterygota","Neoptera","Holometabola","Diptera","Nematocera","Culicomorpha",,"Chironomidae","Orthocladiinae",,,"Rheocricotopus","sp.",,"larva",2,,5,100,5,"N","N","condition OK","Y",,"Weiderholm, 1983; Weiderholm, 1986; Epler 2001; Ferrington et al. 2019; Andersen, Cranston and Epler 2013","N","Rhithron Associates, Inc.","R. Spring",,
"6c86955f-81ee-40e9-94aa-6b0c7f51b5d3","D08","MAYF","MAYF.AOS.reach","2019-07-29T12:44Z","2020-02-20","MAYF.20190729.SNAG.4","A00000083335",,"STEPER","Y","Stelechomyia perpulchra",,"species","Arthropoda","Hexapoda","Insecta","Pterygota","Neoptera","Holometabola","Diptera","Nematocera","Culicomorpha",,"Chironomidae","Chironominae","Chironomini",,"Stelechomyia","perpulchra",,"larva",1,,2,100,2,"N","N","condition OK","Y",,"Weiderholm, 1983; Weiderholm, 1986; Epler 2001; Ferrington et al. 2008; Andersen, Cranston and Epler 2013","N","Rhithron Associates, Inc.","R. Spring",,
"b3b9014e-8e93-492e-8f00-b1d75012b1a8","D08","MAYF","MAYF.AOS.reach","2019-07-29T12:44Z","2020-02-20","MAYF.20190729.SNAG.5","A00000083352",,"NEMSP","Y","Nematoda sp.",,"phylum","Nematoda",,,,,,,,,,,,,,,"sp.",,"none",2,,1,100,1,"N","N","condition OK","Y",,"Thorp and Rogers 2016","N","Rhithron Associates, Inc.","S. Sullivan",,
"be22da12-a1af-4871-9e45-0f3fd1426caf","D08","MAYF","MAYF.AOS.reach","2019-07-29T12:44Z","2020-02-20","MAYF.20190729.SNAG.1","A00000083125",,"LEUSP2","Y","Leuctridae sp.",,"family","Arthropoda","Hexapoda","Insecta","Pterygota","Neoptera","Polyneoptera","Plecoptera","Euholognatha",,,"Leuctridae",,,,,"sp.",,"larva",2,,13,100,13,"Y","N","condition OK","Y",,"Stewart and Stark 2002; Merritt et al. 2019","N","Rhithron Associates, Inc.","S. Sullivan",,
"cd0d6796-adf7-48c3-9ccd-0f092f62258a","D08","MAYF","MAYF.AOS.reach","2019-07-29T12:44Z","2020-02-20","MAYF.20190729.SNAG.3","A00000083350",,"POLFAL","Y","Polypedilum fallax gr.",,"speciesGroup","Arthropoda","Hexapoda","Insecta","Pterygota","Neoptera","Holometabola","Diptera","Nematocera","Culicomorpha",,"Chironomidae","Chironominae","Chironomini",,"Polypedilum","fallax gr.",,"larva",2,,1,100,1,"N","N","condition OK","Y",,"Weiderholm, 1983; Weiderholm, 1986; Epler 2001; Ferrington et al. 2008; Andersen, Cranston and Epler 2014","N","Rhithron Associates, Inc.","R. Spring",,
"ab59adbb-ef3d-45c8-93c0-ab8ac61b48bd","D08","MAYF","MAYF.AOS.reach","2019-07-29T12:44Z","2020-02-20","MAYF.20190729.SNAG.1","A00000083125",,"THIGRO","Y","Thienemannimyia gr.",,"speciesGroup","Arthropoda","Hexapoda","Insecta","Pterygota","Neoptera","Holometabola","Diptera","Nematocera","Culicomorpha",,"Chironomidae","Tanypodinae","Pentaneurini",,"Thienemannimyia","gr.",,"larva",3,,2,100,2,"Y","N","condition OK","Y",,"Weiderholm, 1983; Weiderholm, 1986; Epler 2001; Ferrington et al. 2008; Andersen, Cranston and Epler 2017","N","Rhithron Associates, Inc.","B. Hayford",,
"8cd9943f-1be7-4523-a0f0-97c71cfb3005","D08","MAYF","MAYF.AOS.reach","2019-07-29T12:44Z","2020-02-20","MAYF.20190729.SNAG.5","A00000083352",,"RHESP1","Y","Rheocricotopus sp.",,"genus","Arthropoda","Hexapoda","Insecta","Pterygota","Neoptera","Holometabola","Diptera","Nematocera","Culicomorpha",,"Chironomidae","Orthocladiinae",,,"Rheocricotopus","sp.",,"larva",1,,2,100,2,"N","N","condition OK","Y",,"Weiderholm, 1983; Weiderholm, 1986; Epler 2001; Ferrington et al. 2019; Andersen, Cranston and Epler 2013","N","Rhithron Associates, Inc.","A. Fasbender",,
"768b4296-7df2-46d7-8897-1589757ca46f","D08","MAYF","MAYF.AOS.reach","2019-07-29T12:44Z","2020-02-20","MAYF.20190729.SNAG.5","A00000083352",,"HYDSP4","Y","Hydropsychidae sp.",,"family","Arthropoda","Hexapoda","Insecta","Pterygota","Neoptera","Holometabola","Trichoptera",,,"Hydropsychoidea","Hydropsychidae",,,,,"sp.",,"larva",2,,2,100,2,"Y","N","condition OK","Y",,"Wiggins 1996, Merritt et al. 2019","N","Rhithron Associates, Inc.","S. Sullivan",,
"81b04893-e3c3-45d8-9cb2-6cff9dbf7115","D08","MAYF","MAYF.AOS.reach","2019-07-29T12:44Z","2020-02-20","MAYF.20190729.SNAG.5","A00000083352",,"RHESP2","Y","Rheotanytarsus sp.",,"genus","Arthropoda","Hexapoda","Insecta","Pterygota","Neoptera","Holometabola","Diptera","Nematocera","Culicomorpha",,"Chironomidae","Chironominae","Tanytarsini",,"Rheotanytarsus","sp.",,"larva",2,,1,100,1,"Y","N","condition OK","Y",,"Weiderholm, 1983; Weiderholm, 1986; Epler 2001; Ferrington et al. 2019; Andersen, Cranston and Epler 2013","N","Rhithron Associates, Inc.","A. Fasbender",,
"4841eaac-34fc-42b9-b1b4-55cbd4811173","D08","MAYF","MAYF.AOS.reach","2019-07-29T12:44Z","2020-02-20","MAYF.20190729.SNAG.2","A00000083142",,"RHESP1","Y","Rheocricotopus sp.",,"genus","Arthropoda","Hexapoda","Insecta","Pterygota","Neoptera","Holometabola","Diptera","Nematocera","Culicomorpha",,"Chironomidae","Orthocladiinae",,,"Rheocricotopus","sp.",,"larva",3,,1,100,1,"N","N","condition OK","Y",,"Weiderholm, 1983; Weiderholm, 1986; Epler 2001; Ferrington et al. 2019; Andersen, Cranston and Epler 2013","N","Rhithron Associates, Inc.","B. Hayford",,
"5e86f7aa-d4e3-4fca-b5b5-d0e2cd77969f","D08","MAYF","MAYF.AOS.reach","2019-07-29T12:44Z","2020-02-20","MAYF.20190729.SNAG.3","A00000083350",,"OECTES","Y","Oecetis testacea gr.",,"speciesGroup","Arthropoda","Hexapoda","Insecta","Pterygota","Neoptera","Holometabola","Trichoptera",,,"Leptoceroidea","Leptoceridae","Leptocerinae","Oecetini",,"Oecetis","gr.",,"larva",2,,1,100,1,"N","N","condition OK","Y",,"Floyd 1995","N","Rhithron Associates, Inc.","S. Sullivan",,
"9a315167-5bb9-4563-8b97-ceb231fd79ae","D08","MAYF","MAYF.AOS.reach","2019-07-29T12:44Z","2020-02-20","MAYF.20190729.SNAG.5","A00000083352",,"STESP10","Y","Stempellinella sp.",,"genus","Arthropoda","Hexapoda","Insecta","Pterygota","Neoptera","Holometabola","Diptera","Nematocera","Culicomorpha",,"Chironomidae","Chironominae","Tanytarsini",,"Stempellinella","sp.",,"larva",2,,1,100,1,"N","N","condition OK","Y",,"Weiderholm, 1983; Weiderholm, 1986; Epler 2001; Ferrington et al. 2019; Andersen, Cranston and Epler 2013","N","Rhithron Associates, Inc.","A. Fasbender",,
"ba2fc7a5-e774-4153-90dc-e89a7d2e593d","D08","MAYF","MAYF.AOS.reach","2019-07-29T12:44Z","2020-02-20","MAYF.20190729.SNAG.5","A00000083352",,"NILSP1","Y","Nilothauma sp.",,"genus","Arthropoda","Hexapoda","Insecta","Pterygota","Neoptera","Holometabola","Diptera","Nematocera","Culicomorpha",,"Chironomidae","Chironominae","Chironomini",,"Nilothauma","sp.",,"larva",2,,1,100,1,"N","N","condition OK","Y",,"Weiderholm, 1983; Weiderholm, 1986; Epler 2001; Ferrington et al. 2019; Andersen, Cranston and Epler 2013","N","Rhithron Associates, Inc.","A. Fasbender",,
"f8e00dea-d207-4312-9272-bc81372523cb","D08","MAYF","MAYF.AOS.reach","2019-07-29T12:44Z","2020-02-20","MAYF.20190729.SNAG.3","A00000083350",,"XYLPAR","Y","Xylotopus par",,"species","Arthropoda","Hexapoda","Insecta","Pterygota","Neoptera","Holometabola","Diptera","Nematocera","Culicomorpha",,"Chironomidae","Orthocladiinae",,,"Xylotopus","par",,"larva",2,,3,100,3,"N","N","condition OK","Y",,"Weiderholm, 1983; Weiderholm, 1986; Epler 2001; Ferrington et al. 2019; Andersen, Cranston and Epler 2013","N","Rhithron Associates, Inc.","R. Spring",,
"0d432e31-7e89-44d8-a32a-91864e54f244","D08","MAYF","MAYF.AOS.reach","2019-07-29T12:44Z","2020-02-20","MAYF.20190729.SNAG.3","A00000083350",,"STEPER","Y","Stelechomyia perpulchra",,"species","Arthropoda","Hexapoda","Insecta","Pterygota","Neoptera","Holometabola","Diptera","Nematocera","Culicomorpha",,"Chironomidae","Chironominae","Chironomini",,"Stelechomyia","perpulchra",,"larva",2,,1,100,1,"N","N","condition OK","Y",,"Weiderholm, 1983; Weiderholm, 1986; Epler 2001; Ferrington et al. 2008; Andersen, Cranston and Epler 2013","N","Rhithron Associates, Inc.","R. Spring",,
"588c89a3-dbb9-48bd-b8d3-16bfc4201803","D08","MAYF","MAYF.AOS.reach","2019-07-29T12:44Z","2020-02-20","MAYF.20190729.SNAG.5","A00000083352",,"TORSP6","Y","Torrenticola sp.",,"genus","Arthropoda","Chelicerata","Arachnida","Acari",,"Acariformes","Trombidiformes","Prostigmata",,"Lebertioidea","Torrenticolidae",,,,"Torrenticola","sp.",,"adult",1,,1,100,1,"N","N","condition OK","Y",,"Thorp and Rogers 2016","N","Rhithron Associates, Inc.","S. Sullivan",,
"ed191367-55f8-4b27-90af-5bbc8be48cce","D08","MAYF","MAYF.AOS.reach","2019-07-29T12:44Z","2020-02-20","MAYF.20190729.CORE.3","A00000083351",,"NAISP","Y","Naididae sp.",,"family","Annelida","Clitellata","Oligochaeta","Oligochaeta",,,"Tubificida",,,,"Naididae",,,,,"sp.",,"none",2,,2,100,2,"Y","N","condition OK","Y",,"Kathman and Brinkhurst, 1999","Y","Rhithron Associates, Inc.","A. Fasbender","w/o HC",
"638e1fb0-6fb5-4ae9-a3d9-8f98ca9bc5da","D08","MAYF","MAYF.AOS.reach","2019-07-29T12:44Z","2020-02-20","MAYF.20190729.SNAG.5","A00000083352",,"HEMSP4","Y","Hemerodromia sp.",,"genus","Arthropoda","Hexapoda","Insecta","Pterygota","Neoptera","Holometabola","Diptera","Brachycera","Muscomorpha",,"Empididae","Hemerodromiinae","Hemerodromiini",,"Hemerodromia","sp.",,"larva",2,,4,100,4,"N","N","condition OK","Y",,"Merritt et al. 2019","N","Rhithron Associates, Inc.","S. Sullivan",,
"7e8f6a91-6745-499d-92a2-6993ad444390","D08","MAYF","MAYF.AOS.reach","2019-07-29T12:44Z","2020-02-20","MAYF.20190729.SNAG.2","A00000083142",,"LEUSP2","Y","Leuctridae sp.",,"family","Arthropoda","Hexapoda","Insecta","Pterygota","Neoptera","Polyneoptera","Plecoptera","Euholognatha",,,"Leuctridae",,,,,"sp.",,"larva",3,,2,100,2,"Y","N","condition OK","Y",,"Stewart and Stark 2002; Merritt et al. 2019","N","Rhithron Associates, Inc.","S. Sullivan",,
"fab98e82-0fc8-47ab-97b6-7cc371c86e63","D08","MAYF","MAYF.AOS.reach","2019-07-29T12:44Z","2020-02-20","MAYF.20190729.SNAG.2","A00000083142",,"TANSP7","Y","Tanypodinae sp.",,"subfamily","Arthropoda","Hexapoda","Insecta","Pterygota","Neoptera","Holometabola","Diptera","Nematocera","Culicomorpha",,"Chironomidae","Tanypodinae",,,,"sp.",,"pupa",4,,1,100,1,"N","N","damaged, affecting taxonomy and measurement","N",,"Weiderholm, 1983; Weiderholm, 1986; Epler 2001; Ferrington et al. 2019; Andersen, Cranston and Epler 2013","N","Rhithron Associates, Inc.","B. Hayford",,
"cea227cb-7648-4b49-8a90-146507c4b2f7","D08","MAYF","MAYF.AOS.reach","2019-07-29T12:44Z","2020-02-20","MAYF.20190729.SNAG.3","A00000083350",,"LEUSP2","Y","Leuctridae sp.",,"family","Arthropoda","Hexapoda","Insecta","Pterygota","Neoptera","Polyneoptera","Plecoptera","Euholognatha",,,"Leuctridae",,,,,"sp.",,"larva",3,,5,100,5,"Y","N","condition OK","Y",,"Stewart and Stark 2002; Merritt et al. 2019","N","Rhithron Associates, Inc.","S. Sullivan",,
"0ea9b422-5948-439a-843e-36a48b20f510","D08","MAYF","MAYF.AOS.reach","2019-07-29T12:44Z","2020-02-20","MAYF.20190729.SNAG.5","A00000083352",,"ANISP1","Y","Anisoptera sp.",,"suborder","Arthropoda","Hexapoda","Insecta","Pterygota","Palaeoptera",,"Odonata","Anisoptera",,,,,,,,"sp.",,"larva",2,,1,100,1,"Y","N","condition OK","Y",,"Needham et al. 2000; Merritt et al. 2019; Tennessen 2019","N","Rhithron Associates, Inc.","S. Sullivan",,
"c7497854-9a17-45bc-b027-e0c6ba3dce96","D08","MAYF","MAYF.AOS.reach","2019-07-29T12:44Z","2020-02-20","MAYF.20190729.SNAG.4","A00000083335",,"STEPER","Y","Stelechomyia perpulchra",,"species","Arthropoda","Hexapoda","Insecta","Pterygota","Neoptera","Holometabola","Diptera","Nematocera","Culicomorpha",,"Chironomidae","Chironominae","Chironomini",,"Stelechomyia","perpulchra",,"larva",3,,1,100,1,"N","N","condition OK","Y",,"Weiderholm, 1983; Weiderholm, 1986; Epler 2001; Ferrington et al. 2008; Andersen, Cranston and Epler 2013","N","Rhithron Associates, Inc.","R. Spring",,
"6fdde825-0108-4fd2-b34e-464a1f660199","D08","MAYF","MAYF.AOS.reach","2019-07-29T12:44Z","2020-02-20","MAYF.20190729.SNAG.3","A00000083350",,"EPHSP2","Y","Ephemeridae sp.",,"family","Arthropoda","Hexapoda","Insecta","Pterygota","Palaeoptera",,"Ephemeroptera","Furcatergalia","Scapphodonta","Ephemeroidea","Ephemeridae",,,,,"sp.",,"larva",1,,1,100,1,"Y","N","condition OK","Y",,"Merritt et al. 2019","N","Rhithron Associates, Inc.","S. Sullivan",,
"5569238c-1ff8-4ea3-aa73-4a8280f1b10e","D08","MAYF","MAYF.AOS.reach","2019-07-29T12:44Z","2020-02-20","MAYF.20190729.SNAG.3","A00000083350",,"LUMSP2","Y","Lumbriculidae sp.",,"family","Annelida","Clitellata","Oligochaeta","Oligochaeta",,,"Lumbriculida",,,,"Lumbriculidae",,,,,"sp.",,"none",2,,1,100,1,"Y","N","condition OK","Y",,"Kathman and Brinkhurst, 1999","N","Rhithron Associates, Inc.","A. Fasbender","w/o proboscis",
"2231e58f-3a0b-4257-9fdd-70aee0c0a8b1","D08","MAYF","MAYF.AOS.reach","2019-07-29T12:44Z","2020-02-20","MAYF.20190729.SNAG.3","A00000083350",,"CLASP6","Y","Cladotanytarsus sp.",,"genus","Arthropoda","Hexapoda","Insecta","Pterygota","Neoptera","Holometabola","Diptera","Nematocera","Culicomorpha",,"Chironomidae","Chironominae","Tanytarsini",,"Cladotanytarsus","sp.",,"larva",1,,2,100,2,"N","N","condition OK","Y",,"Weiderholm, 1983; Weiderholm, 1986; Epler 2001; Ferrington et al. 2019; Andersen, Cranston and Epler 2013","N","Rhithron Associates, Inc.","R. Spring",,
"6d665c37-337e-4dd7-acfe-04bf125cbe3b","D08","MAYF","MAYF.AOS.reach","2019-07-29T12:44Z","2020-02-20","MAYF.20190729.SNAG.3","A00000083350",,"ATRSP3","Y","Atractides sp.",,"genus","Arthropoda","Chelicerata","Arachnida","Acari",,"Acariformes","Trombidiformes","Prostigmata",,"Hygrobatoidea","Hygrobatidae",,,,"Atractides","sp.",,"adult",1,,1,100,1,"N","N","condition OK","Y",,"Thorp and Rogers 2016","N","Rhithron Associates, Inc.","S. Sullivan",,
"1d13722a-c9e0-4065-a851-edcefbb0cafd","D08","MAYF","MAYF.AOS.reach","2019-07-29T12:44Z","2020-02-20","MAYF.20190729.SNAG.1","A00000083125",,"HYDSP4","Y","Hydropsychidae sp.",,"family","Arthropoda","Hexapoda","Insecta","Pterygota","Neoptera","Holometabola","Trichoptera",,,"Hydropsychoidea","Hydropsychidae",,,,,"sp.",,"larva",2,,2,100,2,"Y","N","condition OK","Y",,"Wiggins 1996, Merritt et al. 2019","N","Rhithron Associates, Inc.","S. Sullivan",,
"d849a22a-8ee2-4eb0-b4b9-d4009713eaa8","D08","MAYF","MAYF.AOS.reach","2019-07-29T12:44Z","2020-02-20","MAYF.20190729.SNAG.5","A00000083352",,"ATUSP1","Y","Aturus sp.",,"genus","Arthropoda","Chelicerata","Arachnida","Acari",,"Acariformes","Trombidiformes","Prostigmata",,"Hygrobatoidea","Aturidae",,,,"Aturus","sp.",,"adult",1,,1,100,1,"N","N","condition OK","Y",,"Thorp and Rogers 2016","N","Rhithron Associates, Inc.","S. Sullivan",,
"7dc16ce8-3f5c-4bb6-95c0-15e98efccffa","D08","MAYF","MAYF.AOS.reach","2019-07-29T12:44Z","2020-02-20","MAYF.20190729.SNAG.3","A00000083350",,"PARSP26","Y","Parametriocnemus sp.",,"genus","Arthropoda","Hexapoda","Insecta","Pterygota","Neoptera","Holometabola","Diptera","Nematocera","Culicomorpha",,"Chironomidae","Orthocladiinae",,,"Parametriocnemus","sp.",,"larva",3,,3,100,3,"N","N","condition OK","Y",,"Weiderholm, 1983; Weiderholm, 1986; Epler 2001; Ferrington et al. 2019; Andersen, Cranston and Epler 2013","N","Rhithron Associates, Inc.","R. Spring",,
"b8335b83-7748-4dd5-af3a-a6c98e1c9e36","D08","MAYF","MAYF.AOS.reach","2019-07-29T12:44Z","2020-02-20","MAYF.20190729.SNAG.5","A00000083352",,"TANSP11","Y","Tanytarsus sp.",,"genus","Arthropoda","Hexapoda","Insecta","Pterygota","Neoptera","Holometabola","Diptera","Nematocera","Culicomorpha",,"Chironomidae","Chironominae","Tanytarsini",,"Tanytarsus","sp.",,"larva",1,,24,100,24,"N","N","condition OK","Y",,"Weiderholm, 1983; Weiderholm, 1986; Epler 2001; Ferrington et al. 2019; Andersen, Cranston and Epler 2013","N","Rhithron Associates, Inc.","A. Fasbender",,
"63e34898-3523-4200-9be6-1cb0b5a4635f","D08","MAYF","MAYF.AOS.reach","2019-07-29T12:44Z","2020-02-20","MAYF.20190729.SNAG.4","A00000083335",,"NEOSP30","Y","Neoplasta sp.",,"genus","Arthropoda","Hexapoda","Insecta","Pterygota","Neoptera","Holometabola","Diptera","Brachycera","Muscomorpha",,"Empididae","Hemerodromiinae","Hemerodromiini",,"Neoplasta","sp.",,"larva",2,,1,100,1,"N","N","condition OK","Y",,"Merritt et al. 2019","N","Rhithron Associates, Inc.","S. Sullivan",,
"c92e67d9-1f79-4918-9397-c28bf7f8550f","D08","MAYF","MAYF.AOS.reach","2019-07-29T12:44Z","2020-02-20","MAYF.20190729.SNAG.3","A00000083350",,"ORTSP1","Y","Orthocladiinae sp.",,"subfamily","Arthropoda","Hexapoda","Insecta","Pterygota","Neoptera","Holometabola","Diptera","Nematocera","Culicomorpha",,"Chironomidae","Orthocladiinae",,,,"sp.",,"pupa",1,,1,100,1,"N","N","damaged, affecting taxonomy and measurement","N",,"Weiderholm, 1983; Weiderholm, 1986; Epler 2001; Ferrington et al. 2019; Andersen, Cranston and Epler 2013","N","Rhithron Associates, Inc.","R. Spring",,
"e93f19c7-1736-4c0a-a54e-a8e578db4eb8","D08","MAYF","MAYF.AOS.reach","2019-07-29T12:44Z","2020-02-20","MAYF.20190729.SNAG.1","A00000083125",,"STESP6","Y","Stenelmis sp.",,"genus","Arthropoda","Hexapoda","Insecta","Pterygota","Neoptera","Holometabola","Coleoptera","Polyphaga","Elateriformia","Byrrhoidea","Elmidae","Elminae","Elmini",,"Stenelmis","sp.",,"larva",2,,4,100,4,"N","N","condition OK","N",,"Brown 1972; Merritt et al. 2019","N","Rhithron Associates, Inc.","S. Sullivan",,
"ce58b16d-c2db-4d5e-9f22-8b4b998c8753","D08","MAYF","MAYF.AOS.reach","2019-07-29T12:44Z","2020-02-20","MAYF.20190729.SNAG.1","A00000083125",,"HEPSP","Y","Heptageniidae sp.",,"family","Arthropoda","Hexapoda","Insecta","Pterygota","Palaeoptera",,"Ephemeroptera","Pisciforma",,"Heptagenioidea","Heptageniidae",,,,,"sp.",,"larva",2,,1,100,1,"N","N","damaged, affecting taxonomy and measurement","Y",,"Merritt et al. 2019","N","Rhithron Associates, Inc.","S. Sullivan","head",
"403420c6-8284-4867-bebd-6fbd3c325004","D08","MAYF","MAYF.AOS.reach","2019-07-29T12:44Z","2020-02-20","MAYF.20190729.CORE.2","A00000083334",,"TANSP8","Y","Tanytarsini sp.",,"tribe","Arthropoda","Hexapoda","Insecta","Pterygota","Neoptera","Holometabola","Diptera","Nematocera","Culicomorpha",,"Chironomidae","Chironominae","Tanytarsini",,,"sp.",,"pupa",2,,1,100,1,"N","N","damaged, affecting taxonomy and measurement","Y",,"Weiderholm, 1983; Weiderholm, 1986; Epler 2001; Ferrington et al. 2019; Andersen, Cranston and Epler 2013","N","Rhithron Associates, Inc.","R. Spring","cladotanytarsus?",
"d05d6b87-e849-448b-8999-6461901062db","D08","MAYF","MAYF.AOS.reach","2019-07-29T12:44Z","2020-02-20","MAYF.20190729.SNAG.2","A00000083142",,"ORTSP1","Y","Orthocladiinae sp.",,"subfamily","Arthropoda","Hexapoda","Insecta","Pterygota","Neoptera","Holometabola","Diptera","Nematocera","Culicomorpha",,"Chironomidae","Orthocladiinae",,,,"sp.",,"larva",1,,2,100,2,"Y","N","condition OK","N",,"Weiderholm, 1983; Weiderholm, 1986; Epler 2001; Ferrington et al. 2019; Andersen, Cranston and Epler 2013","N","Rhithron Associates, Inc.","B. Hayford",,
"1bcbd097-dd7b-4cb2-8653-c0e517ff0913","D08","MAYF","MAYF.AOS.reach","2019-07-29T12:44Z","2020-02-20","MAYF.20190729.SNAG.3","A00000083350",,"STEPER","Y","Stelechomyia perpulchra",,"species","Arthropoda","Hexapoda","Insecta","Pterygota","Neoptera","Holometabola","Diptera","Nematocera","Culicomorpha",,"Chironomidae","Chironominae","Chironomini",,"Stelechomyia","perpulchra",,"larva",4,,2,100,2,"N","N","condition OK","Y",,"Weiderholm, 1983; Weiderholm, 1986; Epler 2001; Ferrington et al. 2008; Andersen, Cranston and Epler 2013","N","Rhithron Associates, Inc.","R. Spring",,
"906ad542-b4f7-4dd6-aaf0-c745168e3b0b","D08","MAYF","MAYF.AOS.reach","2019-07-29T12:44Z","2020-02-20","MAYF.20190729.SNAG.5","A00000083352",,"LUMSP2","Y","Lumbriculidae sp.",,"family","Annelida","Clitellata","Oligochaeta","Oligochaeta",,,"Lumbriculida",,,,"Lumbriculidae",,,,,"sp.",,"none",2,,1,100,1,"Y","N","condition OK","Y",,"Kathman and Brinkhurst, 1999","N","Rhithron Associates, Inc.","A. Fasbender","w/o proboscis",
"b96728b3-962a-42c9-a42d-5885a60d9026","D08","MAYF","MAYF.AOS.reach","2019-07-29T12:44Z","2020-02-20","MAYF.20190729.SNAG.4","A00000083335",,"STESP6","Y","Stenelmis sp.",,"genus","Arthropoda","Hexapoda","Insecta","Pterygota","Neoptera","Holometabola","Coleoptera","Polyphaga","Elateriformia","Byrrhoidea","Elmidae","Elminae","Elmini",,"Stenelmis","sp.",,"larva",1,,1,100,1,"N","N","condition OK","Y",,"Brown 1972; Merritt et al. 2019","N","Rhithron Associates, Inc.","S. Sullivan",,
"65c33c89-6ce0-4641-826a-11393f92bd95","D08","MAYF","MAYF.AOS.reach","2019-07-29T12:44Z","2020-02-20","MAYF.20190729.SNAG.3","A00000083350",,"ENCSP1","Y","Enchytraeidae sp.",,"family","Annelida","Clitellata","Oligochaeta","Oligochaeta",,,"Enchytraeida",,,,"Enchytraeidae",,,,,"sp.",,"none",2,,6,100,6,"N","N","condition OK","Y",,"Kathman and Brinkhurst, 1999","N","Rhithron Associates, Inc.","A. Fasbender",,
"dc172f57-a3ee-4d6c-8ecb-25beb2da4243","D08","MAYF","MAYF.AOS.reach","2019-07-29T12:44Z","2020-02-20","MAYF.20190729.SNAG.2","A00000083142",,"TORSP6","Y","Torrenticola sp.",,"genus","Arthropoda","Chelicerata","Arachnida","Acari",,"Acariformes","Trombidiformes","Prostigmata",,"Lebertioidea","Torrenticolidae",,,,"Torrenticola","sp.",,"adult",1,,3,100,3,"N","N","condition OK","Y",,"Thorp and Rogers 2016","N","Rhithron Associates, Inc.","S. Sullivan",,
"63d5d581-9362-4811-aec3-34cfbd0b95c1","D08","MAYF","MAYF.AOS.reach","2019-07-29T12:44Z","2020-02-20","MAYF.20190729.SNAG.5","A00000083352",,"HYDSP5","Y","Hydroptilidae sp.",,"family","Arthropoda","Hexapoda","Insecta","Pterygota","Neoptera","Holometabola","Trichoptera",,,"Hydroptiloidea","Hydroptilidae",,,,,"sp.",,"larva",1,,1,100,1,"Y","N","condition OK","Y",,"Wiggins 1996; Merritt et al. 2019","N","Rhithron Associates, Inc.","S. Sullivan",,
"5c9d4bf4-e161-4e0d-9513-dc921c982325","D08","MAYF","MAYF.AOS.reach","2019-07-29T12:44Z","2020-02-20","MAYF.20190729.SNAG.4","A00000083335",,"ACASP1","Y","Acari sp.",,"subclass","Arthropoda","Chelicerata","Arachnida","Acari",,,,,,,,,,,,"sp.",,"adult",1,,1,100,1,"N","N","damaged, affecting taxonomy and measurement","Y",,"Thorp and Rogers 2016","N","Rhithron Associates, Inc.","S. Sullivan","Aturus?",
"384944be-1cad-4d1c-87ec-fa765f36aea6","D08","MAYF","MAYF.AOS.reach","2019-07-29T12:44Z","2020-02-20","MAYF.20190729.SNAG.1","A00000083125",,"LEBSP1","Y","Lebertia sp.",,"genus","Arthropoda","Chelicerata","Arachnida","Acari",,"Acariformes","Trombidiformes","Prostigmata",,"Lebertioidea","Lebertiidae",,,,"Lebertia","sp.",,"adult",1,,1,100,1,"N","N","condition OK","Y",,"Thorp and Rogers 2016","N","Rhithron Associates, Inc.","S. Sullivan",,
"e24ab95e-2bdf-45bc-bf76-c002e80b341d","D08","MAYF","MAYF.AOS.reach","2019-07-29T12:44Z","2020-02-20","MAYF.20190729.SNAG.4","A00000083335",,"ABLSP","Y","Ablabesmyia sp.",,"genus","Arthropoda","Hexapoda","Insecta","Pterygota","Neoptera","Holometabola","Diptera","Nematocera","Culicomorpha",,"Chironomidae","Tanypodinae","Pentaneurini",,"Ablabesmyia","sp.",,"larva",4,,1,100,1,"N","N","condition OK","Y",,"Weiderholm, 1983; Weiderholm, 1986; Epler 2001; Ferrington et al. 2019; Andersen, Cranston and Epler 2013","N","Rhithron Associates, Inc.","R. Spring",,
"6e1a82e8-082b-4df6-a910-705f92408a1f","D08","MAYF","MAYF.AOS.reach","2019-07-29T12:44Z","2020-02-20","MAYF.20190729.SNAG.5","A00000083352",,"LEUSP2","Y","Leuctridae sp.",,"family","Arthropoda","Hexapoda","Insecta","Pterygota","Neoptera","Polyneoptera","Plecoptera","Euholognatha",,,"Leuctridae",,,,,"sp.",,"larva",4,,20,100,20,"Y","N","condition OK","Y",,"Stewart and Stark 2002; Merritt et al. 2019","N","Rhithron Associates, Inc.","S. Sullivan",,
"394d2492-557b-43ab-891b-9ed8b4ec2d3e","D08","MAYF","MAYF.AOS.reach","2019-07-29T12:44Z","2020-02-20","MAYF.20190729.SNAG.3","A00000083350",,"RHESP1","Y","Rheocricotopus sp.",,"genus","Arthropoda","Hexapoda","Insecta","Pterygota","Neoptera","Holometabola","Diptera","Nematocera","Culicomorpha",,"Chironomidae","Orthocladiinae",,,"Rheocricotopus","sp.",,"larva",3,,1,100,1,"N","N","condition OK","Y",,"Weiderholm, 1983; Weiderholm, 1986; Epler 2001; Ferrington et al. 2019; Andersen, Cranston and Epler 2013","N","Rhithron Associates, Inc.","R. Spring",,
"b2197822-c4f1-4e19-879d-f27ecadbc092","D08","MAYF","MAYF.AOS.reach","2019-07-29T12:44Z","2020-02-20","MAYF.20190729.SNAG.2","A00000083142",,"TANSP11","Y","Tanytarsus sp.",,"genus","Arthropoda","Hexapoda","Insecta","Pterygota","Neoptera","Holometabola","Diptera","Nematocera","Culicomorpha",,"Chironomidae","Chironominae","Tanytarsini",,"Tanytarsus","sp.",,"larva",1,,8,100,8,"N","N","condition OK","Y",,"Weiderholm, 1983; Weiderholm, 1986; Epler 2001; Ferrington et al. 2019; Andersen, Cranston and Epler 2013","N","Rhithron Associates, Inc.","B. Hayford",,
"88494107-e7df-4558-a9f5-39a01338f067","D08","MAYF","MAYF.AOS.reach","2019-07-29T12:44Z","2020-02-20","MAYF.20190729.SNAG.2","A00000083142",,"STESP6","Y","Stenelmis sp.",,"genus","Arthropoda","Hexapoda","Insecta","Pterygota","Neoptera","Holometabola","Coleoptera","Polyphaga","Elateriformia","Byrrhoidea","Elmidae","Elminae","Elmini",,"Stenelmis","sp.",,"larva",1,,2,100,2,"N","N","condition OK","Y",,"Brown 1972; Merritt et al. 2019","N","Rhithron Associates, Inc.","S. Sullivan",,
"f5fb3738-142e-423c-89b0-8fba87e5db5e","D08","MAYF","MAYF.AOS.reach","2019-07-29T12:44Z","2020-02-20","MAYF.20190729.SNAG.1","A00000083125",,"PELSP4","Y","Peltoperla sp.",,"genus","Arthropoda","Hexapoda","Insecta","Pterygota","Neoptera","Polyneoptera","Plecoptera","Systellognatha",,,"Peltoperlidae","Peltoperlinae",,,"Peltoperla","sp.",,"larva",3,,1,100,1,"N","N","condition OK","Y",,"Stewart and Stark 2002; Merritt et al. 2019","N","Rhithron Associates, Inc.","S. Sullivan","Reference Collection(1)",
"acdc2962-904b-4056-8b62-93f3e824b5cb","D08","MAYF","MAYF.AOS.reach","2019-07-29T12:44Z","2020-02-20","MAYF.20190729.SNAG.1","A00000083125",,"LEUSP2","Y","Leuctridae sp.",,"family","Arthropoda","Hexapoda","Insecta","Pterygota","Neoptera","Polyneoptera","Plecoptera","Euholognatha",,,"Leuctridae",,,,,"sp.",,"larva",3,,13,100,13,"Y","N","condition OK","Y",,"Stewart and Stark 2002; Merritt et al. 2019","N","Rhithron Associates, Inc.","S. Sullivan",,
"cff999f2-fb44-43eb-b62c-431d94b9db9b","D08","MAYF","MAYF.AOS.reach","2019-07-29T12:44Z","2020-02-20","MAYF.20190729.SNAG.3","A00000083350",,"POLSP5","Y","Polycentropodidae sp.",,"family","Arthropoda","Hexapoda","Insecta","Pterygota","Neoptera","Holometabola","Trichoptera",,,"Hydropsychoidea","Polycentropodidae",,,,,"sp.",,"larva",1,,1,100,1,"Y","N","condition OK","Y",,"Flint 1994; Wiggins 1996; Merritt et al. 2019; Chamorro and Holzenthal 2011","N","Rhithron Associates, Inc.","S. Sullivan",,
"84a7b348-d113-4459-967d-99ac48752d2c","D08","MAYF","MAYF.AOS.reach","2019-07-29T12:44Z","2020-02-20","MAYF.20190729.SNAG.1","A00000083125",,"PARSP26","Y","Parametriocnemus sp.",,"genus","Arthropoda","Hexapoda","Insecta","Pterygota","Neoptera","Holometabola","Diptera","Nematocera","Culicomorpha",,"Chironomidae","Orthocladiinae",,,"Parametriocnemus","sp.",,"larva",4,,1,100,1,"N","N","condition OK","Y",,"Weiderholm, 1983; Weiderholm, 1986; Epler 2001; Ferrington et al. 2019; Andersen, Cranston and Epler 2013","N","Rhithron Associates, Inc.","B. Hayford",,
"d42d01ed-8123-408a-a38b-80d74d06b910","D08","MAYF","MAYF.AOS.reach","2019-07-29T12:44Z","2020-02-20","MAYF.20190729.SNAG.4","A00000083335",,"CORSP19","Y","Corynoneura sp.",,"genus","Arthropoda","Hexapoda","Insecta","Pterygota","Neoptera","Holometabola","Diptera","Nematocera","Culicomorpha",,"Chironomidae","Orthocladiinae",,,"Corynoneura","sp.",,"larva",2,,2,100,2,"N","N","condition OK","Y",,"Weiderholm, 1983; Weiderholm, 1986; Epler 2001; Ferrington et al. 2019; Andersen, Cranston and Epler 2013","N","Rhithron Associates, Inc.","R. Spring",,
"bf0be494-3093-4225-85c5-28379c596579","D08","MAYF","MAYF.AOS.reach","2019-07-29T12:44Z","2020-02-20","MAYF.20190729.SNAG.3","A00000083350",,"NEOSP30","Y","Neoplasta sp.",,"genus","Arthropoda","Hexapoda","Insecta","Pterygota","Neoptera","Holometabola","Diptera","Brachycera","Muscomorpha",,"Empididae","Hemerodromiinae","Hemerodromiini",,"Neoplasta","sp.",,"larva",1,,3,100,3,"N","N","condition OK","Y",,"Merritt et al. 2019","N","Rhithron Associates, Inc.","S. Sullivan",,
"9eaa3031-6986-4f61-b500-8ff90bae382a","D08","MAYF","MAYF.AOS.reach","2019-07-29T12:44Z","2020-02-20","MAYF.20190729.SNAG.4","A00000083335",,"ORISP1","Y","Oribatida sp.",,"suborder","Arthropoda","Chelicerata","Arachnida","Acari",,"Acariformes","Sarcoptiformes","Oribatida",,,,,,,,"sp.",,"adult",1,,3,100,3,"N","N","condition OK","Y",,"Thorp and Rogers 2016","N","Rhithron Associates, Inc.","S. Sullivan",,
"59bc2caa-94d1-462f-9183-d90504612aaf","D08","MAYF","MAYF.AOS.reach","2019-07-29T12:44Z","2020-02-20","MAYF.20190729.SNAG.3","A00000083350",,"THIGRO","Y","Thienemannimyia gr.",,"speciesGroup","Arthropoda","Hexapoda","Insecta","Pterygota","Neoptera","Holometabola","Diptera","Nematocera","Culicomorpha",,"Chironomidae","Tanypodinae","Pentaneurini",,"Thienemannimyia","gr.",,"larva",2,,4,100,4,"Y","N","condition OK","Y",,"Weiderholm, 1983; Weiderholm, 1986; Epler 2001; Ferrington et al. 2008; Andersen, Cranston and Epler 2017","N","Rhithron Associates, Inc.","R. Spring",,
"31d0b47a-25bf-44a5-b65a-d0fec2068661","D08","MAYF","MAYF.AOS.reach","2019-07-29T12:44Z","2020-02-20","MAYF.20190729.SNAG.3","A00000083350",,"LEPSP4","Y","Leptophlebiidae sp.",,"family","Arthropoda","Hexapoda","Insecta","Pterygota","Palaeoptera",,"Ephemeroptera","Furcatergalia","Lanceolata",,"Leptophlebiidae",,,,,"sp.",,"larva",2,,1,100,1,"Y","N","condition OK","Y",,"Merritt et al. 2019","N","Rhithron Associates, Inc.","S. Sullivan",,
"a26730ed-ec29-4cb1-afc9-256ef797c8d5","D08","MAYF","MAYF.AOS.reach","2019-07-29T12:44Z","2020-02-20","MAYF.20190729.SNAG.3","A00000083350",,"LUMSP2","Y","Lumbriculidae sp.",,"family","Annelida","Clitellata","Oligochaeta","Oligochaeta",,,"Lumbriculida",,,,"Lumbriculidae",,,,,"sp.",,"none",7,,4,100,4,"Y","N","condition OK","Y",,"Kathman and Brinkhurst, 1999","N","Rhithron Associates, Inc.","A. Fasbender","w/o proboscis",
"8156b988-53cd-416d-b8ac-540d2c276630","D08","MAYF","MAYF.AOS.reach","2019-07-29T12:44Z","2020-02-20","MAYF.20190729.SNAG.5","A00000083352",,"STEPER","Y","Stelechomyia perpulchra",,"species","Arthropoda","Hexapoda","Insecta","Pterygota","Neoptera","Holometabola","Diptera","Nematocera","Culicomorpha",,"Chironomidae","Chironominae","Chironomini",,"Stelechomyia","perpulchra",,"larva",1,,1,100,1,"N","N","condition OK","Y",,"Weiderholm, 1983; Weiderholm, 1986; Epler 2001; Ferrington et al. 2008; Andersen, Cranston and Epler 2013","N","Rhithron Associates, Inc.","A. Fasbender",,
"2b8417c3-da21-4a25-a49d-e543ed7d5bc2","D08","MAYF","MAYF.AOS.reach","2019-07-29T12:44Z","2020-02-20","MAYF.20190729.SNAG.5","A00000083352",,"EPHSP2","Y","Ephemeridae sp.",,"family","Arthropoda","Hexapoda","Insecta","Pterygota","Palaeoptera",,"Ephemeroptera","Furcatergalia","Scapphodonta","Ephemeroidea","Ephemeridae",,,,,"sp.",,"larva",2,,1,100,1,"Y","N","condition OK","Y",,"Merritt et al. 2019","N","Rhithron Associates, Inc.","S. Sullivan",,
"92f56992-5688-4a1d-bdf9-9d9490cc6a46","D08","MAYF","MAYF.AOS.reach","2019-07-29T12:44Z","2020-02-20","MAYF.20190729.SNAG.5","A00000083352",,"POLSCA","Y","Polypedilum scalaenum gr.",,"speciesGroup","Arthropoda","Hexapoda","Insecta","Pterygota","Neoptera","Holometabola","Diptera","Nematocera","Culicomorpha",,"Chironomidae","Chironominae","Chironomini",,"Polypedilum","scalaenum gr.",,"larva",1,,1,100,1,"N","N","condition OK","Y",,"Weiderholm, 1983; Weiderholm, 1986; Epler 2001; Ferrington et al. 2008; Andersen, Cranston and Epler 2018","N","Rhithron Associates, Inc.","A. Fasbender",,
"1bbbc4d2-543e-4ba0-8993-ff67d6958bf0","D08","MAYF","MAYF.AOS.reach","2019-07-29T12:44Z","2020-02-20","MAYF.20190729.SNAG.1","A00000083125",,"ACRSP4","Y","Acroneuria sp.",,"genus","Arthropoda","Hexapoda","Insecta","Pterygota","Neoptera","Polyneoptera","Plecoptera","Systellognatha",,,"Perlidae","Acroneuriinae","Acroneuriini",,"Acroneuria","sp.",,"larva",4,,1,100,1,"N","N","condition OK","Y",,"Stewart and Stark 2002; Merritt et al. 2019","N","Rhithron Associates, Inc.","S. Sullivan",,
"778db418-7c3a-47d9-ab37-0848c10ab77d","D08","MAYF","MAYF.AOS.reach","2019-07-29T12:44Z","2020-02-20","MAYF.20190729.SNAG.3","A00000083350",,"TORSP6","Y","Torrenticola sp.",,"genus","Arthropoda","Chelicerata","Arachnida","Acari",,"Acariformes","Trombidiformes","Prostigmata",,"Lebertioidea","Torrenticolidae",,,,"Torrenticola","sp.",,"adult",1,,5,100,5,"N","N","condition OK","Y",,"Thorp and Rogers 2016","N","Rhithron Associates, Inc.","S. Sullivan",,
"4b809495-f5e5-43cb-8f97-051b6d130758","D08","MAYF","MAYF.AOS.reach","2019-07-29T12:44Z","2020-02-20","MAYF.20190729.CORE.3","A00000083351",,"STESP6","Y","Stenelmis sp.",,"genus","Arthropoda","Hexapoda","Insecta","Pterygota","Neoptera","Holometabola","Coleoptera","Polyphaga","Elateriformia","Byrrhoidea","Elmidae","Elminae","Elmini",,"Stenelmis","sp.",,"larva",1,,4,100,4,"N","N","condition OK","Y",,"Brown 1972; Merritt et al. 2019","Y","Rhithron Associates, Inc.","S. Sullivan",,
"d36d71ca-00f9-472c-af32-c5f8e97fe5bf","D08","MAYF","MAYF.AOS.reach","2019-07-29T12:44Z","2020-02-20","MAYF.20190729.SNAG.5","A00000083352",,"EPHSP","Y","Ephemeroptera sp.",,"order","Arthropoda","Hexapoda","Insecta","Pterygota","Palaeoptera",,"Ephemeroptera",,,,,,,,,"sp.",,"larva",1,,1,100,1,"Y","N","condition OK","Y",,"Merritt et al. 2019","N","Rhithron Associates, Inc.","S. Sullivan","maybe Ephemerellidae??",
"e7e91bd8-ba08-4063-b17f-759215111375","D08","MAYF","MAYF.AOS.reach","2019-07-29T12:44Z","2020-02-20","MAYF.20190729.SNAG.4","A00000083335",,"CLASP6","Y","Cladotanytarsus sp.",,"genus","Arthropoda","Hexapoda","Insecta","Pterygota","Neoptera","Holometabola","Diptera","Nematocera","Culicomorpha",,"Chironomidae","Chironominae","Tanytarsini",,"Cladotanytarsus","sp.",,"larva",1,,1,100,1,"N","N","condition OK","Y",,"Weiderholm, 1983; Weiderholm, 1986; Epler 2001; Ferrington et al. 2019; Andersen, Cranston and Epler 2013","N","Rhithron Associates, Inc.","R. Spring",,
"717f8a94-b6c0-42f7-8aa2-bf09631f0a19","D08","MAYF","MAYF.AOS.reach","2019-07-29T12:44Z","2020-02-20","MAYF.20190729.CORE.2","A00000083334",,"ENCSP1","Y","Enchytraeidae sp.",,"family","Annelida","Clitellata","Oligochaeta","Oligochaeta",,,"Enchytraeida",,,,"Enchytraeidae",,,,,"sp.",,"none",2,,1,100,1,"N","N","condition OK","Y",,"Kathman and Brinkhurst, 1999","N","Rhithron Associates, Inc.","A. Fasbender",,
"0e408ae2-fe7a-4c10-a7ac-3546b900c6c8","D08","MAYF","MAYF.AOS.reach","2019-07-29T12:44Z","2020-02-20","MAYF.20190729.SNAG.2","A00000083142",,"STESP8","Y","Stenochironomus sp.",,"genus","Arthropoda","Hexapoda","Insecta","Pterygota","Neoptera","Holometabola","Diptera","Nematocera","Culicomorpha",,"Chironomidae","Chironominae","Chironomini",,"Stenochironomus","sp.",,"larva",3,,1,100,1,"N","N","condition OK","Y",,"Weiderholm, 1983; Weiderholm, 1986; Epler 2001; Ferrington et al. 2019; Andersen, Cranston and Epler 2013","N","Rhithron Associates, Inc.","B. Hayford",,
"f2efda6c-6f63-4bce-ad12-28ea0a366f1b","D08","MAYF","MAYF.AOS.reach","2019-07-29T12:44Z","2020-02-20","MAYF.20190729.SNAG.3","A00000083350",,"RHESP1","Y","Rheocricotopus sp.",,"genus","Arthropoda","Hexapoda","Insecta","Pterygota","Neoptera","Holometabola","Diptera","Nematocera","Culicomorpha",,"Chironomidae","Orthocladiinae",,,"Rheocricotopus","sp.",,"larva",1,,3,100,3,"N","N","condition OK","Y",,"Weiderholm, 1983; Weiderholm, 1986; Epler 2001; Ferrington et al. 2019; Andersen, Cranston and Epler 2013","N","Rhithron Associates, Inc.","R. Spring",,
"e07de455-2e2a-4adc-9aba-4e2819cbccbb","D08","MAYF","MAYF.AOS.reach","2019-07-29T12:44Z","2020-02-20","MAYF.20190729.SNAG.3","A00000083350",,"HEPSP","Y","Heptageniidae sp.",,"family","Arthropoda","Hexapoda","Insecta","Pterygota","Palaeoptera",,"Ephemeroptera","Pisciforma",,"Heptagenioidea","Heptageniidae",,,,,"sp.",,"larva",2,,1,100,1,"N","N","damaged, affecting taxonomy and measurement","Y",,"Merritt et al. 2019","N","Rhithron Associates, Inc.","S. Sullivan","head",
"447e9ed4-3017-486f-befd-af5ade122204","D08","MAYF","MAYF.AOS.reach","2019-07-29T12:44Z","2020-02-20","MAYF.20190729.SNAG.1","A00000083125",,"PARSP23","Y","Parachaetocladius sp.",,"genus","Arthropoda","Hexapoda","Insecta","Pterygota","Neoptera","Holometabola","Diptera","Nematocera","Culicomorpha",,"Chironomidae","Orthocladiinae",,,"Parachaetocladius","sp.",,"larva",4,,1,100,1,"N","N","condition OK","Y",,"Weiderholm, 1983; Weiderholm, 1986; Epler 2001; Ferrington et al. 2019; Andersen, Cranston and Epler 2013","N","Rhithron Associates, Inc.","B. Hayford",,
"615f362c-815b-4e21-8131-02782e23aef8","D08","MAYF","MAYF.AOS.reach","2019-07-29T12:44Z","2020-02-20","MAYF.20190729.SNAG.2","A00000083142",,"CORSP19","Y","Corynoneura sp.",,"genus","Arthropoda","Hexapoda","Insecta","Pterygota","Neoptera","Holometabola","Diptera","Nematocera","Culicomorpha",,"Chironomidae","Orthocladiinae",,,"Corynoneura","sp.",,"pupa",1,,1,100,1,"N","N","condition OK","N",,"Weiderholm, 1983; Weiderholm, 1986; Epler 2001; Ferrington et al. 2019; Andersen, Cranston and Epler 2013","N","Rhithron Associates, Inc.","B. Hayford",,
"45a9b3d7-e672-4a55-9270-80d35d810fa5","D08","MAYF","MAYF.AOS.reach","2019-07-29T12:44Z","2020-02-20","MAYF.20190729.SNAG.5","A00000083352",,"CERSP10","Y","Ceratopogoninae sp.",,"subfamily","Arthropoda","Hexapoda","Insecta","Pterygota","Neoptera","Holometabola","Diptera","Nematocera","Culicomorpha",,"Ceratopogonidae","Ceratopogoninae",,,,"sp.",,"larva",1,,1,100,1,"N","N","condition OK","Y",,"Merritt et al. 2019","N","Rhithron Associates, Inc.","S. Sullivan",,
"5b1d02fd-8909-46b9-802e-b50d73e217a8","D08","MAYF","MAYF.AOS.reach","2019-07-29T12:44Z","2020-02-20","MAYF.20190729.SNAG.4","A00000083335",,"ANISP1","Y","Anisoptera sp.",,"suborder","Arthropoda","Hexapoda","Insecta","Pterygota","Palaeoptera",,"Odonata","Anisoptera",,,,,,,,"sp.",,"larva",2,,1,100,1,"Y","N","condition OK","Y",,"Needham et al. 2000; Merritt et al. 2019; Tennessen 2019","N","Rhithron Associates, Inc.","S. Sullivan","VERY EARLY",
"206974a8-6f7c-474c-8fcc-2ac46c97da46","D08","MAYF","MAYF.AOS.reach","2019-07-29T12:44Z","2020-02-20","MAYF.20190729.SNAG.2","A00000083142",,"CHISP6","Y","Chironomini sp.",,"tribe","Arthropoda","Hexapoda","Insecta","Pterygota","Neoptera","Holometabola","Diptera","Nematocera","Culicomorpha",,"Chironomidae","Chironominae","Chironomini",,,"sp.",,"larva",1,,2,100,2,"Y","N","condition OK","N",,"Weiderholm, 1983; Weiderholm, 1986; Epler 2001; Ferrington et al. 2019; Andersen, Cranston and Epler 2013","N","Rhithron Associates, Inc.","B. Hayford",,
"b89a7f2f-5bc7-4ee8-859e-e633164b23fc","D08","MAYF","MAYF.AOS.reach","2019-07-29T12:44Z","2020-02-20","MAYF.20190729.SNAG.2","A00000083142",,"THIGRO","Y","Thienemannimyia gr.",,"speciesGroup","Arthropoda","Hexapoda","Insecta","Pterygota","Neoptera","Holometabola","Diptera","Nematocera","Culicomorpha",,"Chironomidae","Tanypodinae","Pentaneurini",,"Thienemannimyia","gr.",,"larva",1,,2,100,2,"Y","N","condition OK","Y",,"Weiderholm, 1983; Weiderholm, 1986; Epler 2001; Ferrington et al. 2008; Andersen, Cranston and Epler 2017","N","Rhithron Associates, Inc.","B. Hayford",,
"9e1d2dcc-9994-4e37-8aa9-25c1efbc8c25","D08","MAYF","MAYF.AOS.reach","2019-07-29T12:44Z","2020-02-20","MAYF.20190729.SNAG.4","A00000083335",,"TANSP11","Y","Tanytarsus sp.",,"genus","Arthropoda","Hexapoda","Insecta","Pterygota","Neoptera","Holometabola","Diptera","Nematocera","Culicomorpha",,"Chironomidae","Chironominae","Tanytarsini",,"Tanytarsus","sp.",,"larva",1,,2,100,2,"N","N","condition OK","Y",,"Weiderholm, 1983; Weiderholm, 1986; Epler 2001; Ferrington et al. 2019; Andersen, Cranston and Epler 2013","N","Rhithron Associates, Inc.","R. Spring",,
"bff6d04e-047f-485c-9934-52e48d686756","D08","MAYF","MAYF.AOS.reach","2019-07-29T12:44Z","2020-02-20","MAYF.20190729.SNAG.5","A00000083352",,"HYGSP","Y","Hygrobatidae sp.",,"family","Arthropoda","Chelicerata","Arachnida","Acari",,"Acariformes","Trombidiformes","Prostigmata",,"Hygrobatoidea","Hygrobatidae",,,,,"sp.",,"larva",1,,1,100,1,"N","N","condition OK","Y",,"Thorp and Rogers 2016","N","Rhithron Associates, Inc.","S. Sullivan",,
