uid,domainID,siteID,namedLocation,decimalLatitude,decimalLongitude,coordinateUncertainty,geodeticDatum,elevation,elevationUncertainty,aquaticSiteType,collectDate,eventID,boutNumber,sampleID,sampleCode,sampleCondition,geneticSampleID,geneticSampleCode,geneticSampleCond,samplingProtocolVersion,samplingImpractical,biophysicalCriteria,habitatType,samplerType,sampleNumber,substratumSizeClass,benthicArea,ponarDepth,snagLength,snagDiameter,dnaSnagLength,dnaSnagDiameter,remarks,recordedBy,collectedBy,dataQF
"a2ca8e5a-0d33-4ca9-9f63-eb77ed801bfd","D18","OKSR","OKSR.AOS.reach",68.669753,-149.143018,1000.0,"WGS84",766.0,1000.0,"stream","2020-05-26T20:02Z","OKSR.20200526",1,,,,,,,"NEON.DOC.003046vE","logistical","unknown - logistical","riffle",,3,,,,,,,,"Observatory closure due to COVID-19","0000-0003-1651-3911",,
"591323c6-53fb-4071-83c3-f0db1ff38d8e","D18","OKSR","OKSR.AOS.reach",68.669753,-149.143018,1000.0,"WGS84",766.0,1000.0,"stream","2020-05-26T20:02Z","OKSR.20200526",1,,,,,,,"NEON.DOC.003046vE","logistical","unknown - logistical","run",,5,,,,,,,,"Observatory closure due to COVID-19","0000-0003-1651-3911",,
"7108950f-3f24-4e3f-82eb-fb91f69686c9","D18","OKSR","OKSR.AOS.reach",68.669753,-149.143018,1000.0,"WGS84",766.0,1000.0,"stream","2020-05-26T20:02Z","OKSR.20200526",1,,,,,,,"NEON.DOC.003046vE","logistical","unknown - logistical","run",,4,,,,,,,,"Observatory closure due to COVID-19","0000-0003-1651-3911",,
"b8ebd10d-202b-465d-9585-f43aa5350351","D18","OKSR","OKSR.AOS.reach",68.669753,-149.143018,1000.0,"WGS84",766.0,1000.0,"stream","2020-05-26T20:02Z","OKSR.20200526",1,,,,,,,"NEON.DOC.003046vE","logistical","unknown - logistical","run",,2,,,,,,,,"Observatory closure due to COVID-19","0000-0003-1651-3911",,
"3ad69b8c-a4fd-48f7-82a2-5b6edf17e20e","D18","OKSR","OKSR.AOS.reach",68.669753,-149.143018,1000.0,"WGS84",766.0,1000.0,"stream","2020-05-26T20:02Z","OKSR.20200526",1,,,,,,,"NEON.DOC.003046vE","logistical","unknown - logistical","riffle",,2,,,,,,,,"Observatory closure due to COVID-19","0000-0003-1651-3911",,
"e5304fd8-c14b-4520-960b-251f6136d93a","D18","OKSR","OKSR.AOS.reach",68.669753,-149.143018,1000.0,"WGS84",766.0,1000.0,"stream","2020-05-26T20:02Z","OKSR.20200526",1,,,,,,,"NEON.DOC.003046vE","logistical","unknown - logistical","run",,1,,,,,,,,"Observatory closure due to COVID-19","0000-0003-1651-3911",,
"d5088461-81d3-483a-affe-016eec547116","D18","OKSR","OKSR.AOS.reach",68.669753,-149.143018,1000.0,"WGS84",766.0,1000.0,"stream","2020-05-26T20:02Z","OKSR.20200526",1,,,,,,,"NEON.DOC.003046vE","logistical","unknown - logistical","riffle",,1,,,,,,,,"Observatory closure due to COVID-19","0000-0003-1651-3911",,
"a444921c-3cfb-4df9-a442-40a42bdce87c","D18","OKSR","OKSR.AOS.reach",68.669753,-149.143018,1000.0,"WGS84",766.0,1000.0,"stream","2020-05-26T20:02Z","OKSR.20200526",1,,,,,,,"NEON.DOC.003046vE","logistical","unknown - logistical","run",,3,,,,,,,,"Observatory closure due to COVID-19","0000-0003-1651-3911",,
