uid,domainID,siteID,namedLocation,decimalLatitude,decimalLongitude,coordinateUncertainty,geodeticDatum,elevation,elevationUncertainty,aquaticSiteType,collectDate,eventID,boutNumber,sampleID,sampleCode,sampleCondition,geneticSampleID,geneticSampleCode,geneticSampleCond,samplingProtocolVersion,samplingImpractical,biophysicalCriteria,habitatType,samplerType,sampleNumber,substratumSizeClass,benthicArea,ponarDepth,snagLength,snagDiameter,dnaSnagLength,dnaSnagDiameter,remarks,recordedBy,collectedBy,dataQF
"505ce5ca-203c-4a95-9496-504f7dde4638","D08","MAYF","MAYF.AOS.reach",32.960365,-87.407688,1000.0,"WGS84",76.7,1000.0,"stream","2020-06-01T17:03Z","MAYF.20200601",1,,,,,,,"NEON.DOC.003046vE","logistical","unknown - logistical","riffle",,7,,,,,,,,"Cancelled - COVID 19 closure (INC0037305)","0000-0003-0236-373X",,
"950ddea2-74f0-4135-bbb5-ed8895d3b8ef","D08","MAYF","MAYF.AOS.reach",32.960365,-87.407688,1000.0,"WGS84",76.7,1000.0,"stream","2020-06-01T17:03Z","MAYF.20200601",1,,,,,,,"NEON.DOC.003046vE","logistical","unknown - logistical","riffle",,6,,,,,,,,"Cancelled - COVID 19 closure (INC0037305)","0000-0003-0236-373X",,
"d5d20dbd-249c-418c-9e40-a23a94e6cacf","D08","MAYF","MAYF.AOS.reach",32.960365,-87.407688,1000.0,"WGS84",76.7,1000.0,"stream","2020-06-01T17:03Z","MAYF.20200601",1,,,,,,,"NEON.DOC.003046vE","logistical","unknown - logistical","riffle",,3,,,,,,,,"Cancelled - COVID 19 closure (INC0037305)","0000-0003-0236-373X",,
"80b2be64-82bf-4a10-9eac-ffbb21733ddc","D08","MAYF","MAYF.AOS.reach",32.960365,-87.407688,1000.0,"WGS84",76.7,1000.0,"stream","2020-06-01T17:03Z","MAYF.20200601",1,,,,,,,"NEON.DOC.003046vE","logistical","unknown - logistical","riffle",,1,,,,,,,,"Cancelled - COVID 19 closure (INC0037305)","0000-0003-0236-373X",,
"c999194c-e433-4899-b4ad-465eda31f12e","D08","MAYF","MAYF.AOS.reach",32.960365,-87.407688,1000.0,"WGS84",76.7,1000.0,"stream","2020-06-01T17:03Z","MAYF.20200601",1,,,,,,,"NEON.DOC.003046vE","logistical","unknown - logistical","riffle",,5,,,,,,,,"Cancelled - COVID 19 closure (INC0037305)","0000-0003-0236-373X",,
"b9f12afb-3400-4935-8148-f175c9197ab2","D08","MAYF","MAYF.AOS.reach",32.960365,-87.407688,1000.0,"WGS84",76.7,1000.0,"stream","2020-06-01T17:03Z","MAYF.20200601",1,,,,,,,"NEON.DOC.003046vE","logistical","unknown - logistical","riffle",,8,,,,,,,,"Cancelled - COVID 19 closure (INC0037305)","0000-0003-0236-373X",,
"bc62eb90-b472-48bd-913c-55c417991472","D08","MAYF","MAYF.AOS.reach",32.960365,-87.407688,1000.0,"WGS84",76.7,1000.0,"stream","2020-06-01T17:03Z","MAYF.20200601",1,,,,,,,"NEON.DOC.003046vE","logistical","unknown - logistical","riffle",,2,,,,,,,,"Cancelled - COVID 19 closure (INC0037305)","0000-0003-0236-373X",,
"f9b2a8c0-6cc2-45dd-830d-23fe17ed48b2","D08","MAYF","MAYF.AOS.reach",32.960365,-87.407688,1000.0,"WGS84",76.7,1000.0,"stream","2020-06-01T17:03Z","MAYF.20200601",1,,,,,,,"NEON.DOC.003046vE","logistical","unknown - logistical","riffle",,4,,,,,,,,"Cancelled - COVID 19 closure (INC0037305)","0000-0003-0236-373X",,
"f3df1186-4010-4e8b-90fc-27fe965dc3b4","D08","MAYF","MAYF.AOS.reach",32.960365,-87.407688,1000.0,"WGS84",76.7,1000.0,"stream","2020-06-01T20:47Z","MAYF.20200601",1,,,,,,,"NEON.DOC.003046vE","logistical","unknown - logistical","riffle",,7,,,,,,,,"Canceled due to COVID","0000-0003-0236-373X",,
"b14764c6-dd35-4cac-9a8e-cb3f0d029a65","D08","MAYF","MAYF.AOS.reach",32.960365,-87.407688,1000.0,"WGS84",76.7,1000.0,"stream","2020-06-01T20:47Z","MAYF.20200601",1,,,,,,,"NEON.DOC.003046vE","logistical","unknown - logistical","riffle",,5,,,,,,,,"Canceled due to COVID","0000-0003-0236-373X",,
"2d627588-aca4-4d00-bb36-973b005a94ce","D08","MAYF","MAYF.AOS.reach",32.960365,-87.407688,1000.0,"WGS84",76.7,1000.0,"stream","2020-06-01T20:47Z","MAYF.20200601",1,,,,,,,"NEON.DOC.003046vE","logistical","unknown - logistical","riffle",,6,,,,,,,,"Canceled due to COVID","0000-0003-0236-373X",,
"e9d7f4f6-e886-4f8d-a49d-a48347a6e43a","D08","MAYF","MAYF.AOS.reach",32.960365,-87.407688,1000.0,"WGS84",76.7,1000.0,"stream","2020-06-01T20:47Z","MAYF.20200601",1,,,,,,,"NEON.DOC.003046vE","logistical","unknown - logistical","riffle",,4,,,,,,,,"Canceled due to COVID","0000-0003-0236-373X",,
"04b52c39-ff93-4d1f-816d-4449318910f2","D08","MAYF","MAYF.AOS.reach",32.960365,-87.407688,1000.0,"WGS84",76.7,1000.0,"stream","2020-06-01T20:47Z","MAYF.20200601",1,,,,,,,"NEON.DOC.003046vE","logistical","unknown - logistical","riffle",,3,,,,,,,,"Canceled due to COVID","0000-0003-0236-373X",,
"2c0b7b79-8517-4337-94be-6309b73d5ad1","D08","MAYF","MAYF.AOS.reach",32.960365,-87.407688,1000.0,"WGS84",76.7,1000.0,"stream","2020-06-01T20:47Z","MAYF.20200601",1,,,,,,,"NEON.DOC.003046vE","logistical","unknown - logistical","riffle",,2,,,,,,,,"Canceled due to COVID","0000-0003-0236-373X",,
"f97b9a29-b0d5-494d-9f21-a50d266eee9c","D08","MAYF","MAYF.AOS.reach",32.960365,-87.407688,1000.0,"WGS84",76.7,1000.0,"stream","2020-06-01T20:47Z","MAYF.20200601",1,,,,,,,"NEON.DOC.003046vE","logistical","unknown - logistical","riffle",,8,,,,,,,,"Canceled due to COVID","0000-0003-0236-373X",,
"3ce4354f-3bf2-4f93-bddf-b7ed413b64cc","D08","MAYF","MAYF.AOS.reach",32.960365,-87.407688,1000.0,"WGS84",76.7,1000.0,"stream","2020-06-01T20:47Z","MAYF.20200601",1,,,,,,,"NEON.DOC.003046vE","logistical","unknown - logistical","riffle",,1,,,,,,,,"Cancelled COVID 19 closure (INC0037305)","0000-0003-0236-373X",,
