uid,domainID,siteID,namedLocation,decimalLatitude,decimalLongitude,coordinateUncertainty,geodeticDatum,elevation,elevationUncertainty,aquaticSiteType,collectDate,eventID,boutNumber,sampleID,sampleCode,sampleCondition,geneticSampleID,geneticSampleCode,geneticSampleCond,samplingProtocolVersion,samplingImpractical,biophysicalCriteria,habitatType,samplerType,sampleNumber,substratumSizeClass,benthicArea,ponarDepth,snagLength,snagDiameter,dnaSnagLength,dnaSnagDiameter,remarks,recordedBy,collectedBy,dataQF
"320a8c14-473a-460f-9aed-49956bd54682","D08","MAYF","MAYF.AOS.reach",32.960365,-87.407688,1000.0,"WGS84",76.7,1000.0,"stream","2017-03-14T14:11Z","MAYF.20170314",1,"MAYF.20170314.SNAG.5",,,,,,"NEON.DOC.003046vB",,,"run","snag",5,"sand",0.035,,45.00,2.50,,,,"kbrown@neoninc.org","churak@battelleecology.org",
"62c47726-6091-4cbb-8771-ef41b82db4d0","D08","MAYF","MAYF.AOS.reach",32.960365,-87.407688,1000.0,"WGS84",76.7,1000.0,"stream","2017-03-14T14:11Z","MAYF.20170314",1,"MAYF.20170314.CORE.1",,,,,,"NEON.DOC.003046vB",,,"run","core",1,"sand",0.006,,,,,,,"kbrown@neoninc.org","churak@battelleecology.org",
"35868c77-4fdd-4380-8080-434a2c85250a","D08","MAYF","MAYF.AOS.reach",32.960365,-87.407688,1000.0,"WGS84",76.7,1000.0,"stream","2017-03-14T14:11Z","MAYF.20170314",1,"MAYF.20170314.CORE.2",,,,,,"NEON.DOC.003046vB",,,"run","core",2,"sand",0.006,,,,,,,"kbrown@neoninc.org","churak@battelleecology.org",
"09107e08-4134-4a09-82eb-e73e64b6b3e6","D08","MAYF","MAYF.AOS.reach",32.960365,-87.407688,1000.0,"WGS84",76.7,1000.0,"stream","2017-03-14T14:11Z","MAYF.20170314",1,"MAYF.20170314.SNAG.3",,,,,,"NEON.DOC.003046vB",,,"run","snag",3,"sand",0.133,,53.00,8.00,,,,"kbrown@neoninc.org","churak@battelleecology.org",
"39ca75e6-d18a-460f-8400-92877d2239a4","D08","MAYF","MAYF.AOS.reach",32.960365,-87.407688,1000.0,"WGS84",76.7,1000.0,"stream","2017-03-14T14:11Z","MAYF.20170314",1,"MAYF.20170314.CORE.3",,,,,,"NEON.DOC.003046vB",,,"run","core",3,"sand",0.006,,,,,,,"kbrown@neoninc.org","churak@battelleecology.org",
"7b513940-040d-4564-9d99-ea2f05687f44","D08","MAYF","MAYF.AOS.reach",32.960365,-87.407688,1000.0,"WGS84",76.7,1000.0,"stream","2017-03-14T14:11Z","MAYF.20170314",1,"MAYF.20170314.SNAG.4",,,,,,"NEON.DOC.003046vB",,,"run","snag",4,"sand",0.074,,39.00,6.00,,,,"kbrown@neoninc.org","churak@battelleecology.org",
"3a179505-4511-4443-bf57-a614684cc61b","D08","MAYF","MAYF.AOS.reach",32.960365,-87.407688,1000.0,"WGS84",76.7,1000.0,"stream","2017-03-14T14:11Z","MAYF.20170314",1,"MAYF.20170314.SNAG.2",,,,,,"NEON.DOC.003046vB",,,"run","snag",2,"sand",0.029,,30.50,3.00,,,,"kbrown@neoninc.org","churak@battelleecology.org",
"693e3e44-fc98-4b0e-be2c-f7facae0348b","D08","MAYF","MAYF.AOS.reach",32.960365,-87.407688,1000.0,"WGS84",76.7,1000.0,"stream","2017-03-14T14:11Z","MAYF.20170314",1,"MAYF.20170314.SNAG.1",,,,,,"NEON.DOC.003046vB",,,"run","snag",1,"sand",0.069,,44.00,5.00,,,,"kbrown@neoninc.org","churak@battelleecology.org",
