uid,domainID,siteID,namedLocation,collectDate,identifiedDate,sampleID,sampleCode,slideID,taxonID,targetTaxaPresent,scientificName,morphospeciesID,taxonRank,phylum,subphylum,class,subclass,infraclass,superorder,order,suborder,infraorder,superfamily,family,subfamily,tribe,subtribe,genus,specificEpithet,infraspecificEpithet,invertebrateLifeStage,sizeClass,sizeCategory,individualCount,subsamplePercent,estimatedTotalCount,immatureSpecimen,indeterminateSpecies,sampleCondition,distinctTaxon,taxonDatabaseID,taxonDatabaseName,identificationQualifier,identificationReferences,qcChecked,laboratoryName,identifiedBy,identificationRemarks,dataQF
"078182f8-2722-4e27-9f29-6f4b05ce51e1","D08","MAYF","MAYF.AOS.reach","2017-03-14T14:11Z","2017-06-09","MAYF.20170314.SNAG.4",,,"POLILL","Y","Polypedilum illinoense gr.",,,"Arthropoda","Hexapoda",,,,,"Diptera","Nematocera",,,"Chironomidae","Chironominae","Chironomini",,,"illinoense gr.",,"larva",1,,1,100,1,"N","N","condition OK","Y",,,,"Epler 2001; Maschwitz and Cook 2000","N","EcoAnalysts Inc.","G. Wallace",,
"fa071bdb-7fa7-4303-87a9-a01779c0c3fe","D08","MAYF","MAYF.AOS.reach","2017-03-14T14:11Z","2017-11-19","MAYF.20170314.SNAG.1",,,"CERSP10","Y","Ceratopogoninae sp.",,,"Arthropoda","Hexapoda",,,,,"Diptera","Nematocera",,,"Ceratopogonidae","Ceratopogoninae",,,,,,"larva",3,,1,100,1,"Y","N","condition OK","Y","127338","ITIS",,"Merritt and Cummins 2008","N","EcoAnalysts Inc.","C. Fishel",,
"b5310cdc-cbe7-4107-97b1-43f674779f0b","D08","MAYF","MAYF.AOS.reach","2017-03-14T14:11Z","2017-06-09","MAYF.20170314.SNAG.4",,,"TANSP8","Y","Tanytarsini sp.",,,"Arthropoda","Hexapoda",,,,,"Diptera","Nematocera",,,"Chironomidae","Chironominae","Tanytarsini",,,,,"larva",1,,1,100,1,"N","N","condition OK","N","129872","ITIS",,"Epler 2001","N","EcoAnalysts Inc.","G. Wallace",,
"d7db7c18-1f01-42d9-b693-3275e669a51b","D08","MAYF","MAYF.AOS.reach","2017-03-14T14:11Z","2017-11-01","MAYF.20170314.CORE.2",,,"NAISP","Y","Naididae sp.","tubificoid Naididae w/o cap setae",,"Annelida",,"Oligochaeta","Oligochaeta",,,"Tubificida",,,,"Naididae","tubificoid Naididae",,,,,,"larva",1,,1,100,1,"N","N","condition OK","Y","68585","ITIS",,"Kathman and Brinkhurst 1998","N","EcoAnalysts Inc.","C. Fishel",,
"abe0ec3a-fc6d-46e9-ba8c-5f21c448e904","D08","MAYF","MAYF.AOS.reach","2017-03-14T14:11Z","2017-11-01","MAYF.20170314.SNAG.3",,,"NAISP","Y","Naididae sp.","tubificoid Naididae w/ cap setae",,"Annelida",,"Oligochaeta","Oligochaeta",,,"Tubificida",,,,"Naididae","tubificoid Naididae",,,,,,"larva",2,,1,100,1,"N","N","condition OK","Y","68585","ITIS",,"Kathman and Brinkhurst 1999","N","EcoAnalysts Inc.","C. Fishel",,
"c94fe858-6e95-431c-8e02-d7eab8d5aa7d","D08","MAYF","MAYF.AOS.reach","2017-03-14T14:11Z","2017-06-09","MAYF.20170314.SNAG.5",,,"STESP10","Y","Stempellinella sp.",,,"Arthropoda","Hexapoda",,,,,"Diptera","Nematocera",,,"Chironomidae","Chironominae","Tanytarsini",,,,,"larva",1,,1,100,1,"N","N","condition OK","Y","129969","ITIS",,"Epler 2001","N","EcoAnalysts Inc.","G. Wallace",,
"506c567d-e5ae-4c86-a826-49ccc366796d","D08","MAYF","MAYF.AOS.reach","2017-03-14T14:11Z","2017-11-17","MAYF.20170314.SNAG.2",,,"ARGSP5","Y","Argia sp.",,,"Arthropoda","Hexapoda",,,,,"Odonata","Zygoptera",,,"Coenagrionidae",,,,,,,"larva",3,,1,100,1,"N","N","condition OK","Y","102139","ITIS",,"Needham Westfall and May 2000","N","EcoAnalysts Inc.","C. Fishel",,
"82169ace-6aab-444f-83df-7c2c9fad40fe","D08","MAYF","MAYF.AOS.reach","2017-03-14T14:11Z","2017-06-13","MAYF.20170314.SNAG.5",,,"XYLPAR","Y","Xylotopus par",,,"Arthropoda","Hexapoda",,,,,"Diptera","Nematocera",,,"Chironomidae","Orthocladiinae",,,,"par",,"larva",1,,1,100,1,"N","N","condition OK","Y","129209","ITIS",,"Epler 2001","N","EcoAnalysts Inc.","G. Wallace",,
"fc6e736c-3316-48fa-9362-e08224b5e235","D08","MAYF","MAYF.AOS.reach","2017-03-14T14:11Z","2017-11-19","MAYF.20170314.SNAG.1",,,"NEUSP4","Y","Neumania sp.",,,"Arthropoda","Chelicerata","Acari","Acari",,"Acariformes","Trombidiformes",,,,"Unionicolidae",,,,,,,"larva",1,,1,100,1,"N","N","condition OK","Y","83103","ITIS",,"Thorp and Covich 2001","N","EcoAnalysts Inc.","C. Fishel",,
"692ba0b9-5cec-4e97-82ff-f4e9019e628e","D08","MAYF","MAYF.AOS.reach","2017-03-14T14:11Z","2017-06-09","MAYF.20170314.SNAG.4",,,"POLSCA","Y","Polypedilum scalaenum gr.",,,"Arthropoda","Hexapoda",,,,,"Diptera","Nematocera",,,"Chironomidae","Chironominae","Chironomini",,,"scalaenum gr.",,"larva",1,,2,100,2,"N","N","condition OK","Y",,,,"Epler 2001; Maschwitz and Cook 2000","N","EcoAnalysts Inc.","G. Wallace",,
"9e8dc649-15f9-45e1-827e-6de0e9a2acc6","D08","MAYF","MAYF.AOS.reach","2017-03-14T14:11Z","2017-06-09","MAYF.20170314.SNAG.4",,,"HYDSP52","Y","Hydrosmittia sp.",,,"Arthropoda","Hexapoda",,,,,"Diptera","Nematocera",,,"Chironomidae","Orthocladiinae",,,,,,"larva",1,,1,100,1,"N","N","condition OK","Y",,,,"Anderson et al. 2013","N","EcoAnalysts Inc.","G. Wallace",,
"098fef98-480e-47ed-9a04-c7eec7ba0268","D08","MAYF","MAYF.AOS.reach","2017-03-14T14:11Z","2017-06-09","MAYF.20170314.CORE.2",,,"PARSP31","Y","Paracladopelma sp.",,,"Arthropoda","Hexapoda",,,,,"Diptera","Nematocera",,,"Chironomidae","Chironominae","Chironomini",,,,,"larva",2,,1,100,1,"N","N","condition OK","Y","129597","ITIS",,"Epler 2001; Maschwitz and Cook 2000","N","EcoAnalysts Inc.","G. Wallace",,
"5c5ca60c-8e4f-4308-b2da-70b8da32101c","D08","MAYF","MAYF.AOS.reach","2017-03-14T14:11Z","2017-11-01","MAYF.20170314.SNAG.4",,,"PRISP1","Y","Pristina sp.",,,"Annelida",,"Oligochaeta","Oligochaeta",,,"Tubificida",,,,"Naididae",,,,,,,"larva",1,,1,100,1,"N","Y","condition OK","Y","68876","ITIS",,"Kathman and Brinkhurst 1998","N","EcoAnalysts Inc.","C. Fishel",,
"5ef9013e-5d0a-4f44-9a58-58bacbef7ccf","D08","MAYF","MAYF.AOS.reach","2017-03-14T14:11Z","2017-11-17","MAYF.20170314.SNAG.2",,,"LEUSP2","Y","Leuctridae sp.",,,"Arthropoda","Hexapoda","Pterygota","Pterygota","Neoptera",,"Plecoptera",,,,"Leuctridae",,,,,,,"larva",2,,3,100,3,"Y","N","condition OK","Y","102840","ITIS",,"Stewart and Stark 2003","N","EcoAnalysts Inc.","C. Fishel",,
"09b337dd-ee1b-46ca-903c-2a968381a721","D08","MAYF","MAYF.AOS.reach","2017-03-14T14:11Z","2017-11-01","MAYF.20170314.SNAG.3",,,"ENCSP1","Y","Enchytraeidae sp.",,,"Annelida",,"Oligochaeta","Oligochaeta",,,"Enchytraeida",,,,"Enchytraeidae",,,,,,,"larva",3,,3,100,3,"N","N","condition OK","Y","68510","ITIS",,"Kathman and Brinkhurst 1999","N","EcoAnalysts Inc.","C. Fishel",,
"86460522-d671-47c4-9999-e5b860587afb","D08","MAYF","MAYF.AOS.reach","2017-03-14T14:11Z","2017-11-20","MAYF.20170314.SNAG.5",,,"LEUSP2","Y","Leuctridae sp.",,,"Arthropoda","Hexapoda","Pterygota","Pterygota","Neoptera",,"Plecoptera",,,,"Leuctridae",,,,,,,"larva",1,,2,100,2,"Y","N","condition OK","Y","102840","ITIS",,"Stewart and Stark 2003","N","EcoAnalysts Inc.","C. Fishel",,
"b0b6807a-a3d6-4f70-8aed-3c6125ccd595","D08","MAYF","MAYF.AOS.reach","2017-03-14T14:11Z","2017-06-09","MAYF.20170314.SNAG.4",,,"RHESP1","Y","Rheocricotopus sp.",,,"Arthropoda","Hexapoda",,,,,"Diptera","Nematocera",,,"Chironomidae","Orthocladiinae",,,,,,"larva",1,,1,100,1,"N","N","condition OK","Y","129086","ITIS",,"Epler 2001","N","EcoAnalysts Inc.","G. Wallace",,
"62d10d81-7f71-4058-8940-303119d152c8","D08","MAYF","MAYF.AOS.reach","2017-03-14T14:11Z","2017-11-19","MAYF.20170314.SNAG.1",,,"ERISP11","Y","Eriopterini sp.",,,"Arthropoda","Hexapoda",,,,,"Diptera",,,,"Tipulidae","Limoniinae","Eriopterini",,,,,"larva",3,,1,100,1,"Y","N","condition OK","Y",,,,"Merritt and Cummins 2008","N","EcoAnalysts Inc.","C. Fishel",,
"411f005d-64ae-4a05-b821-ea18c9e55be4","D08","MAYF","MAYF.AOS.reach","2017-03-14T14:11Z","2017-06-09","MAYF.20170314.SNAG.4",,,"THIGRO","Y","Thienemannimyia gr.",,,"Arthropoda","Hexapoda",,,,,"Diptera","Nematocera",,,"Chironomidae","Tanypodinae","Pentaneurini",,,,,"larva",2,,5,100,5,"N","N","condition OK","Y",,,,"Epler 2001","N","EcoAnalysts Inc.","G. Wallace",,
"8c6c589b-2f72-43c2-acdf-21a820dcad7a","D08","MAYF","MAYF.AOS.reach","2017-03-14T14:11Z","2017-11-19","MAYF.20170314.SNAG.4",,,"STESP6","Y","Stenelmis sp.",,,"Arthropoda","Hexapoda","Pterygota","Pterygota","Neoptera",,"Coleoptera","Polyphaga",,,"Elmidae",,,,,,,"larva",2,,1,100,1,"N","N","condition OK","Y","114095","ITIS",,"Merritt and Cummins 2008","N","EcoAnalysts Inc.","C. Fishel",,
"3084bddc-0c4c-4b23-b993-ad886c04f3bc","D08","MAYF","MAYF.AOS.reach","2017-03-14T14:11Z","2017-06-09","MAYF.20170314.SNAG.4",,,"STESP10","Y","Stempellinella sp.",,,"Arthropoda","Hexapoda",,,,,"Diptera","Nematocera",,,"Chironomidae","Chironominae","Tanytarsini",,,,,"larva",1,,2,100,2,"N","N","condition OK","Y","129969","ITIS",,"Epler 2001","N","EcoAnalysts Inc.","G. Wallace",,
"e488f5f2-6fc1-4165-ae11-0b8d554a69a9","D08","MAYF","MAYF.AOS.reach","2017-03-14T14:11Z","2017-11-19","MAYF.20170314.SNAG.4",,,"BEZSP1","Y","Bezzia/Palpomyia sp.",,,"Arthropoda","Hexapoda",,,,,"Diptera","Nematocera",,,"Ceratopogonidae","Ceratopogoninae",,,,,,"larva",3,,2,100,2,"N","N","condition OK","Y","127778","ITIS",,"Merritt and Cummins 2008","N","EcoAnalysts Inc.","C. Fishel",,
"2f2a7e77-f1ec-42c2-b018-a5774b93a46f","D08","MAYF","MAYF.AOS.reach","2017-03-14T14:11Z","2017-11-01","MAYF.20170314.SNAG.2",,,"ENCSP1","Y","Enchytraeidae sp.",,,"Annelida",,"Oligochaeta","Oligochaeta",,,"Enchytraeida",,,,"Enchytraeidae",,,,,,,"larva",3,,15,100,15,"N","N","condition OK","Y","68510","ITIS",,"Kathman and Brinkhurst 1999","N","EcoAnalysts Inc.","C. Fishel",,
"98f47bd2-91b4-4c43-9b88-4b77b75bcf8e","D08","MAYF","MAYF.AOS.reach","2017-03-14T14:11Z","2017-11-20","MAYF.20170314.SNAG.5",,,"BEZSP1","Y","Bezzia/Palpomyia sp.",,,"Arthropoda","Hexapoda",,,,,"Diptera","Nematocera",,,"Ceratopogonidae","Ceratopogoninae",,,,,,"larva",4,,1,100,1,"N","N","condition OK","Y","127778","ITIS",,"Merritt and Cummins 2008","N","EcoAnalysts Inc.","C. Fishel",,
"2565305a-a6d0-4651-a485-270d2030ebfe","D08","MAYF","MAYF.AOS.reach","2017-03-14T14:11Z","2017-06-09","MAYF.20170314.SNAG.5",,,"RHESP1","Y","Rheocricotopus sp.",,,"Arthropoda","Hexapoda",,,,,"Diptera","Nematocera",,,"Chironomidae","Orthocladiinae",,,,,,"larva",2,,1,100,1,"N","N","condition OK","Y","129086","ITIS",,"Epler 2001","N","EcoAnalysts Inc.","G. Wallace",,
"cc9b1145-6b4d-4c22-bb72-18ebcfa74177","D08","MAYF","MAYF.AOS.reach","2017-03-14T14:11Z","2017-06-09","MAYF.20170314.SNAG.1",,,"THISP2","Y","Thienemanniella sp.",,,"Arthropoda","Hexapoda",,,,,"Diptera","Nematocera",,,"Chironomidae","Orthocladiinae",,,,,,"larva",1,,1,100,1,"N","N","condition OK","Y","129182","ITIS",,"Epler 2001","N","EcoAnalysts Inc.","G. Wallace",,
"ca9fb21c-448e-47cd-9f74-c372be6a4f81","D08","MAYF","MAYF.AOS.reach","2017-03-14T14:11Z","2017-10-26","MAYF.20170314.SNAG.3",,,"LUMSP2","Y","Lumbriculidae sp.",,,"Annelida",,"Oligochaeta","Oligochaeta",,,"Lumbriculida",,,,"Lumbriculidae",,,,,,,"larva",5,,1,100,1,"N","N","condition OK","Y","68440","ITIS",,"Kathman and Brinkhurst 1999","N","EcoAnalysts Inc.","C. Fishel",,
"ae664a0b-37df-45c5-baa6-731ce2917d4c","D08","MAYF","MAYF.AOS.reach","2017-03-14T14:11Z","2017-06-09","MAYF.20170314.SNAG.1",,,"PARSP27","Y","Paraphaenocladius sp.",,,"Arthropoda","Hexapoda",,,,,"Diptera","Nematocera",,,"Chironomidae","Orthocladiinae",,,,,,"larva",2,,1,100,1,"N","N","condition OK","Y","128989","ITIS",,"Epler 2001; Maschwitz and Cook 2000","N","EcoAnalysts Inc.","G. Wallace",,
"293ef268-6bac-4b08-82a4-0b34f5132065","D08","MAYF","MAYF.AOS.reach","2017-03-14T14:11Z","2017-11-19","MAYF.20170314.SNAG.1",,,"PLESP","Y","Plecoptera sp.",,,"Arthropoda","Hexapoda","Pterygota","Pterygota","Neoptera",,"Plecoptera",,,,,,,,,,,"larva",1,,1,100,1,"Y","N","condition OK","Y","102467","ITIS",,"Merritt and Cummins 2008","N","EcoAnalysts Inc.","C. Fishel",,
"30d8ef8d-47c0-49d3-a91c-0c18edcc15af","D08","MAYF","MAYF.AOS.reach","2017-03-14T14:11Z","2017-10-26","MAYF.20170314.SNAG.3",,,"LUMSP2","Y","Lumbriculidae sp.",,,"Annelida",,"Oligochaeta","Oligochaeta",,,"Lumbriculida",,,,"Lumbriculidae",,,,,,,"larva",3,,1,100,1,"N","N","condition OK","Y","68440","ITIS",,"Kathman and Brinkhurst 1999","N","EcoAnalysts Inc.","C. Fishel",,
"35329200-9568-4920-beb0-4d086bf62022","D08","MAYF","MAYF.AOS.reach","2017-03-14T14:11Z","2017-06-09","MAYF.20170314.CORE.2",,,"POLHAL","Y","Polypedilum halterale gr.",,,"Arthropoda","Hexapoda",,,,,"Diptera","Nematocera",,,"Chironomidae","Chironominae","Chironomini",,,"halterale gr.",,"larva",4,,1,100,1,"N","N","condition OK","Y",,,,"Epler 2001; Maschwitz and Cook 2000","N","EcoAnalysts Inc.","G. Wallace",,
"6f2f661a-ad26-40d2-9606-fcd93879a815","D08","MAYF","MAYF.AOS.reach","2017-03-14T14:11Z","2017-11-20","MAYF.20170314.SNAG.5",,,"MACMOD","Y","Maccaffertium modestum",,,"Arthropoda","Hexapoda",,,,,"Ephemeroptera",,,,"Heptageniidae",,,,,"modestum",,"larva",8,,1,100,1,"N","N","condition OK","Y","100532","ITIS",,"Bednarik and McCafferty 1979","N","EcoAnalysts Inc.","C. Fishel",,
"b9778384-4a44-48ed-a978-8ab5f3253549","D08","MAYF","MAYF.AOS.reach","2017-03-14T14:11Z","2017-06-09","MAYF.20170314.SNAG.4",,,"THISP2","Y","Thienemanniella sp.",,,"Arthropoda","Hexapoda",,,,,"Diptera","Nematocera",,,"Chironomidae","Orthocladiinae",,,,,,"larva",1,,3,100,3,"N","N","condition OK","Y","129182","ITIS",,"Epler 2001","N","EcoAnalysts Inc.","G. Wallace",,
"b3d9c9c6-ee3b-4581-9944-247191e4902a","D08","MAYF","MAYF.AOS.reach","2017-03-14T14:11Z","2017-11-20","MAYF.20170314.SNAG.5",,,"BRASP3","Y","Brachycera sp.",,,"Arthropoda","Hexapoda",,,,,"Diptera","Brachycera",,,,,,,,,,"larva",2,,1,100,1,"N","Y","condition OK","Y","130052","ITIS",,"Merritt and Cummins 2008","N","EcoAnalysts Inc.","C. Fishel",,
"685f8a00-cbb1-40e8-9915-4f85ca9860a7","D08","MAYF","MAYF.AOS.reach","2017-03-14T14:11Z","2017-06-09","MAYF.20170314.SNAG.4",,,"PARSP25","Y","Parakiefferiella sp.",,,"Arthropoda","Hexapoda",,,,,"Diptera","Nematocera",,,"Chironomidae","Orthocladiinae",,,,,,"larva",1,,1,100,1,"N","N","condition OK","Y","128968","ITIS",,"Epler 2001","N","EcoAnalysts Inc.","G. Wallace",,
"ea014024-e73f-414b-bcf0-8f029d358a8d","D08","MAYF","MAYF.AOS.reach","2017-03-14T14:11Z","2017-11-19","MAYF.20170314.SNAG.4",,,"LYPDIV","Y","Lype diversa",,,"Arthropoda","Hexapoda","Pterygota","Pterygota","Neoptera",,"Trichoptera",,,,"Psychomyiidae",,,,,"diversa",,"larva",1,,1,100,1,"N","N","condition OK","Y","115392","ITIS",,"Wiggins 1996","N","EcoAnalysts Inc.","C. Fishel",,
"af9dc16c-f95c-4224-8262-e598ec742bf1","D08","MAYF","MAYF.AOS.reach","2017-03-14T14:11Z","2017-06-09","MAYF.20170314.SNAG.5",,,"PENSP7","Y","Pentaneura sp.",,,"Arthropoda","Hexapoda",,,,,"Diptera","Nematocera",,,"Chironomidae","Tanypodinae","Pentaneurini",,,,,"larva",2,,1,100,1,"N","N","condition OK","Y","128215","ITIS",,"Epler 2001; Maschwitz and Cook 2000","N","EcoAnalysts Inc.","G. Wallace",,
"96137ca7-2284-4f31-9302-5cee54ba8a48","D08","MAYF","MAYF.AOS.reach","2017-03-14T14:11Z","2017-06-09","MAYF.20170314.SNAG.5",,,"RHESP1","Y","Rheocricotopus sp.",,,"Arthropoda","Hexapoda",,,,,"Diptera","Nematocera",,,"Chironomidae","Orthocladiinae",,,,,,"larva",3,,1,100,1,"N","N","condition OK","Y","129086","ITIS",,"Epler 2001","N","EcoAnalysts Inc.","G. Wallace",,
"776ff28d-21f8-4028-a22b-a53f399e7677","D08","MAYF","MAYF.AOS.reach","2017-03-14T14:11Z","2017-11-01","MAYF.20170314.SNAG.2",,,"ENCSP1","Y","Enchytraeidae sp.",,,"Annelida",,"Oligochaeta","Oligochaeta",,,"Enchytraeida",,,,"Enchytraeidae",,,,,,,"larva",11,,2,100,2,"N","N","condition OK","Y","68510","ITIS",,"Kathman and Brinkhurst 1999","N","EcoAnalysts Inc.","C. Fishel",,
"b96b2458-d306-4b8b-b816-0ac001018b75","D08","MAYF","MAYF.AOS.reach","2017-03-14T14:11Z","2017-06-09","MAYF.20170314.SNAG.5",,,"TANSP11","Y","Tanytarsus sp.",,,"Arthropoda","Hexapoda",,,,,"Diptera","Nematocera",,,"Chironomidae","Chironominae","Tanytarsini",,,,,"larva",3,,6,100,6,"N","N","condition OK","Y","129978","ITIS",,"Epler 2001","N","EcoAnalysts Inc.","G. Wallace",,
"e3be29d7-1c11-4997-9211-a99ada10c11a","D08","MAYF","MAYF.AOS.reach","2017-03-14T14:11Z","2017-06-09","MAYF.20170314.SNAG.3",,,"PARSP26","Y","Parametriocnemus sp.",,,"Arthropoda","Hexapoda",,,,,"Diptera","Nematocera",,,"Chironomidae","Orthocladiinae",,,,,,"larva",3,,1,100,1,"N","N","condition OK","Y","128978","ITIS",,"Epler 2001","N","EcoAnalysts Inc.","G. Wallace",,
"4adbf561-22ba-4f1a-8618-2eb299dc6383","D08","MAYF","MAYF.AOS.reach","2017-03-14T14:11Z","2017-11-19","MAYF.20170314.SNAG.1",,,"STESP6","Y","Stenelmis sp.",,,"Arthropoda","Hexapoda","Pterygota","Pterygota","Neoptera",,"Coleoptera","Polyphaga",,,"Elmidae",,,,,,,"larva",6,,1,100,1,"N","N","condition OK","Y","114095","ITIS",,"Merritt and Cummins 2008","N","EcoAnalysts Inc.","C. Fishel",,
"fcb2ced4-2867-4f42-8183-7ad12130ac46","D08","MAYF","MAYF.AOS.reach","2017-03-14T14:11Z","2017-06-09","MAYF.20170314.SNAG.1",,,"THISP2","Y","Thienemanniella sp.",,,"Arthropoda","Hexapoda",,,,,"Diptera","Nematocera",,,"Chironomidae","Orthocladiinae",,,,,,"larva",2,,1,100,1,"N","N","condition OK","Y","129182","ITIS",,"Epler 2001","N","EcoAnalysts Inc.","G. Wallace",,
"7a47dd35-8756-47a8-b6b5-6244e7e6192d","D08","MAYF","MAYF.AOS.reach","2017-03-14T14:11Z","2017-06-09","MAYF.20170314.SNAG.4",,,"POLSCA","Y","Polypedilum scalaenum gr.",,,"Arthropoda","Hexapoda",,,,,"Diptera","Nematocera",,,"Chironomidae","Chironominae","Chironomini",,,"scalaenum gr.",,"larva",3,,2,100,2,"N","N","condition OK","Y",,,,"Epler 2001; Maschwitz and Cook 2000","N","EcoAnalysts Inc.","G. Wallace",,
"af61d199-f49d-4650-aec4-40429ae64d0c","D08","MAYF","MAYF.AOS.reach","2017-03-14T14:11Z","2017-11-17","MAYF.20170314.SNAG.2",,,"ACASP1","Y","Acari sp.",,,"Arthropoda","Chelicerata","Acari","Acari",,,,,,,,,,,,,,"larva",1,,1,100,1,"N","N","condition OK","Y","82754","ITIS",,"Thorp and Covich 2001","N","EcoAnalysts Inc.","C. Fishel",,
"903ced4f-c2ee-449d-b1ed-12d0545e6625","D08","MAYF","MAYF.AOS.reach","2017-03-14T14:11Z","2017-11-01","MAYF.20170314.CORE.2",,,"PRISP1","Y","Pristina sp.",,,"Annelida",,"Oligochaeta","Oligochaeta",,,"Tubificida",,,,"Naididae",,,,,,,"larva",1,,2,100,2,"N","N","condition OK","Y","68876","ITIS",,"Kathman and Brinkhurst 1998","N","EcoAnalysts Inc.","C. Fishel",,
"79a82aec-7813-4301-a625-e58f347a0972","D08","MAYF","MAYF.AOS.reach","2017-03-14T14:11Z","2017-11-15","MAYF.20170314.SNAG.3",,,"ERISP11","Y","Eriopterini sp.",,,"Arthropoda","Hexapoda",,,,,"Diptera",,,,"Tipulidae","Limoniinae","Eriopterini",,,,,"larva",5,,1,100,1,"Y","N","condition OK","Y",,,,"Merritt and Cummins 2008","N","EcoAnalysts Inc.","C. Fishel",,
"a2e1caf7-3db0-465f-b7f5-27d956f5a73a","D08","MAYF","MAYF.AOS.reach","2017-03-14T14:11Z","2017-11-01","MAYF.20170314.SNAG.2",,,"ENCSP1","Y","Enchytraeidae sp.",,,"Annelida",,"Oligochaeta","Oligochaeta",,,"Enchytraeida",,,,"Enchytraeidae",,,,,,,"larva",6,,3,100,3,"N","N","condition OK","Y","68510","ITIS",,"Kathman and Brinkhurst 1999","N","EcoAnalysts Inc.","C. Fishel",,
"a015a075-5a4b-4a99-a932-7d6a804a7494","D08","MAYF","MAYF.AOS.reach","2017-03-14T14:11Z","2017-11-01","MAYF.20170314.SNAG.2",,,"ENCSP1","Y","Enchytraeidae sp.",,,"Annelida",,"Oligochaeta","Oligochaeta",,,"Enchytraeida",,,,"Enchytraeidae",,,,,,,"larva",8,,1,100,1,"N","N","condition OK","Y","68510","ITIS",,"Kathman and Brinkhurst 1999","N","EcoAnalysts Inc.","C. Fishel",,
"1c1d1227-ff28-4650-8f1b-b3d1c15770bc","D08","MAYF","MAYF.AOS.reach","2017-03-14T14:11Z","2017-11-01","MAYF.20170314.SNAG.5",,,"NAISP","Y","Naididae sp.","tubificoid Naididae w/o cap setae",,"Annelida",,"Oligochaeta","Oligochaeta",,,"Tubificida",,,,"Naididae","tubificoid Naididae",,,,,,"larva",7,,1,100,1,"N","N","condition OK","Y","68585","ITIS",,"Kathman and Brinkhurst 1998","N","EcoAnalysts Inc.","C. Fishel",,
"6259f046-c783-4448-81a4-12f6a5d8a042","D08","MAYF","MAYF.AOS.reach","2017-03-14T14:11Z","2017-11-01","MAYF.20170314.SNAG.1",,,"LUMSP2","Y","Lumbriculidae sp.",,,"Annelida",,"Oligochaeta","Oligochaeta",,,"Lumbriculida",,,,"Lumbriculidae",,,,,,,"larva",2,,1,100,1,"N","N","condition OK","Y","68440","ITIS",,"Kathman and Brinkhurst 1999","N","EcoAnalysts Inc.","C. Fishel",,
"002228ce-a771-421d-b0c4-7751e2e2015a","D08","MAYF","MAYF.AOS.reach","2017-03-14T14:11Z","2017-11-19","MAYF.20170314.SNAG.4",,,"BEZSP1","Y","Bezzia/Palpomyia sp.",,,"Arthropoda","Hexapoda",,,,,"Diptera","Nematocera",,,"Ceratopogonidae","Ceratopogoninae",,,,,,"larva",4,,1,100,1,"N","N","condition OK","Y","127778","ITIS",,"Merritt and Cummins 2008","N","EcoAnalysts Inc.","C. Fishel",,
"4f112a42-ffbe-424d-94bf-05d7b049dc41","D08","MAYF","MAYF.AOS.reach","2017-03-14T14:11Z","2017-06-09","MAYF.20170314.SNAG.1",,,"ORTSP3","Y","Orthocladius sp.",,,"Arthropoda","Hexapoda",,,,,"Diptera","Nematocera",,,"Chironomidae","Orthocladiinae",,,,,,"pupa",3,,1,100,1,"N","N","condition OK","Y","128874","ITIS",,"Epler 2001; Maschwitz and Cook 2000","N","EcoAnalysts Inc.","G. Wallace",,
"d3320d2d-8e39-45f6-b226-7c29ab97164f","D08","MAYF","MAYF.AOS.reach","2017-03-14T14:11Z","2017-06-09","MAYF.20170314.CORE.2",,,"STESP10","Y","Stempellinella sp.",,,"Arthropoda","Hexapoda",,,,,"Diptera","Nematocera",,,"Chironomidae","Chironominae","Tanytarsini",,,,,"larva",2,,1,100,1,"N","N","condition OK","Y","129969","ITIS",,"Epler 2001","N","EcoAnalysts Inc.","G. Wallace",,
"139511ed-d8fb-401b-8d4d-8175e01578a1","D08","MAYF","MAYF.AOS.reach","2017-03-14T14:11Z","2017-06-09","MAYF.20170314.SNAG.3",,,"CLASP6","Y","Cladotanytarsus sp.",,,"Arthropoda","Hexapoda",,,,,"Diptera","Nematocera",,,"Chironomidae","Chironominae","Tanytarsini",,,,,"larva",1,,1,100,1,"N","N","condition OK","Y","129873","ITIS",,"Epler 2001","N","EcoAnalysts Inc.","G. Wallace",,
"6370fd6b-ad08-4ea4-b555-0a3b2c9fce4a","D08","MAYF","MAYF.AOS.reach","2017-03-14T14:11Z","2017-06-09","MAYF.20170314.SNAG.4",,,"PARSP25","Y","Parakiefferiella sp.",,,"Arthropoda","Hexapoda",,,,,"Diptera","Nematocera",,,"Chironomidae","Orthocladiinae",,,,,,"larva",2,,1,100,1,"N","N","condition OK","Y","128968","ITIS",,"Epler 2001","N","EcoAnalysts Inc.","G. Wallace",,
"b7d33b66-cc18-4f71-936f-0c6af0a79ed6","D08","MAYF","MAYF.AOS.reach","2017-03-14T14:11Z","2017-11-19","MAYF.20170314.SNAG.4",,,"LYPDIV","Y","Lype diversa",,,"Arthropoda","Hexapoda","Pterygota","Pterygota","Neoptera",,"Trichoptera",,,,"Psychomyiidae",,,,,"diversa",,"larva",3,,1,100,1,"N","N","condition OK","Y","115392","ITIS",,"Wiggins 1996","N","EcoAnalysts Inc.","C. Fishel",,
"0e465686-5181-4bed-a153-016915bb8489","D08","MAYF","MAYF.AOS.reach","2017-03-14T14:11Z","2017-11-19","MAYF.20170314.SNAG.4",,,"CERSP10","Y","Ceratopogoninae sp.",,,"Arthropoda","Hexapoda",,,,,"Diptera","Nematocera",,,"Ceratopogonidae","Ceratopogoninae",,,,,,"larva",3,,2,100,2,"Y","N","condition OK","Y","127338","ITIS",,"Merritt and Cummins 2008","N","EcoAnalysts Inc.","C. Fishel",,
"cca7afda-0ca2-4aec-9906-e0075188de40","D08","MAYF","MAYF.AOS.reach","2017-03-14T14:11Z","2017-06-09","MAYF.20170314.SNAG.2",,,"HYDSP52","Y","Hydrosmittia sp.",,,"Arthropoda","Hexapoda",,,,,"Diptera","Nematocera",,,"Chironomidae","Orthocladiinae",,,,,,"larva",3,,1,100,1,"N","N","condition OK","Y",,,,"Anderson et al. 2013","N","EcoAnalysts Inc.","G. Wallace",,
"d8c8d9bd-72ad-4ef9-ad04-1980e18b06e0","D08","MAYF","MAYF.AOS.reach","2017-03-14T14:11Z","2017-11-17","MAYF.20170314.SNAG.2",,,"SIMSP1","Y","Simulium sp.",,,"Arthropoda","Hexapoda",,,,,"Diptera","Nematocera",,,"Simuliidae",,,,,,,"larva",2,,1,100,1,"N","N","condition OK","Y","126774","ITIS",,"Merritt and Cummins 2008","N","EcoAnalysts Inc.","C. Fishel",,
"30706b45-f925-44a1-9c8a-aa1ed3825516","D08","MAYF","MAYF.AOS.reach","2017-03-14T14:11Z","2017-11-17","MAYF.20170314.SNAG.2",,,"TIPSP3","Y","Tipula sp.",,,"Arthropoda","Hexapoda",,,,,"Diptera",,,,"Tipulidae","Tipulinae",,,,,,"larva",15,,1,100,1,"N","N","condition OK","Y","119037","ITIS",,"Merritt and Cummins 2008","N","EcoAnalysts Inc.","C. Fishel",,
"a819d84e-929e-4b36-8e4c-48aca6b9301c","D08","MAYF","MAYF.AOS.reach","2017-03-14T14:11Z","2017-06-09","MAYF.20170314.SNAG.5",,,"UNNMUL","Y","Unniella multivirga",,,"Arthropoda","Hexapoda",,,,,"Diptera","Nematocera",,,"Chironomidae","Orthocladiinae",,,,"multivirga",,"larva",2,,1,100,1,"N","N","condition OK","Y","129207","ITIS",,"Epler 2001; Maschwitz and Cook 2000","N","EcoAnalysts Inc.","G. Wallace",,
"aee0b635-d7e8-4125-9c82-3b91107402a1","D08","MAYF","MAYF.AOS.reach","2017-03-14T14:11Z","2017-11-01","MAYF.20170314.SNAG.1",,,"ENCSP1","Y","Enchytraeidae sp.",,,"Annelida",,"Oligochaeta","Oligochaeta",,,"Enchytraeida",,,,"Enchytraeidae",,,,,,,"larva",2,,10,100,10,"N","N","condition OK","Y","68510","ITIS",,"Kathman and Brinkhurst 1999","N","EcoAnalysts Inc.","C. Fishel",,
"b139de77-a94d-4033-bfd1-bc8ddbdcd44e","D08","MAYF","MAYF.AOS.reach","2017-03-14T14:11Z","2017-11-19","MAYF.20170314.SNAG.4",,,"NYCSP","Y","Nyctiophylax sp.",,,"Arthropoda","Hexapoda","Pterygota","Pterygota","Neoptera",,"Trichoptera",,,,"Polycentropodidae",,,,,,,"larva",5,,1,100,1,"N","N","condition OK","Y","117104","ITIS",,"Wiggins 1996","N","EcoAnalysts Inc.","C. Fishel",,
"02d6ceb3-7d06-4d4c-bbeb-a6079120f37e","D08","MAYF","MAYF.AOS.reach","2017-03-14T14:11Z","2017-11-19","MAYF.20170314.SNAG.4",,,"ANCVAR1","Y","Ancyronyx variegatus",,,"Arthropoda","Hexapoda","Pterygota","Pterygota","Neoptera",,"Coleoptera","Polyphaga",,,"Elmidae",,,,,"variegatus",,"larva",1,,2,100,2,"N","N","condition OK","Y","114194","ITIS",,"Brown and White 1978","N","EcoAnalysts Inc.","C. Fishel",,
"5bde1ccc-548c-445b-ac42-3d3033e6697d","D08","MAYF","MAYF.AOS.reach","2017-03-14T14:11Z","2017-06-09","MAYF.20170314.SNAG.4",,,"THIGRO","Y","Thienemannimyia gr.",,,"Arthropoda","Hexapoda",,,,,"Diptera","Nematocera",,,"Chironomidae","Tanypodinae","Pentaneurini",,,,,"larva",3,,5,100,5,"N","N","condition OK","Y",,,,"Epler 2001","N","EcoAnalysts Inc.","G. Wallace",,
"29f33050-3ad5-490f-af95-82a2e75f3f8c","D08","MAYF","MAYF.AOS.reach","2017-03-14T14:11Z","2017-06-09","MAYF.20170314.SNAG.4",,,"THIGRO","Y","Thienemannimyia gr.",,,"Arthropoda","Hexapoda",,,,,"Diptera","Nematocera",,,"Chironomidae","Tanypodinae","Pentaneurini",,,,,"larva",1,,11,100,11,"N","N","condition OK","Y",,,,"Epler 2001","N","EcoAnalysts Inc.","G. Wallace",,
"b0052c52-c68c-4a8a-a539-29c9e9f3d135","D08","MAYF","MAYF.AOS.reach","2017-03-14T14:11Z","2017-11-20","MAYF.20170314.SNAG.5",,,"CERSP10","Y","Ceratopogoninae sp.",,,"Arthropoda","Hexapoda",,,,,"Diptera","Nematocera",,,"Ceratopogonidae","Ceratopogoninae",,,,,,"larva",2,,2,100,2,"Y","N","condition OK","Y","127338","ITIS",,"Merritt and Cummins 2008","N","EcoAnalysts Inc.","C. Fishel",,
"e5a40e19-407e-4b9c-a135-323a0050365d","D08","MAYF","MAYF.AOS.reach","2017-03-14T14:11Z","2017-06-09","MAYF.20170314.SNAG.1",,,"CORSP19","Y","Corynoneura sp.",,,"Arthropoda","Hexapoda",,,,,"Diptera","Nematocera",,,"Chironomidae","Orthocladiinae",,,,,,"larva",2,,5,100,5,"N","N","condition OK","Y","128563","ITIS",,"Epler 2001","N","EcoAnalysts Inc.","G. Wallace",,
"1d028c75-7998-4a0a-b823-bda5a5b0ff1c","D08","MAYF","MAYF.AOS.reach","2017-03-14T14:11Z","2017-06-09","MAYF.20170314.SNAG.4",,,"TANSP8","Y","Tanytarsini sp.",,,"Arthropoda","Hexapoda",,,,,"Diptera","Nematocera",,,"Chironomidae","Chironominae","Tanytarsini",,,,,"larva",4,,1,100,1,"N","N","condition OK","N","129872","ITIS",,"Epler 2001","N","EcoAnalysts Inc.","G. Wallace",,
"41bdf43d-57c9-4e4b-9720-ea479294c70c","D08","MAYF","MAYF.AOS.reach","2017-03-14T14:11Z","2017-06-09","MAYF.20170314.CORE.1",,,"POLHAL","Y","Polypedilum halterale gr.",,,"Arthropoda","Hexapoda",,,,,"Diptera","Nematocera",,,"Chironomidae","Chironominae","Chironomini",,,"halterale gr.",,"larva",3,,1,100,1,"N","N","condition OK","Y",,,,"Epler 2001; Maschwitz and Cook 2000","N","EcoAnalysts Inc.","G. Wallace",,
"e6b1bcfd-ef11-43aa-b5ef-adbe09b9092d","D08","MAYF","MAYF.AOS.reach","2017-03-14T14:11Z","2017-11-19","MAYF.20170314.SNAG.1",,,"MACMOD","Y","Maccaffertium modestum",,,"Arthropoda","Hexapoda",,,,,"Ephemeroptera",,,,"Heptageniidae",,,,,"modestum",,"larva",7,,1,100,1,"N","N","condition OK","Y","100532","ITIS",,"Bednarik and McCafferty 1979","N","EcoAnalysts Inc.","C. Fishel",,
"76b6e695-9b83-4877-9d4d-7c78b63c7eec","D08","MAYF","MAYF.AOS.reach","2017-03-14T14:11Z","2017-06-09","MAYF.20170314.SNAG.1",,,"STESP10","Y","Stempellinella sp.",,,"Arthropoda","Hexapoda",,,,,"Diptera","Nematocera",,,"Chironomidae","Chironominae","Tanytarsini",,,,,"larva",2,,1,100,1,"N","N","condition OK","Y","129969","ITIS",,"Epler 2001","N","EcoAnalysts Inc.","G. Wallace",,
"7b9e7eee-ce05-4af9-bb52-579f21eee0d2","D08","MAYF","MAYF.AOS.reach","2017-03-14T14:11Z","2017-06-09","MAYF.20170314.SNAG.5",,,"TANSP11","Y","Tanytarsus sp.",,,"Arthropoda","Hexapoda",,,,,"Diptera","Nematocera",,,"Chironomidae","Chironominae","Tanytarsini",,,,,"larva",1,,5,100,5,"N","N","condition OK","Y","129978","ITIS",,"Epler 2001","N","EcoAnalysts Inc.","G. Wallace",,
"8e9a7802-c67c-40ac-a551-9e950c6a519c","D08","MAYF","MAYF.AOS.reach","2017-03-14T14:11Z","2017-06-13","MAYF.20170314.SNAG.5",,,"XYLPAR","Y","Xylotopus par",,,"Arthropoda","Hexapoda",,,,,"Diptera","Nematocera",,,"Chironomidae","Orthocladiinae",,,,"par",,"larva",2,,1,100,1,"N","N","condition OK","Y","129209","ITIS",,"Epler 2001","N","EcoAnalysts Inc.","G. Wallace",,
"6e709305-ec14-4c37-848c-5bf41c20f5a3","D08","MAYF","MAYF.AOS.reach","2017-03-14T14:11Z","2017-11-19","MAYF.20170314.SNAG.4",,,"PLESP","Y","Plecoptera sp.",,,"Arthropoda","Hexapoda","Pterygota","Pterygota","Neoptera",,"Plecoptera",,,,,,,,,,,"larva",1,,1,100,1,"Y","N","condition OK","Y","102467","ITIS",,"Merritt and Cummins 2008","N","EcoAnalysts Inc.","C. Fishel",,
"debb9f4b-a655-4ba5-831b-4d9f03dab0e1","D08","MAYF","MAYF.AOS.reach","2017-03-14T14:11Z","2017-06-09","MAYF.20170314.SNAG.4",,,"CORSP19","Y","Corynoneura sp.",,,"Arthropoda","Hexapoda",,,,,"Diptera","Nematocera",,,"Chironomidae","Orthocladiinae",,,,,,"larva",2,,1,100,1,"N","N","condition OK","Y","128563","ITIS",,"Epler 2001","N","EcoAnalysts Inc.","G. Wallace",,
"89f2acf4-53d1-4d29-a410-333426573aa6","D08","MAYF","MAYF.AOS.reach","2017-03-14T14:11Z","2017-11-01","MAYF.20170314.SNAG.5",,,"ENCSP1","Y","Enchytraeidae sp.",,,"Annelida",,"Oligochaeta","Oligochaeta",,,"Enchytraeida",,,,"Enchytraeidae",,,,,,,"larva",10,,1,100,1,"N","N","condition OK","Y","68510","ITIS",,"Kathman and Brinkhurst 1999","N","EcoAnalysts Inc.","C. Fishel",,
"2dba8c83-c11d-4f16-bfbf-2b27c71b39c7","D08","MAYF","MAYF.AOS.reach","2017-03-14T14:11Z","2017-11-19","MAYF.20170314.SNAG.1",,,"ANCVAR1","Y","Ancyronyx variegatus",,,"Arthropoda","Hexapoda","Pterygota","Pterygota","Neoptera",,"Coleoptera","Polyphaga",,,"Elmidae",,,,,"variegatus",,"larva",2,,1,100,1,"N","N","condition OK","Y","114194","ITIS",,"Brown and White 1978","N","EcoAnalysts Inc.","C. Fishel",,
"eb2d2ce8-49be-49ae-8c3c-5c50a6982ba2","D08","MAYF","MAYF.AOS.reach","2017-03-14T14:11Z","2017-06-09","MAYF.20170314.SNAG.3",,,"CORSP19","Y","Corynoneura sp.",,,"Arthropoda","Hexapoda",,,,,"Diptera","Nematocera",,,"Chironomidae","Orthocladiinae",,,,,,"larva",1,,1,100,1,"N","N","condition OK","Y","128563","ITIS",,"Epler 2001","N","EcoAnalysts Inc.","G. Wallace",,
"0036bed7-bfd1-4de8-948b-d47b34bcb4fe","D08","MAYF","MAYF.AOS.reach","2017-03-14T14:11Z","2017-06-09","MAYF.20170314.CORE.2",,,"STESP10","Y","Stempellinella sp.",,,"Arthropoda","Hexapoda",,,,,"Diptera","Nematocera",,,"Chironomidae","Chironominae","Tanytarsini",,,,,"larva",1,,2,100,2,"N","N","condition OK","Y","129969","ITIS",,"Epler 2001","N","EcoAnalysts Inc.","G. Wallace",,
"874d02de-e7d0-415f-a139-a4d4329652ec","D08","MAYF","MAYF.AOS.reach","2017-03-14T14:11Z","2017-06-09","MAYF.20170314.SNAG.4",,,"PENSP7","Y","Pentaneura sp.",,,"Arthropoda","Hexapoda",,,,,"Diptera","Nematocera",,,"Chironomidae","Tanypodinae","Pentaneurini",,,,,"larva",1,,2,100,2,"N","N","condition OK","Y","128215","ITIS",,"Epler 2001; Maschwitz and Cook 2000","N","EcoAnalysts Inc.","G. Wallace",,
"62322064-30e7-4abf-a2d0-9ce1ee722064","D08","MAYF","MAYF.AOS.reach","2017-03-14T14:11Z","2017-11-01","MAYF.20170314.SNAG.1",,,"ENCSP1","Y","Enchytraeidae sp.",,,"Annelida",,"Oligochaeta","Oligochaeta",,,"Enchytraeida",,,,"Enchytraeidae",,,,,,,"larva",3,,19,100,19,"N","N","condition OK","Y","68510","ITIS",,"Kathman and Brinkhurst 1999","N","EcoAnalysts Inc.","C. Fishel",,
"cc72fe9c-ce1e-466c-8fd9-02ff3354f797","D08","MAYF","MAYF.AOS.reach","2017-03-14T14:11Z","2017-06-09","MAYF.20170314.SNAG.4",,,"THIGRO","Y","Thienemannimyia gr.",,,"Arthropoda","Hexapoda",,,,,"Diptera","Nematocera",,,"Chironomidae","Tanypodinae","Pentaneurini",,,,,"larva",4,,1,100,1,"N","N","condition OK","Y",,,,"Epler 2001","N","EcoAnalysts Inc.","G. Wallace",,
"1db32629-2c71-42ff-8fe2-1880a6eb341c","D08","MAYF","MAYF.AOS.reach","2017-03-14T14:11Z","2017-06-09","MAYF.20170314.SNAG.5",,,"POLEPL","Y","Polypedilum epleri",,,"Arthropoda","Hexapoda",,,,,"Diptera","Nematocera",,,"Chironomidae","Chironominae","Chironomini",,,"epleri",,"larva",8,,1,100,1,"N","N","condition OK","Y",,,,"Epler 2001; Maschwitz and Cook 2000","N","EcoAnalysts Inc.","G. Wallace",,
"81f60b74-fbf5-4b1e-a095-40c4c5d5defc","D08","MAYF","MAYF.AOS.reach","2017-03-14T14:11Z","2017-06-09","MAYF.20170314.SNAG.3",,,"CORSP19","Y","Corynoneura sp.",,,"Arthropoda","Hexapoda",,,,,"Diptera","Nematocera",,,"Chironomidae","Orthocladiinae",,,,,,"larva",2,,1,100,1,"N","N","condition OK","Y","128563","ITIS",,"Epler 2001","N","EcoAnalysts Inc.","G. Wallace",,
"6743ade6-cf9d-4fe2-9e03-aa85d39f8c5f","D08","MAYF","MAYF.AOS.reach","2017-03-14T14:11Z","2017-11-19","MAYF.20170314.SNAG.2",,,"COLSP1","Y","Collembola sp.",,,"Arthropoda","Hexapoda",,,,,"Collembola",,,,,,,,,,,"larva",1,,6,100,6,"N","N","condition OK","Y","99237","ITIS",,"Triplehorn and Johnson 2005","N","EcoAnalysts Inc.","C. Fishel",,
"31007c3c-481c-4115-b416-afce95f0becc","D08","MAYF","MAYF.AOS.reach","2017-03-14T14:11Z","2017-11-01","MAYF.20170314.SNAG.5",,,"NAISP","Y","Naididae sp.","tubificoid Naididae w/ cap setae",,"Annelida",,"Oligochaeta","Oligochaeta",,,"Tubificida",,,,"Naididae","tubificoid Naididae",,,,,,"larva",1,,1,100,1,"N","N","condition OK","Y","68585","ITIS",,"Kathman and Brinkhurst 1999","N","EcoAnalysts Inc.","C. Fishel",,
"e5c8fb16-cc52-43c4-99c2-174157d000e1","D08","MAYF","MAYF.AOS.reach","2017-03-14T14:11Z","2017-06-09","MAYF.20170314.SNAG.5",,,"POLILL","Y","Polypedilum illinoense gr.",,,"Arthropoda","Hexapoda",,,,,"Diptera","Nematocera",,,"Chironomidae","Chironominae","Chironomini",,,"illinoense gr.",,"larva",4,,1,100,1,"N","N","condition OK","Y",,,,"Epler 2001; Maschwitz and Cook 2000","N","EcoAnalysts Inc.","G. Wallace",,
"44b14152-e665-47b2-87d8-a29f42314334","D08","MAYF","MAYF.AOS.reach","2017-03-14T14:11Z","2017-06-09","MAYF.20170314.SNAG.5",,,"POLSCA","Y","Polypedilum scalaenum gr.",,,"Arthropoda","Hexapoda",,,,,"Diptera","Nematocera",,,"Chironomidae","Chironominae","Chironomini",,,"scalaenum gr.",,"larva",3,,4,100,4,"N","N","condition OK","Y",,,,"Epler 2001; Maschwitz and Cook 2000","N","EcoAnalysts Inc.","G. Wallace",,
"06eb1a1d-41bb-4c84-abcd-19b325f2817b","D08","MAYF","MAYF.AOS.reach","2017-03-14T14:11Z","2017-11-01","MAYF.20170314.SNAG.2",,,"ENCSP1","Y","Enchytraeidae sp.",,,"Annelida",,"Oligochaeta","Oligochaeta",,,"Enchytraeida",,,,"Enchytraeidae",,,,,,,"larva",7,,2,100,2,"N","N","condition OK","Y","68510","ITIS",,"Kathman and Brinkhurst 1999","N","EcoAnalysts Inc.","C. Fishel",,
"78543c79-0c8c-4600-b9ec-2e66f2423799","D08","MAYF","MAYF.AOS.reach","2017-03-14T14:11Z","2017-06-09","MAYF.20170314.SNAG.2",,,"TANSP11","Y","Tanytarsus sp.",,,"Arthropoda","Hexapoda",,,,,"Diptera","Nematocera",,,"Chironomidae","Chironominae","Tanytarsini",,,,,"larva",2,,1,100,1,"N","N","condition OK","Y","129978","ITIS",,"Epler 2001","N","EcoAnalysts Inc.","G. Wallace",,
"4918da03-cd6e-4596-ae94-82aaa7379c7c","D08","MAYF","MAYF.AOS.reach","2017-03-14T14:11Z","2017-06-09","MAYF.20170314.SNAG.2",,,"ZAVSP","Y","Zavrelimyia sp.",,,"Arthropoda","Hexapoda",,,,,"Diptera","Nematocera",,,"Chironomidae","Tanypodinae","Pentaneurini",,,,,"larva",4,,1,100,1,"N","N","condition OK","Y","128259","ITIS",,"Epler 2001","N","EcoAnalysts Inc.","G. Wallace",,
"8e383cf9-8be6-4173-bb5b-371738116869","D08","MAYF","MAYF.AOS.reach","2017-03-14T14:11Z","2017-11-19","MAYF.20170314.SNAG.4",,,"HEMSP4","Y","Hemerodromia sp.",,,"Arthropoda","Hexapoda",,,,,"Diptera","Brachycera",,,"Empididae",,,,,,,"larva",3,,1,100,1,"N","N","condition OK","Y","136327","ITIS",,"Merritt and Cummins 2008","N","EcoAnalysts Inc.","C. Fishel",,
"43f93741-ec4e-4cca-96f2-43812c922daf","D08","MAYF","MAYF.AOS.reach","2017-03-14T14:11Z","2017-06-09","MAYF.20170314.SNAG.3",,,"POLTRI2","Y","Polypedilum tritum",,,"Arthropoda","Hexapoda",,,,,"Diptera","Nematocera",,,"Chironomidae","Chironominae","Chironomini",,,"tritum",,"larva",3,,1,100,1,"N","N","condition OK","Y","129719","ITIS",,"Epler 2001; Maschwitz and Cook 2000","N","EcoAnalysts Inc.","G. Wallace",,
"1832022b-2183-4e79-acaa-78fe5f88fb72","D08","MAYF","MAYF.AOS.reach","2017-03-14T14:11Z","2017-06-09","MAYF.20170314.SNAG.4",,,"TANSP11","Y","Tanytarsus sp.",,,"Arthropoda","Hexapoda",,,,,"Diptera","Nematocera",,,"Chironomidae","Chironominae","Tanytarsini",,,,,"larva",1,,19,100,19,"N","N","condition OK","Y","129978","ITIS",,"Epler 2001","N","EcoAnalysts Inc.","G. Wallace",,
"acec9f99-27ca-4b8d-9038-3ed29cfb06a3","D08","MAYF","MAYF.AOS.reach","2017-03-14T14:11Z","2017-06-09","MAYF.20170314.SNAG.4",,,"STEPER","Y","Kribiodorum perpulchrum",,,"Arthropoda","Hexapoda",,,,,"Diptera","Nematocera",,,"Chironomidae","Chironominae","Chironomini",,,"perpulchrum",,"larva",3,,1,100,1,"N","N","condition OK","Y",,,,"Epler 2001; Maschwitz and Cook 2000","N","EcoAnalysts Inc.","G. Wallace",,
"fb791dde-cb01-4589-bcda-463d92c9ded2","D08","MAYF","MAYF.AOS.reach","2017-03-14T14:11Z","2017-06-09","MAYF.20170314.SNAG.5",,,"THIGRO","Y","Thienemannimyia gr.",,,"Arthropoda","Hexapoda",,,,,"Diptera","Nematocera",,,"Chironomidae","Tanypodinae","Pentaneurini",,,,,"larva",2,,3,100,3,"N","N","condition OK","Y",,,,"Epler 2001","N","EcoAnalysts Inc.","G. Wallace",,
"6fe355e8-1577-49c5-8958-26bda846ae57","D08","MAYF","MAYF.AOS.reach","2017-03-14T14:11Z","2017-11-01","MAYF.20170314.SNAG.3",,,"NAISP","Y","Naididae sp.","tubificoid Naididae w/ cap setae",,"Annelida",,"Oligochaeta","Oligochaeta",,,"Tubificida",,,,"Naididae","tubificoid Naididae",,,,,,"larva",1,,1,100,1,"N","N","condition OK","Y","68585","ITIS",,"Kathman and Brinkhurst 1999","N","EcoAnalysts Inc.","C. Fishel",,
"ba4383d3-d8fb-48d1-9f94-078e837a9571","D08","MAYF","MAYF.AOS.reach","2017-03-14T14:11Z","2017-06-09","MAYF.20170314.SNAG.4",,,"CHISP6","Y","Chironomini sp.",,,"Arthropoda","Hexapoda",,,,,"Diptera","Nematocera",,,"Chironomidae","Chironominae","Chironomini",,,,,"larva",1,,2,100,2,"Y","N","condition OK","N","129229","ITIS",,"Epler 2001","N","EcoAnalysts Inc.","G. Wallace",,
"740f9c88-f54b-4963-832a-7250ebab65d6","D08","MAYF","MAYF.AOS.reach","2017-03-14T14:11Z","2017-06-09","MAYF.20170314.SNAG.2",,,"CORSP19","Y","Corynoneura sp.",,,"Arthropoda","Hexapoda",,,,,"Diptera","Nematocera",,,"Chironomidae","Orthocladiinae",,,,,,"larva",1,,1,100,1,"N","N","condition OK","Y","128563","ITIS",,"Epler 2001","N","EcoAnalysts Inc.","G. Wallace",,
"49039212-3134-4e3d-bbd9-36cb5712e65d","D08","MAYF","MAYF.AOS.reach","2017-03-14T14:11Z","2017-11-19","MAYF.20170314.SNAG.4",,,"HYDSP24","Y","Hydroptila sp.",,,"Arthropoda","Hexapoda","Pterygota","Pterygota","Neoptera",,"Trichoptera",,,,"Hydroptilidae",,,,,,,"larva",1,,3,100,3,"N","N","condition OK","Y","115641","ITIS",,"Wiggins 1996","N","EcoAnalysts Inc.","C. Fishel",,
"3679fe31-a0b3-473f-9d91-39b23d0fa61a","D08","MAYF","MAYF.AOS.reach","2017-03-14T14:11Z","2017-06-09","MAYF.20170314.SNAG.4",,,"ABLSP","Y","Ablabesmyia sp.",,,"Arthropoda","Hexapoda",,,,,"Diptera","Nematocera",,,"Chironomidae","Tanypodinae","Pentaneurini",,,,,"larva",4,,1,100,1,"Y","N","condition OK","Y","128079","ITIS",,"Roback 1985 and Epler 2001","N","EcoAnalysts Inc.","G. Wallace",,
"29b31cb7-cc59-448d-b839-a81a3cec780f","D08","MAYF","MAYF.AOS.reach","2017-03-14T14:11Z","2017-11-20","MAYF.20170314.SNAG.5",,,"CERSP10","Y","Ceratopogoninae sp.",,,"Arthropoda","Hexapoda",,,,,"Diptera","Nematocera",,,"Ceratopogonidae","Ceratopogoninae",,,,,,"larva",3,,1,100,1,"Y","N","condition OK","Y","127338","ITIS",,"Merritt and Cummins 2008","N","EcoAnalysts Inc.","C. Fishel",,
"d34307bf-5797-4e9b-85c3-0d68bce26337","D08","MAYF","MAYF.AOS.reach","2017-03-14T14:11Z","2017-06-09","MAYF.20170314.SNAG.2",,,"POLSCA","Y","Polypedilum scalaenum gr.",,,"Arthropoda","Hexapoda",,,,,"Diptera","Nematocera",,,"Chironomidae","Chironominae","Chironomini",,,"scalaenum gr.",,"larva",2,,2,100,2,"N","N","condition OK","Y",,,,"Epler 2001; Maschwitz and Cook 2000","N","EcoAnalysts Inc.","G. Wallace",,
"c574de1c-dc2f-477d-bd3d-e8c2881f1d65","D08","MAYF","MAYF.AOS.reach","2017-03-14T14:11Z","2017-06-09","MAYF.20170314.SNAG.4",,,"TANSP11","Y","Tanytarsus sp.",,,"Arthropoda","Hexapoda",,,,,"Diptera","Nematocera",,,"Chironomidae","Chironominae","Tanytarsini",,,,,"larva",3,,4,100,4,"N","N","condition OK","Y","129978","ITIS",,"Epler 2001","N","EcoAnalysts Inc.","G. Wallace",,
"7277e843-d7e8-4f57-b283-81f54a2a4ccb","D08","MAYF","MAYF.AOS.reach","2017-03-14T14:11Z","2017-06-09","MAYF.20170314.SNAG.5",,,"PARSP27","Y","Paraphaenocladius sp.",,,"Arthropoda","Hexapoda",,,,,"Diptera","Nematocera",,,"Chironomidae","Orthocladiinae",,,,,,"larva",2,,1,100,1,"N","N","condition OK","Y","128989","ITIS",,"Epler 2001; Maschwitz and Cook 2000","N","EcoAnalysts Inc.","G. Wallace",,
"5562d0ce-6657-4095-895a-8dc21b30b1ec","D08","MAYF","MAYF.AOS.reach","2017-03-14T14:11Z","2017-06-09","MAYF.20170314.SNAG.5",,,"THISP2","Y","Thienemanniella sp.",,,"Arthropoda","Hexapoda",,,,,"Diptera","Nematocera",,,"Chironomidae","Orthocladiinae",,,,,,"larva",1,,2,100,2,"N","N","condition OK","Y","129182","ITIS",,"Epler 2001","N","EcoAnalysts Inc.","G. Wallace",,
"0fcb0511-e443-4ffc-bc17-e7f8f677cc3e","D08","MAYF","MAYF.AOS.reach","2017-03-14T14:11Z","2017-11-01","MAYF.20170314.SNAG.2",,,"ENCSP1","Y","Enchytraeidae sp.",,,"Annelida",,"Oligochaeta","Oligochaeta",,,"Enchytraeida",,,,"Enchytraeidae",,,,,,,"larva",4,,7,100,7,"N","N","condition OK","Y","68510","ITIS",,"Kathman and Brinkhurst 1999","N","EcoAnalysts Inc.","C. Fishel",,
"0effe1bc-5521-432d-924d-821aeaf3c1fb","D08","MAYF","MAYF.AOS.reach","2017-03-14T14:11Z","2017-06-09","MAYF.20170314.SNAG.4",,,"TANSP11","Y","Tanytarsus sp.",,,"Arthropoda","Hexapoda",,,,,"Diptera","Nematocera",,,"Chironomidae","Chironominae","Tanytarsini",,,,,"larva",2,,18,100,18,"N","N","condition OK","Y","129978","ITIS",,"Epler 2001","N","EcoAnalysts Inc.","G. Wallace",,
"2c5ec544-460c-4731-9bdd-e1c95c883995","D08","MAYF","MAYF.AOS.reach","2017-03-14T14:11Z","2017-06-09","MAYF.20170314.SNAG.1",,,"POLSCA","Y","Polypedilum scalaenum gr.",,,"Arthropoda","Hexapoda",,,,,"Diptera","Nematocera",,,"Chironomidae","Chironominae","Chironomini",,,"scalaenum gr.",,"larva",2,,1,100,1,"N","N","condition OK","Y",,,,"Epler 2001; Maschwitz and Cook 2000","N","EcoAnalysts Inc.","G. Wallace",,
"a3949513-a81f-487b-9943-524f7282a15a","D08","MAYF","MAYF.AOS.reach","2017-03-14T14:11Z","2017-11-19","MAYF.20170314.SNAG.1",,,"NEMSP","Y","Nematoda sp.",,,"Nematoda",,,,,,,,,,,,,,,,,"larva",4,,1,100,1,"N","N","condition OK","Y","59490","ITIS",,"Thorp and Covich 2001","N","EcoAnalysts Inc.","C. Fishel",,
"ece44458-411d-4d18-8e3e-de62cdca233e","D08","MAYF","MAYF.AOS.reach","2017-03-14T14:11Z","2017-10-26","MAYF.20170314.SNAG.3",,,"LUMSP2","Y","Lumbriculidae sp.",,,"Annelida",,"Oligochaeta","Oligochaeta",,,"Lumbriculida",,,,"Lumbriculidae",,,,,,,"larva",2,,8,100,8,"N","N","condition OK","Y","68440","ITIS",,"Kathman and Brinkhurst 1999","N","EcoAnalysts Inc.","C. Fishel",,
"95c105a7-145e-469a-a4eb-c7f9c957de50","D08","MAYF","MAYF.AOS.reach","2017-03-14T14:11Z","2017-11-19","MAYF.20170314.SNAG.4",,,"CERSP10","Y","Ceratopogoninae sp.",,,"Arthropoda","Hexapoda",,,,,"Diptera","Nematocera",,,"Ceratopogonidae","Ceratopogoninae",,,,,,"larva",2,,1,100,1,"Y","N","condition OK","Y","127338","ITIS",,"Merritt and Cummins 2008","N","EcoAnalysts Inc.","C. Fishel",,
"af0f573d-ca73-4610-949b-62a5b71b6de8","D08","MAYF","MAYF.AOS.reach","2017-03-14T14:11Z","2017-06-09","MAYF.20170314.SNAG.2",,,"THISP2","Y","Thienemanniella sp.",,,"Arthropoda","Hexapoda",,,,,"Diptera","Nematocera",,,"Chironomidae","Orthocladiinae",,,,,,"larva",2,,3,100,3,"N","N","condition OK","Y","129182","ITIS",,"Epler 2001","N","EcoAnalysts Inc.","G. Wallace",,
"0f6f8061-2d85-4885-9b36-80ac5194a854","D08","MAYF","MAYF.AOS.reach","2017-03-14T14:11Z","2017-11-19","MAYF.20170314.SNAG.4",,,"STESP6","Y","Stenelmis sp.",,,"Arthropoda","Hexapoda","Pterygota","Pterygota","Neoptera",,"Coleoptera","Polyphaga",,,"Elmidae",,,,,,,"larva",3,,4,100,4,"N","N","condition OK","Y","114095","ITIS",,"Merritt and Cummins 2008","N","EcoAnalysts Inc.","C. Fishel",,
"b7ba6806-9645-4eef-aaa4-967d246bf2ef","D08","MAYF","MAYF.AOS.reach","2017-03-14T14:11Z","2017-11-17","MAYF.20170314.SNAG.2",,,"MACSP11","Y","Maccaffertium sp.",,,"Arthropoda","Hexapoda",,,,,"Ephemeroptera",,,,"Heptageniidae",,,,,,,"larva",2,,1,100,1,"N","N","condition OK","Y","697957","ITIS",,"Bednarik and McCafferty 1979","N","EcoAnalysts Inc.","C. Fishel",,
"3cdc1f3b-5fde-4e9e-9fe6-57834d28d0a2","D08","MAYF","MAYF.AOS.reach","2017-03-14T14:11Z","2017-06-09","MAYF.20170314.SNAG.4",,,"CRYSP2","Y","Cryptochironomus sp.",,,"Arthropoda","Hexapoda",,,,,"Diptera","Nematocera",,,"Chironomidae","Chironominae","Chironomini",,,,,"larva",4,,1,100,1,"N","N","condition OK","Y","129368","ITIS",,"Epler 2001","N","EcoAnalysts Inc.","G. Wallace",,
"50b2c27c-2dfe-41d7-b455-68fc41bf5b47","D08","MAYF","MAYF.AOS.reach","2017-03-14T14:11Z","2017-11-19","MAYF.20170314.SNAG.2",,,"CERSP10","Y","Ceratopogoninae sp.",,,"Arthropoda","Hexapoda",,,,,"Diptera","Nematocera",,,"Ceratopogonidae","Ceratopogoninae",,,,,,"larva",5,,1,100,1,"Y","Y","condition OK","Y","127338","ITIS",,"Merritt and Cummins 2008","N","EcoAnalysts Inc.","C. Fishel",,
"642e862f-6570-46d4-8f01-f8a01b95d71b","D08","MAYF","MAYF.AOS.reach","2017-03-14T14:11Z","2017-06-09","MAYF.20170314.SNAG.5",,,"CORSP19","Y","Corynoneura sp.",,,"Arthropoda","Hexapoda",,,,,"Diptera","Nematocera",,,"Chironomidae","Orthocladiinae",,,,,,"larva",2,,2,100,2,"N","N","condition OK","Y","128563","ITIS",,"Epler 2001","N","EcoAnalysts Inc.","G. Wallace",,
"7b029faf-fbe8-492a-a956-741a21a655dd","D08","MAYF","MAYF.AOS.reach","2017-03-14T14:11Z","2017-10-26","MAYF.20170314.SNAG.3",,,"LUMSP2","Y","Lumbriculidae sp.",,,"Annelida",,"Oligochaeta","Oligochaeta",,,"Lumbriculida",,,,"Lumbriculidae",,,,,,,"larva",1,,1,100,1,"N","N","condition OK","Y","68440","ITIS",,"Kathman and Brinkhurst 1999","N","EcoAnalysts Inc.","C. Fishel",,
"7055778f-e612-4669-9948-d9be898c9bbb","D08","MAYF","MAYF.AOS.reach","2017-03-14T14:11Z","2017-06-09","MAYF.20170314.SNAG.1",,,"TANSP11","Y","Tanytarsus sp.",,,"Arthropoda","Hexapoda",,,,,"Diptera","Nematocera",,,"Chironomidae","Chironominae","Tanytarsini",,,,,"larva",2,,1,100,1,"N","N","condition OK","Y","129978","ITIS",,"Epler 2001","N","EcoAnalysts Inc.","G. Wallace",,
"5d244ad1-a825-460d-9224-d674fc60ecf3","D08","MAYF","MAYF.AOS.reach","2017-03-14T14:11Z","2017-11-01","MAYF.20170314.SNAG.3",,,"ENCSP1","Y","Enchytraeidae sp.",,,"Annelida",,"Oligochaeta","Oligochaeta",,,"Enchytraeida",,,,"Enchytraeidae",,,,,,,"larva",2,,11,100,11,"N","N","condition OK","Y","68510","ITIS",,"Kathman and Brinkhurst 1999","N","EcoAnalysts Inc.","C. Fishel",,
"550b4cb9-03c9-4233-9a54-e19c00c4452d","D08","MAYF","MAYF.AOS.reach","2017-03-14T14:11Z","2017-11-19","MAYF.20170314.SNAG.4",,,"ATUSP","Y","Aturidae sp.",,,"Arthropoda","Chelicerata","Acari","Acari",,"Acariformes","Trombidiformes",,,,"Aturidae",,,,,,,"larva",1,,11,100,11,"Y","N","condition OK","Y","82973","ITIS",,"Thorp and Covich 2001","N","EcoAnalysts Inc.","C. Fishel",,
"fb788d12-e8aa-4e92-b3e6-206be1704044","D08","MAYF","MAYF.AOS.reach","2017-03-14T14:11Z","2017-06-09","MAYF.20170314.CORE.1",,,"POLHAL","Y","Polypedilum halterale gr.",,,"Arthropoda","Hexapoda",,,,,"Diptera","Nematocera",,,"Chironomidae","Chironominae","Chironomini",,,"halterale gr.",,"larva",4,,1,100,1,"N","N","condition OK","Y",,,,"Epler 2001; Maschwitz and Cook 2000","N","EcoAnalysts Inc.","G. Wallace",,
"a3b0d2a7-7d54-454b-87b2-2bd79794c713","D08","MAYF","MAYF.AOS.reach","2017-03-14T14:11Z","2017-11-01","MAYF.20170314.SNAG.5",,,"NAISP","Y","Naididae sp.","tubificoid Naididae w/o cap setae",,"Annelida",,"Oligochaeta","Oligochaeta",,,"Tubificida",,,,"Naididae","tubificoid Naididae",,,,,,"larva",12,,1,100,1,"N","N","condition OK","Y","68585","ITIS",,"Kathman and Brinkhurst 1998","N","EcoAnalysts Inc.","C. Fishel",,
"0d422c17-639f-4f3a-b4b7-affb13be41c0","D08","MAYF","MAYF.AOS.reach","2017-03-14T14:11Z","2017-11-19","MAYF.20170314.SNAG.1",,,"BRASP3","Y","Brachycera sp.",,,"Arthropoda","Hexapoda",,,,,"Diptera","Brachycera",,,,,,,,,,"larva",1,,12,100,12,"N","Y","condition OK","Y","130052","ITIS",,"Merritt and Cummins 2008","N","EcoAnalysts Inc.","C. Fishel",,
"842b2649-7530-4ed1-b122-60103d13982f","D08","MAYF","MAYF.AOS.reach","2017-03-14T14:11Z","2017-10-26","MAYF.20170314.SNAG.3",,,"LUMSP2","Y","Lumbriculidae sp.",,,"Annelida",,"Oligochaeta","Oligochaeta",,,"Lumbriculida",,,,"Lumbriculidae",,,,,,,"larva",4,,2,100,2,"N","N","condition OK","Y","68440","ITIS",,"Kathman and Brinkhurst 1999","N","EcoAnalysts Inc.","C. Fishel",,
"8adfb35f-855d-4179-b083-54e182397543","D08","MAYF","MAYF.AOS.reach","2017-03-14T14:11Z","2017-11-20","MAYF.20170314.SNAG.5",,,"TORSP6","Y","Torrenticola sp.",,,"Arthropoda","Chelicerata","Acari","Acari",,"Acariformes","Trombidiformes",,,,"Torrenticolidae",,,,,,,"larva",1,,1,100,1,"N","N","condition OK","Y","83254","ITIS",,"Thorp and Covich 2001","N","EcoAnalysts Inc.","C. Fishel",,
"f6109a3a-0895-4396-8150-d3c574d53c2e","D08","MAYF","MAYF.AOS.reach","2017-03-14T14:11Z","2017-11-01","MAYF.20170314.SNAG.3",,,"NAISP","Y","Naididae sp.","tubificoid Naididae w/ cap setae",,"Annelida",,"Oligochaeta","Oligochaeta",,,"Tubificida",,,,"Naididae","tubificoid Naididae",,,,,,"larva",4,,1,100,1,"N","N","condition OK","Y","68585","ITIS",,"Kathman and Brinkhurst 1999","N","EcoAnalysts Inc.","C. Fishel",,
"718fc45f-16ef-42c1-846d-eae7998b3d8c","D08","MAYF","MAYF.AOS.reach","2017-03-14T14:11Z","2017-11-19","MAYF.20170314.SNAG.4",,,"ANCVAR1","Y","Ancyronyx variegatus",,,"Arthropoda","Hexapoda","Pterygota","Pterygota","Neoptera",,"Coleoptera","Polyphaga",,,"Elmidae",,,,,"variegatus",,"larva",2,,1,100,1,"N","N","condition OK","Y","114194","ITIS",,"Brown and White 1978","N","EcoAnalysts Inc.","C. Fishel",,
"b4734dea-ea9e-4b36-a4d6-1343398c68b1","D08","MAYF","MAYF.AOS.reach","2017-03-14T14:11Z","2017-11-19","MAYF.20170314.SNAG.4",,,"LEUSP2","Y","Leuctridae sp.",,,"Arthropoda","Hexapoda","Pterygota","Pterygota","Neoptera",,"Plecoptera",,,,"Leuctridae",,,,,,,"larva",1,,1,100,1,"Y","N","condition OK","Y","102840","ITIS",,"Stewart and Stark 2003","N","EcoAnalysts Inc.","C. Fishel",,
"26ed2c2c-1f62-488a-b6cf-b92eb2b23e52","D08","MAYF","MAYF.AOS.reach","2017-03-14T14:11Z","2017-06-09","MAYF.20170314.SNAG.4",,,"NILFIM","Y","Nilotanypus fimbriatus",,,"Arthropoda","Hexapoda",,,,,"Diptera","Nematocera",,,"Chironomidae","Tanypodinae","Pentaneurini",,,"fimbriatus",,"larva",3,,1,100,1,"N","N","condition OK","Y","128203","ITIS",,"Epler 2001","N","EcoAnalysts Inc.","G. Wallace",,
"d2f2537f-20ef-4d07-99fa-02fb87b8f095","D08","MAYF","MAYF.AOS.reach","2017-03-14T14:11Z","2017-11-20","MAYF.20170314.SNAG.5",,,"PERSP6","Y","Perlesta sp.",,,"Arthropoda","Hexapoda","Pterygota","Pterygota","Neoptera",,"Plecoptera",,,,"Perlidae",,,,,,,"larva",3,,2,100,2,"N","N","condition OK","Y","103251","ITIS",,"Stewart and Stark 2003","N","EcoAnalysts Inc.","C. Fishel",,
"a30d6a94-b868-4b36-a5c1-c828d918ca20","D08","MAYF","MAYF.AOS.reach","2017-03-14T14:11Z","2017-11-15","MAYF.20170314.SNAG.3",,,"CERSP10","Y","Ceratopogoninae sp.",,,"Arthropoda","Hexapoda",,,,,"Diptera","Nematocera",,,"Ceratopogonidae","Ceratopogoninae",,,,,,"larva",1,,2,100,2,"N","N","condition OK","Y","127338","ITIS",,"Merritt and Cummins 2008","N","EcoAnalysts Inc.","C. Fishel",,
"bb289e70-e7cf-4f67-b634-6405675b2bc4","D08","MAYF","MAYF.AOS.reach","2017-03-14T14:11Z","2017-06-09","MAYF.20170314.SNAG.5",,,"THIGRO","Y","Thienemannimyia gr.",,,"Arthropoda","Hexapoda",,,,,"Diptera","Nematocera",,,"Chironomidae","Tanypodinae","Pentaneurini",,,,,"larva",1,,3,100,3,"N","N","condition OK","Y",,,,"Epler 2001","N","EcoAnalysts Inc.","G. Wallace",,
"2fa8df66-66aa-49ae-a22a-c807c57d6cab","D08","MAYF","MAYF.AOS.reach","2017-03-14T14:11Z","2017-11-01","MAYF.20170314.SNAG.5",,,"LUMSP2","Y","Lumbriculidae sp.",,,"Annelida",,"Oligochaeta","Oligochaeta",,,"Lumbriculida",,,,"Lumbriculidae",,,,,,,"larva",1,,1,100,1,"N","N","condition OK","Y","68440","ITIS",,"Kathman and Brinkhurst 1999","N","EcoAnalysts Inc.","C. Fishel",,
"9a83ad2a-c593-4ae7-b11c-a32999e03640","D08","MAYF","MAYF.AOS.reach","2017-03-14T14:11Z","2017-11-19","MAYF.20170314.SNAG.1",,,"CERSP10","Y","Ceratopogoninae sp.",,,"Arthropoda","Hexapoda",,,,,"Diptera","Nematocera",,,"Ceratopogonidae","Ceratopogoninae",,,,,,"larva",2,,4,100,4,"Y","N","condition OK","Y","127338","ITIS",,"Merritt and Cummins 2008","N","EcoAnalysts Inc.","C. Fishel",,
"be1b45b1-5f57-4513-a6f9-adc0587d1f27","D08","MAYF","MAYF.AOS.reach","2017-03-14T14:11Z","2017-06-09","MAYF.20170314.SNAG.3",,,"PARSP33","Y","Paratendipes sp.",,,"Arthropoda","Hexapoda",,,,,"Diptera","Nematocera",,,"Chironomidae","Chironominae","Chironomini",,,,,"larva",2,,2,100,2,"N","N","condition OK","Y","129623","ITIS",,"Epler 2001; Maschwitz and Cook 2000","N","EcoAnalysts Inc.","G. Wallace",,
"0ba43b7a-a284-4df5-a18b-592bfb86ced8","D08","MAYF","MAYF.AOS.reach","2017-03-14T14:11Z","2017-06-09","MAYF.20170314.CORE.2",,,"TANSP11","Y","Tanytarsus sp.",,,"Arthropoda","Hexapoda",,,,,"Diptera","Nematocera",,,"Chironomidae","Chironominae","Tanytarsini",,,,,"larva",2,,1,100,1,"N","N","condition OK","Y","129978","ITIS",,"Epler 2001","N","EcoAnalysts Inc.","G. Wallace",,
"ab0459ca-4c16-4bc4-b299-e19994059797","D08","MAYF","MAYF.AOS.reach","2017-03-14T14:11Z","2017-06-09","MAYF.20170314.SNAG.5",,,"PARSP26","Y","Parametriocnemus sp.",,,"Arthropoda","Hexapoda",,,,,"Diptera","Nematocera",,,"Chironomidae","Orthocladiinae",,,,,,"larva",3,,1,100,1,"N","N","condition OK","Y","128978","ITIS",,"Epler 2001","N","EcoAnalysts Inc.","G. Wallace",,
"70c52e94-dbfc-4284-8528-156ee29477fb","D08","MAYF","MAYF.AOS.reach","2017-03-14T14:11Z","2017-06-09","MAYF.20170314.SNAG.1",,,"RHESP1","Y","Rheocricotopus sp.",,,"Arthropoda","Hexapoda",,,,,"Diptera","Nematocera",,,"Chironomidae","Orthocladiinae",,,,,,"larva",2,,1,100,1,"N","N","condition OK","Y","129086","ITIS",,"Epler 2001","N","EcoAnalysts Inc.","G. Wallace",,
"4d83d5b6-1a56-4971-85c5-c28aeaf7c853","D08","MAYF","MAYF.AOS.reach","2017-03-14T14:11Z","2017-06-09","MAYF.20170314.SNAG.4",,,"PENSP6","Y","Pentaneurini sp.",,,"Arthropoda","Hexapoda",,,,,"Diptera","Nematocera",,,"Chironomidae","Tanypodinae","Pentaneurini",,,,,"larva",1,,2,100,2,"Y","N","condition OK","N","128078","ITIS",,"Epler 2001","N","EcoAnalysts Inc.","G. Wallace",,
"5d0d4709-9d37-4e8b-b330-10b474bf47fe","D08","MAYF","MAYF.AOS.reach","2017-03-14T14:11Z","2017-06-09","MAYF.20170314.SNAG.2",,,"THISP2","Y","Thienemanniella sp.",,,"Arthropoda","Hexapoda",,,,,"Diptera","Nematocera",,,"Chironomidae","Orthocladiinae",,,,,,"larva",1,,1,100,1,"N","N","condition OK","Y","129182","ITIS",,"Epler 2001","N","EcoAnalysts Inc.","G. Wallace",,
"d703b37d-2cfc-45ff-b520-f9636bf88358","D08","MAYF","MAYF.AOS.reach","2017-03-14T14:11Z","2017-11-01","MAYF.20170314.SNAG.2",,,"ENCSP1","Y","Enchytraeidae sp.",,,"Annelida",,"Oligochaeta","Oligochaeta",,,"Enchytraeida",,,,"Enchytraeidae",,,,,,,"larva",5,,4,100,4,"N","N","condition OK","Y","68510","ITIS",,"Kathman and Brinkhurst 1999","N","EcoAnalysts Inc.","C. Fishel",,
"a27b8845-498e-4ade-b54d-14a860b93abd","D08","MAYF","MAYF.AOS.reach","2017-03-14T14:11Z","2017-11-15","MAYF.20170314.SNAG.3",,,"ERISP11","Y","Eriopterini sp.",,,"Arthropoda","Hexapoda",,,,,"Diptera",,,,"Tipulidae","Limoniinae","Eriopterini",,,,,"larva",2,,2,100,2,"Y","N","condition OK","Y",,,,"Merritt and Cummins 2008","N","EcoAnalysts Inc.","C. Fishel",,
"bf09c055-8117-481f-bc65-d492e4a908dd","D08","MAYF","MAYF.AOS.reach","2017-03-14T14:11Z","2017-06-09","MAYF.20170314.SNAG.5",,,"CHISP6","Y","Chironomini sp.",,,"Arthropoda","Hexapoda",,,,,"Diptera","Nematocera",,,"Chironomidae","Chironominae","Chironomini",,,,,"larva",1,,1,100,1,"Y","N","condition OK","N","129229","ITIS",,"Epler 2001","N","EcoAnalysts Inc.","G. Wallace",,
"75bc8b01-2b5a-4603-ae7c-b972ce49e810","D08","MAYF","MAYF.AOS.reach","2017-03-14T14:11Z","2017-06-09","MAYF.20170314.SNAG.5",,,"POLSCA","Y","Polypedilum scalaenum gr.",,,"Arthropoda","Hexapoda",,,,,"Diptera","Nematocera",,,"Chironomidae","Chironominae","Chironomini",,,"scalaenum gr.",,"larva",1,,3,100,3,"N","N","condition OK","Y",,,,"Epler 2001; Maschwitz and Cook 2000","N","EcoAnalysts Inc.","G. Wallace",,
"5f996c38-3b6c-49c8-aa6d-314fe42bd719","D08","MAYF","MAYF.AOS.reach","2017-03-14T14:11Z","2017-11-01","MAYF.20170314.SNAG.3",,,"NAISP","Y","Naididae sp.","tubificoid Naididae w/ cap setae",,"Annelida",,"Oligochaeta","Oligochaeta",,,"Tubificida",,,,"Naididae","tubificoid Naididae",,,,,,"larva",7,,1,100,1,"N","N","condition OK","Y","68585","ITIS",,"Kathman and Brinkhurst 1999","N","EcoAnalysts Inc.","C. Fishel",,
"c1f575da-2285-4b4c-8912-1f63147884fc","D08","MAYF","MAYF.AOS.reach","2017-03-14T14:11Z","2017-06-09","MAYF.20170314.SNAG.1",,,"PSESP16","Y","Pseudorthocladius sp.",,,"Arthropoda","Hexapoda",,,,,"Diptera","Nematocera",,,"Chironomidae","Orthocladiinae",,,,,,"larva",4,,1,100,1,"N","N","condition OK","Y","129052","ITIS",,"Epler 2001; Maschwitz and Cook 2000","N","EcoAnalysts Inc.","G. Wallace",,
"3fe72068-a8aa-4ce5-a849-9acabe679d20","D08","MAYF","MAYF.AOS.reach","2017-03-14T14:11Z","2017-06-09","MAYF.20170314.SNAG.2",,,"CORSP19","Y","Corynoneura sp.",,,"Arthropoda","Hexapoda",,,,,"Diptera","Nematocera",,,"Chironomidae","Orthocladiinae",,,,,,"larva",2,,1,100,1,"N","N","condition OK","Y","128563","ITIS",,"Epler 2001","N","EcoAnalysts Inc.","G. Wallace",,
"7ecf5df8-b70e-4e71-8e82-c36eb159c2b2","D08","MAYF","MAYF.AOS.reach","2017-03-14T14:11Z","2017-06-09","MAYF.20170314.SNAG.4",,,"STEPER","Y","Kribiodorum perpulchrum",,,"Arthropoda","Hexapoda",,,,,"Diptera","Nematocera",,,"Chironomidae","Chironominae","Chironomini",,,"perpulchrum",,"larva",1,,1,100,1,"N","N","condition OK","Y",,,,"Epler 2001; Maschwitz and Cook 2000","N","EcoAnalysts Inc.","G. Wallace",,
"e5723ec1-82f9-429e-acc5-32b3ad8a233c","D08","MAYF","MAYF.AOS.reach","2017-03-14T14:11Z","2017-06-09","MAYF.20170314.SNAG.4",,,"ORTSP1","Y","Orthocladiinae sp.",,,"Arthropoda","Hexapoda",,,,,"Diptera","Nematocera",,,"Chironomidae","Orthocladiinae",,,,,,"larva",1,,1,100,1,"Y","N","condition OK","N","128457","ITIS",,"Epler 2001","N","EcoAnalysts Inc.","G. Wallace",,
"8fb5885d-3927-41de-a9a6-03fe00a142f5","D08","MAYF","MAYF.AOS.reach","2017-03-14T14:11Z","2017-06-09","MAYF.20170314.SNAG.5",,,"POLEPL","Y","Polypedilum epleri",,,"Arthropoda","Hexapoda",,,,,"Diptera","Nematocera",,,"Chironomidae","Chironominae","Chironomini",,,"epleri",,"larva",3,,2,100,2,"N","N","condition OK","Y",,,,"Epler 2001; Maschwitz and Cook 2000","N","EcoAnalysts Inc.","G. Wallace",,
"37103ef4-5e2d-484a-af32-37e273dc0e31","D08","MAYF","MAYF.AOS.reach","2017-03-14T14:11Z","2017-11-01","MAYF.20170314.SNAG.2",,,"ENCSP1","Y","Enchytraeidae sp.",,,"Annelida",,"Oligochaeta","Oligochaeta",,,"Enchytraeida",,,,"Enchytraeidae",,,,,,,"larva",2,,11,100,11,"N","N","condition OK","Y","68510","ITIS",,"Kathman and Brinkhurst 1999","N","EcoAnalysts Inc.","C. Fishel",,
"ab1b7c49-0b72-4327-845f-331040aab9e0","D08","MAYF","MAYF.AOS.reach","2017-03-14T14:11Z","2017-11-17","MAYF.20170314.SNAG.2",,,"BRASP3","Y","Brachycera sp.",,,"Arthropoda","Hexapoda",,,,,"Diptera","Brachycera",,,,,,,,,,"larva",1,,9,100,9,"Y","N","condition OK","Y","130052","ITIS",,"Merritt and Cummins 2008","N","EcoAnalysts Inc.","C. Fishel",,
"288b03d3-c185-46c3-bbf7-5d8c8ce4c4ea","D08","MAYF","MAYF.AOS.reach","2017-03-14T14:11Z","2017-06-09","MAYF.20170314.SNAG.5",,,"TANSP11","Y","Tanytarsus sp.",,,"Arthropoda","Hexapoda",,,,,"Diptera","Nematocera",,,"Chironomidae","Chironominae","Tanytarsini",,,,,"larva",2,,4,100,4,"N","N","condition OK","Y","129978","ITIS",,"Epler 2001","N","EcoAnalysts Inc.","G. Wallace",,
"77be0e2d-8374-43ad-8c95-d285cf2bdf5f","D08","MAYF","MAYF.AOS.reach","2017-03-14T14:11Z","2017-11-19","MAYF.20170314.SNAG.4",,,"TORSP6","Y","Torrenticola sp.",,,"Arthropoda","Chelicerata","Acari","Acari",,"Acariformes","Trombidiformes",,,,"Torrenticolidae",,,,,,,"larva",1,,17,100,17,"N","N","condition OK","Y","83254","ITIS",,"Thorp and Covich 2001","N","EcoAnalysts Inc.","C. Fishel",,
"f8c5c278-dc00-4727-b7d0-0eb881bdf7fe","D08","MAYF","MAYF.AOS.reach","2017-03-14T14:11Z","2017-11-01","MAYF.20170314.SNAG.3",,,"ENCSP1","Y","Enchytraeidae sp.",,,"Annelida",,"Oligochaeta","Oligochaeta",,,"Enchytraeida",,,,"Enchytraeidae",,,,,,,"larva",4,,2,100,2,"N","N","condition OK","Y","68510","ITIS",,"Kathman and Brinkhurst 1999","N","EcoAnalysts Inc.","C. Fishel",,
"185f0e2f-a6ab-4533-8f37-ebc99543bcf8","D08","MAYF","MAYF.AOS.reach","2017-03-14T14:11Z","2017-11-20","MAYF.20170314.SNAG.5",,,"BEZSP1","Y","Bezzia/Palpomyia sp.",,,"Arthropoda","Hexapoda",,,,,"Diptera","Nematocera",,,"Ceratopogonidae","Ceratopogoninae",,,,,,"larva",3,,1,100,1,"N","N","condition OK","Y","127778","ITIS",,"Merritt and Cummins 2008","N","EcoAnalysts Inc.","C. Fishel",,
"0349f1bf-0e39-4bee-8967-e1db44458fa0","D08","MAYF","MAYF.AOS.reach","2017-03-14T14:11Z","2017-06-09","MAYF.20170314.SNAG.5",,,"CORSP19","Y","Corynoneura sp.",,,"Arthropoda","Hexapoda",,,,,"Diptera","Nematocera",,,"Chironomidae","Orthocladiinae",,,,,,"larva",1,,1,100,1,"N","N","condition OK","Y","128563","ITIS",,"Epler 2001","N","EcoAnalysts Inc.","G. Wallace",,
"b8dfab31-9aa4-40aa-b1eb-0055623a101a","D08","MAYF","MAYF.AOS.reach","2017-03-14T14:11Z","2017-06-09","MAYF.20170314.SNAG.4",,,"RHESP4","Y","Rheosmittia sp.",,,"Arthropoda","Hexapoda",,,,,"Diptera","Nematocera",,,"Chironomidae","Orthocladiinae",,,,,,"larva",2,,1,100,1,"N","N","condition OK","Y","129107","ITIS",,"Epler 2001; Maschwitz and Cook 2000","N","EcoAnalysts Inc.","G. Wallace",,
"55279de8-bc43-4a29-88da-92dad2557be3","D08","MAYF","MAYF.AOS.reach","2017-03-14T14:11Z","2017-11-01","MAYF.20170314.SNAG.2",,,"ENCSP1","Y","Enchytraeidae sp.",,,"Annelida",,"Oligochaeta","Oligochaeta",,,"Enchytraeida",,,,"Enchytraeidae",,,,,,,"larva",1,,1,100,1,"N","N","condition OK","Y","68510","ITIS",,"Kathman and Brinkhurst 1999","N","EcoAnalysts Inc.","C. Fishel",,
"fd47fe26-fa91-4a7e-b161-326ef9c8e736","D08","MAYF","MAYF.AOS.reach","2017-03-14T14:11Z","2017-11-20","MAYF.20170314.SNAG.5",,,"PERSP6","Y","Perlesta sp.",,,"Arthropoda","Hexapoda","Pterygota","Pterygota","Neoptera",,"Plecoptera",,,,"Perlidae",,,,,,,"larva",1,,3,100,3,"N","N","condition OK","Y","103251","ITIS",,"Stewart and Stark 2003","N","EcoAnalysts Inc.","C. Fishel",,
"f6365e46-f0f5-495d-8a1a-135d00b04855","D08","MAYF","MAYF.AOS.reach","2017-03-14T14:11Z","2017-06-09","MAYF.20170314.SNAG.5",,,"THIGRO","Y","Thienemannimyia gr.",,,"Arthropoda","Hexapoda",,,,,"Diptera","Nematocera",,,"Chironomidae","Tanypodinae","Pentaneurini",,,,,"larva",3,,2,100,2,"N","N","condition OK","Y",,,,"Epler 2001","N","EcoAnalysts Inc.","G. Wallace",,
"d685924a-53ed-4284-aac1-023c8a639c7b","D08","MAYF","MAYF.AOS.reach","2017-03-14T14:11Z","2017-06-09","MAYF.20170314.SNAG.2",,,"POLILL","Y","Polypedilum illinoense gr.",,,"Arthropoda","Hexapoda",,,,,"Diptera","Nematocera",,,"Chironomidae","Chironominae","Chironomini",,,"illinoense gr.",,"larva",1,,1,100,1,"N","N","condition OK","Y",,,,"Epler 2001; Maschwitz and Cook 2000","N","EcoAnalysts Inc.","G. Wallace",,
"9ad21494-1526-4478-aede-7a4c1ba83f38","D08","MAYF","MAYF.AOS.reach","2017-03-14T14:11Z","2017-11-19","MAYF.20170314.SNAG.4",,,"OECSP","Y","Oecetis sp.",,,"Arthropoda","Hexapoda","Pterygota","Pterygota","Neoptera",,"Trichoptera",,,,"Leptoceridae",,,,,,,"larva",1,,2,100,2,"Y","N","condition OK","Y","116607","ITIS",,"Wiggins 1996","N","EcoAnalysts Inc.","C. Fishel",,
"17d6177c-d30b-49ea-a84a-37b650cdcee6","D08","MAYF","MAYF.AOS.reach","2017-03-14T14:11Z","2017-11-15","MAYF.20170314.SNAG.3",,,"LIMSP22","Y","Limonia sp.",,,"Arthropoda","Hexapoda",,,,,"Diptera",,,,"Tipulidae","Limoniinae","Limoniini",,,,,"larva",7,,1,100,1,"N","N","condition OK","Y","119704","ITIS",,"Merritt and Cummins 2008","N","EcoAnalysts Inc.","C. Fishel",,
"00b1a206-8203-4b43-a928-c9f10b047c26","D08","MAYF","MAYF.AOS.reach","2017-03-14T14:11Z","2017-11-01","MAYF.20170314.SNAG.4",,,"ENCSP1","Y","Enchytraeidae sp.",,,"Annelida",,"Oligochaeta","Oligochaeta",,,"Enchytraeida",,,,"Enchytraeidae",,,,,,,"larva",4,,1,100,1,"N","N","condition OK","Y","68510","ITIS",,"Kathman and Brinkhurst 1999","N","EcoAnalysts Inc.","C. Fishel",,
"6bda0b45-ef8c-4d05-be8a-f7effd9840fa","D08","MAYF","MAYF.AOS.reach","2017-03-14T14:11Z","2017-11-01","MAYF.20170314.SNAG.3",,,"ENCSP1","Y","Enchytraeidae sp.",,,"Annelida",,"Oligochaeta","Oligochaeta",,,"Enchytraeida",,,,"Enchytraeidae",,,,,,,"larva",1,,8,100,8,"N","N","condition OK","Y","68510","ITIS",,"Kathman and Brinkhurst 1999","N","EcoAnalysts Inc.","C. Fishel",,
"fbc6ea85-b715-4bdd-949c-6f088a462147","D08","MAYF","MAYF.AOS.reach","2017-03-14T14:11Z","2017-06-09","MAYF.20170314.SNAG.4",,,"THISP2","Y","Thienemanniella sp.",,,"Arthropoda","Hexapoda",,,,,"Diptera","Nematocera",,,"Chironomidae","Orthocladiinae",,,,,,"pupa",1,,1,100,1,"N","N","condition OK","Y","129182","ITIS",,"Epler 2001","N","EcoAnalysts Inc.","G. Wallace",,
"f3dd7292-6e20-4cd8-9554-5f10778412ae","D08","MAYF","MAYF.AOS.reach","2017-03-14T14:11Z","2017-06-09","MAYF.20170314.SNAG.3",,,"NANSP1","Y","Nanocladius sp.",,,"Arthropoda","Hexapoda",,,,,"Diptera","Nematocera",,,"Chironomidae","Orthocladiinae",,,,,,"larva",3,,1,100,1,"N","N","condition OK","Y","128844","ITIS",,"Epler 2001; Maschwitz and Cook 2000","N","EcoAnalysts Inc.","G. Wallace",,
"4adf668f-6944-44f8-b445-145d16342c8e","D08","MAYF","MAYF.AOS.reach","2017-03-14T14:11Z","2017-06-09","MAYF.20170314.SNAG.5",,,"CRISP6","Y","Cricotopus/Orthocladius sp.",,,"Arthropoda","Hexapoda",,,,,"Diptera","Nematocera",,,"Chironomidae","Orthocladiinae",,,,,,"larva",5,,2,100,2,"N","N","condition OK","Y",,,,"Epler 2001; Maschwitz and Cook 2000","N","EcoAnalysts Inc.","G. Wallace",,
"040bcbd4-9c74-475b-93b2-b27ec97f8fa3","D08","MAYF","MAYF.AOS.reach","2017-03-14T14:11Z","2017-11-15","MAYF.20170314.SNAG.3",,,"DASSP2","Y","Dasyhelea sp.",,,"Arthropoda","Hexapoda",,,,,"Diptera","Nematocera",,,"Ceratopogonidae","Dasyheleinae",,,,,,"larva",2,,1,100,1,"N","N","condition OK","Y","127278","ITIS",,"Merritt and Cummins 2008","N","EcoAnalysts Inc.","C. Fishel",,
"2e8c80e5-d5a3-49b2-bec8-fc9d94d5a959","D08","MAYF","MAYF.AOS.reach","2017-03-14T14:11Z","2017-06-09","MAYF.20170314.SNAG.5",,,"CORSP19","Y","Corynoneura sp.",,,"Arthropoda","Hexapoda",,,,,"Diptera","Nematocera",,,"Chironomidae","Orthocladiinae",,,,,,"larva",3,,2,100,2,"N","N","condition OK","Y","128563","ITIS",,"Epler 2001","N","EcoAnalysts Inc.","G. Wallace",,
"fa6ef9bd-4cd9-4a30-bb5f-34c269ce8bc8","D08","MAYF","MAYF.AOS.reach","2017-03-14T14:11Z","2017-06-09","MAYF.20170314.SNAG.5",,,"POLEPL","Y","Polypedilum epleri",,,"Arthropoda","Hexapoda",,,,,"Diptera","Nematocera",,,"Chironomidae","Chironominae","Chironomini",,,"epleri",,"larva",2,,4,100,4,"N","N","condition OK","Y",,,,"Epler 2001; Maschwitz and Cook 2000","N","EcoAnalysts Inc.","G. Wallace",,
"7ece8b84-0908-4a9c-a0c1-ded956d4cc32","D08","MAYF","MAYF.AOS.reach","2017-03-14T14:11Z","2017-06-09","MAYF.20170314.SNAG.5",,,"THIGRO","Y","Thienemannimyia gr.",,,"Arthropoda","Hexapoda",,,,,"Diptera","Nematocera",,,"Chironomidae","Tanypodinae","Pentaneurini",,,,,"larva",5,,2,100,2,"N","N","condition OK","Y",,,,"Epler 2001","N","EcoAnalysts Inc.","G. Wallace",,
"46e7defc-e4b7-4a15-a251-b2204513e6f7","D08","MAYF","MAYF.AOS.reach","2017-03-14T14:11Z","2017-06-09","MAYF.20170314.SNAG.5",,,"THISP2","Y","Thienemanniella sp.",,,"Arthropoda","Hexapoda",,,,,"Diptera","Nematocera",,,"Chironomidae","Orthocladiinae",,,,,,"larva",2,,10,100,10,"N","N","condition OK","Y","129182","ITIS",,"Epler 2001","N","EcoAnalysts Inc.","G. Wallace",,
"308cb7ea-5cad-4bf3-a704-988b53068a11","D08","MAYF","MAYF.AOS.reach","2017-03-14T14:11Z","2017-11-01","MAYF.20170314.SNAG.1",,,"MEGSP3","Y","Megascolecidae sp.",,,"Annelida",,"Oligochaeta","Oligochaeta",,,"Opisthopora","Lumbricina",,,"Megascolecidae",,,,,,,"larva",12,,2,100,2,"N","N","condition OK","Y",,,,"Kathman and Brinkhurst 1998","N","EcoAnalysts Inc.","C. Fishel",,
"5ce2c6a2-3e6c-47e2-8a33-9d0362bf8dc4","D08","MAYF","MAYF.AOS.reach","2017-03-14T14:11Z","2017-11-20","MAYF.20170314.SNAG.5",,,"BEZSP1","Y","Bezzia/Palpomyia sp.",,,"Arthropoda","Hexapoda",,,,,"Diptera","Nematocera",,,"Ceratopogonidae","Ceratopogoninae",,,,,,"larva",5,,1,100,1,"N","N","condition OK","Y","127778","ITIS",,"Merritt and Cummins 2008","N","EcoAnalysts Inc.","C. Fishel",,
"c51297c9-fa45-4276-9d29-2ebf81929853","D08","MAYF","MAYF.AOS.reach","2017-03-14T14:11Z","2017-11-17","MAYF.20170314.SNAG.2",,,"ANIPYR","Y","Anisocentropus pyraloides",,,"Arthropoda","Hexapoda","Pterygota","Pterygota","Neoptera",,"Trichoptera",,,,"Calamoceratidae",,,,,"pyraloides",,"larva",4,,1,100,1,"N","N","condition OK","Y",,,,"Wiggins 1996","N","EcoAnalysts Inc.","C. Fishel",,
"ecb98d47-5e43-4933-90bf-e3d15aa8a3b4","D08","MAYF","MAYF.AOS.reach","2017-03-14T14:11Z","2017-11-19","MAYF.20170314.SNAG.4",,,"NYCSP","Y","Nyctiophylax sp.",,,"Arthropoda","Hexapoda","Pterygota","Pterygota","Neoptera",,"Trichoptera",,,,"Polycentropodidae",,,,,,,"larva",1,,1,100,1,"N","N","condition OK","Y","117104","ITIS",,"Wiggins 1996","N","EcoAnalysts Inc.","C. Fishel",,
"28552d0e-b052-4940-aee1-609bc04c6b37","D08","MAYF","MAYF.AOS.reach","2017-03-14T14:11Z","2017-11-19","MAYF.20170314.SNAG.1",,,"LEUSP2","Y","Leuctridae sp.",,,"Arthropoda","Hexapoda","Pterygota","Pterygota","Neoptera",,"Plecoptera",,,,"Leuctridae",,,,,,,"larva",2,,1,100,1,"Y","N","condition OK","Y","102840","ITIS",,"Stewart and Stark 2003","N","EcoAnalysts Inc.","C. Fishel",,
"154992f0-5b9b-4fa2-9d3d-9f3b1ce04ca0","D08","MAYF","MAYF.AOS.reach","2017-03-14T14:11Z","2017-06-09","MAYF.20170314.CORE.2",,,"POLHAL","Y","Polypedilum halterale gr.",,,"Arthropoda","Hexapoda",,,,,"Diptera","Nematocera",,,"Chironomidae","Chironominae","Chironomini",,,"halterale gr.",,"larva",3,,2,100,2,"N","N","condition OK","Y",,,,"Epler 2001; Maschwitz and Cook 2000","N","EcoAnalysts Inc.","G. Wallace",,
"f491d727-5857-48ba-8f55-992a749b4f9e","D08","MAYF","MAYF.AOS.reach","2017-03-14T14:11Z","2017-06-09","MAYF.20170314.SNAG.4",,,"STEPER","Y","Kribiodorum perpulchrum",,,"Arthropoda","Hexapoda",,,,,"Diptera","Nematocera",,,"Chironomidae","Chironominae","Chironomini",,,"perpulchrum",,"larva",2,,1,100,1,"N","N","condition OK","Y",,,,"Epler 2001; Maschwitz and Cook 2000","N","EcoAnalysts Inc.","G. Wallace",,
"111473a9-62bf-47dd-abca-527f02df3f7f","D08","MAYF","MAYF.AOS.reach","2017-03-14T14:11Z","2017-06-09","MAYF.20170314.SNAG.5",,,"POLCON1","Y","Polypedilum convictum",,,"Arthropoda","Hexapoda",,,,,"Diptera","Nematocera",,,"Chironomidae","Chironominae","Chironomini",,,"convictum",,"larva",2,,1,100,1,"N","N","condition OK","Y",,,,"Maschwitz and Cook 2000","N","EcoAnalysts Inc.","G. Wallace",,
"dd4b6f9c-56e2-4ae8-b1bf-f427cb46da92","D08","MAYF","MAYF.AOS.reach","2017-03-14T14:11Z","2017-11-19","MAYF.20170314.SNAG.4",,,"SPESP5","Y","Sperchonopsis sp.",,,"Arthropoda","Chelicerata","Acari","Acari",,"Acariformes","Trombidiformes",,,,"Sperchontidae",,,,,,,"larva",1,,1,100,1,"N","N","condition OK","Y","83029","ITIS",,"Thorp and Covich 2001","N","EcoAnalysts Inc.","C. Fishel",,
"9ab3b7e2-c4cf-4303-8866-8aeca6e3a06b","D08","MAYF","MAYF.AOS.reach","2017-03-14T14:11Z","2017-06-09","MAYF.20170314.SNAG.2",,,"PSESP16","Y","Pseudorthocladius sp.",,,"Arthropoda","Hexapoda",,,,,"Diptera","Nematocera",,,"Chironomidae","Orthocladiinae",,,,,,"larva",2,,1,100,1,"N","N","condition OK","Y","129052","ITIS",,"Epler 2001; Maschwitz and Cook 2000","N","EcoAnalysts Inc.","G. Wallace",,
"8e9464de-fc2e-4884-9853-f97a73be329d","D08","MAYF","MAYF.AOS.reach","2017-03-14T14:11Z","2017-06-09","MAYF.20170314.SNAG.1",,,"POLILL","Y","Polypedilum illinoense gr.",,,"Arthropoda","Hexapoda",,,,,"Diptera","Nematocera",,,"Chironomidae","Chironominae","Chironomini",,,"illinoense gr.",,"larva",2,,1,100,1,"N","N","condition OK","Y",,,,"Epler 2001; Maschwitz and Cook 2000","N","EcoAnalysts Inc.","G. Wallace",,
"a5530821-cd61-456c-8f18-34c0f6ae5b12","D08","MAYF","MAYF.AOS.reach","2017-03-14T14:11Z","2017-06-09","MAYF.20170314.SNAG.1",,,"THIGRO","Y","Thienemannimyia gr.",,,"Arthropoda","Hexapoda",,,,,"Diptera","Nematocera",,,"Chironomidae","Tanypodinae","Pentaneurini",,,,,"larva",2,,1,100,1,"N","N","condition OK","Y",,,,"Epler 2001","N","EcoAnalysts Inc.","G. Wallace",,
"909db58f-669d-4536-bf4a-aba3dd42e0e0","D08","MAYF","MAYF.AOS.reach","2017-03-14T14:11Z","2017-06-09","MAYF.20170314.SNAG.5",,,"PARSP26","Y","Parametriocnemus sp.",,,"Arthropoda","Hexapoda",,,,,"Diptera","Nematocera",,,"Chironomidae","Orthocladiinae",,,,,,"larva",2,,2,100,2,"N","N","condition OK","Y","128978","ITIS",,"Epler 2001","N","EcoAnalysts Inc.","G. Wallace",,
"c08e809d-6ef8-4bc0-90be-f9849a4dc786","D08","MAYF","MAYF.AOS.reach","2017-03-14T14:11Z","2017-11-01","MAYF.20170314.SNAG.1",,,"ENCSP1","Y","Enchytraeidae sp.",,,"Annelida",,"Oligochaeta","Oligochaeta",,,"Enchytraeida",,,,"Enchytraeidae",,,,,,,"larva",4,,9,100,9,"N","N","condition OK","Y","68510","ITIS",,"Kathman and Brinkhurst 1999","N","EcoAnalysts Inc.","C. Fishel",,
"02473564-64d6-475e-80b8-fb4faf71feac","D08","MAYF","MAYF.AOS.reach","2017-03-14T14:11Z","2017-06-09","MAYF.20170314.SNAG.3",,,"TANSP11","Y","Tanytarsus sp.",,,"Arthropoda","Hexapoda",,,,,"Diptera","Nematocera",,,"Chironomidae","Chironominae","Tanytarsini",,,,,"larva",1,,1,100,1,"N","N","condition OK","Y","129978","ITIS",,"Epler 2001","N","EcoAnalysts Inc.","G. Wallace",,
"b81adcde-4f5b-4a40-aacb-8f90582aed5e","D08","MAYF","MAYF.AOS.reach","2017-03-14T14:11Z","2017-11-15","MAYF.20170314.SNAG.3",,,"SIMSP1","Y","Simulium sp.",,,"Arthropoda","Hexapoda",,,,,"Diptera","Nematocera",,,"Simuliidae",,,,,,,"larva",1,,1,100,1,"N","N","condition OK","Y","126774","ITIS",,"Merritt and Cummins 2008","N","EcoAnalysts Inc.","C. Fishel",,
"3ce7f3b9-6beb-45a6-9105-327d79c202c4","D08","MAYF","MAYF.AOS.reach","2017-03-14T14:11Z","2017-11-01","MAYF.20170314.CORE.2",,,"LUMSP2","Y","Lumbriculidae sp.",,,"Annelida",,"Oligochaeta","Oligochaeta",,,"Lumbriculida",,,,"Lumbriculidae",,,,,,,"larva",4,,1,100,1,"N","N","condition OK","Y","68440","ITIS",,"Kathman and Brinkhurst 1999","N","EcoAnalysts Inc.","C. Fishel",,
"65f38661-efae-493a-9f67-cd965383b1d6","D08","MAYF","MAYF.AOS.reach","2017-03-14T14:11Z","2017-11-20","MAYF.20170314.SNAG.5",,,"LYPDIV","Y","Lype diversa",,,"Arthropoda","Hexapoda","Pterygota","Pterygota","Neoptera",,"Trichoptera",,,,"Psychomyiidae",,,,,"diversa",,"larva",1,,1,100,1,"N","N","condition OK","Y","115392","ITIS",,"Wiggins 1996","N","EcoAnalysts Inc.","C. Fishel",,
"e002be24-c122-4c15-b497-1f1868d8dcfe","D08","MAYF","MAYF.AOS.reach","2017-03-14T14:11Z","2017-10-26","MAYF.20170314.SNAG.3",,,"LUMSP2","Y","Lumbriculidae sp.",,,"Annelida",,"Oligochaeta","Oligochaeta",,,"Lumbriculida",,,,"Lumbriculidae",,,,,,,"larva",45,,1,100,1,"N","N","condition OK","Y","68440","ITIS",,"Kathman and Brinkhurst 1999","N","EcoAnalysts Inc.","C. Fishel",,
"53747cc5-b79c-42f9-bab6-05f13901697c","D08","MAYF","MAYF.AOS.reach","2017-03-14T14:11Z","2017-06-09","MAYF.20170314.SNAG.4",,,"NILFIM","Y","Nilotanypus fimbriatus",,,"Arthropoda","Hexapoda",,,,,"Diptera","Nematocera",,,"Chironomidae","Tanypodinae","Pentaneurini",,,"fimbriatus",,"larva",1,,3,100,3,"N","N","condition OK","Y","128203","ITIS",,"Epler 2001","N","EcoAnalysts Inc.","G. Wallace",,
"c4c497b9-f696-4478-836c-9b6f9d0e85b0","D08","MAYF","MAYF.AOS.reach","2017-03-14T14:11Z","2017-11-15","MAYF.20170314.SNAG.3",,,"CERSP10","Y","Ceratopogoninae sp.",,,"Arthropoda","Hexapoda",,,,,"Diptera","Nematocera",,,"Ceratopogonidae","Ceratopogoninae",,,,,,"larva",3,,2,100,2,"N","N","condition OK","Y","127338","ITIS",,"Merritt and Cummins 2008","N","EcoAnalysts Inc.","C. Fishel",,
"96b5b8ff-1d13-46c1-bb20-b1c0687e6820","D08","MAYF","MAYF.AOS.reach","2017-03-14T14:11Z","2017-11-19","MAYF.20170314.SNAG.2",,,"CERSP10","Y","Ceratopogoninae sp.",,,"Arthropoda","Hexapoda",,,,,"Diptera","Nematocera",,,"Ceratopogonidae","Ceratopogoninae",,,,,,"larva",2,,8,100,8,"Y","Y","condition OK","Y","127338","ITIS",,"Merritt and Cummins 2008","N","EcoAnalysts Inc.","C. Fishel",,
"82230971-a4ed-4134-91c5-63a7fe64411f","D08","MAYF","MAYF.AOS.reach","2017-03-14T14:11Z","2017-11-19","MAYF.20170314.SNAG.1",,,"ACASP1","Y","Acari sp.",,,"Arthropoda","Chelicerata","Acari","Acari",,,,,,,,,,,,,,"larva",1,,3,100,3,"N","Y","condition OK","Y","82754","ITIS",,"Thorp and Covich 2001","N","EcoAnalysts Inc.","C. Fishel",,
"243750a2-7f0f-4041-a89a-f0821dd6e004","D08","MAYF","MAYF.AOS.reach","2017-03-14T14:11Z","2017-06-09","MAYF.20170314.SNAG.3",,,"THISP2","Y","Thienemanniella sp.",,,"Arthropoda","Hexapoda",,,,,"Diptera","Nematocera",,,"Chironomidae","Orthocladiinae",,,,,,"larva",2,,1,100,1,"N","N","condition OK","Y","129182","ITIS",,"Epler 2001","N","EcoAnalysts Inc.","G. Wallace",,
"26bea3c1-04ed-4e97-9fac-31beb2b77f14","D08","MAYF","MAYF.AOS.reach","2017-03-14T14:11Z","2017-06-09","MAYF.20170314.SNAG.1",,,"HETMAR","Y","Heterotrissocladius marcidus gr.",,,"Arthropoda","Hexapoda",,,,,"Diptera","Nematocera",,,"Chironomidae","Orthocladiinae",,,,"marcidus gr.",,"larva",1,,1,100,1,"N","N","condition OK","Y",,,,"Epler 2001","N","EcoAnalysts Inc.","G. Wallace",,
"9ef7d0cf-dc75-45a3-b996-6330faa65fb8","D08","MAYF","MAYF.AOS.reach","2017-03-14T14:11Z","2017-11-20","MAYF.20170314.SNAG.5",,,"LEUSP2","Y","Leuctridae sp.",,,"Arthropoda","Hexapoda","Pterygota","Pterygota","Neoptera",,"Plecoptera",,,,"Leuctridae",,,,,,,"larva",2,,2,100,2,"Y","N","condition OK","Y","102840","ITIS",,"Stewart and Stark 2003","N","EcoAnalysts Inc.","C. Fishel",,
"b659cdbd-712e-41d1-9105-46399258645c","D08","MAYF","MAYF.AOS.reach","2017-03-14T14:11Z","2017-06-09","MAYF.20170314.SNAG.5",,,"POLSCA","Y","Polypedilum scalaenum gr.",,,"Arthropoda","Hexapoda",,,,,"Diptera","Nematocera",,,"Chironomidae","Chironominae","Chironomini",,,"scalaenum gr.",,"larva",2,,11,100,11,"N","N","condition OK","Y",,,,"Epler 2001; Maschwitz and Cook 2000","N","EcoAnalysts Inc.","G. Wallace",,
"12a47f02-214c-4362-b77f-2bb24eebdcbe","D08","MAYF","MAYF.AOS.reach","2017-03-14T14:11Z","2017-11-20","MAYF.20170314.SNAG.5",,,"STESP6","Y","Stenelmis sp.",,,"Arthropoda","Hexapoda","Pterygota","Pterygota","Neoptera",,"Coleoptera","Polyphaga",,,"Elmidae",,,,,,,"larva",4,,1,100,1,"N","N","condition OK","Y","114095","ITIS",,"Merritt and Cummins 2008","N","EcoAnalysts Inc.","C. Fishel",,
"0080ceed-b816-4e79-80b5-c2d749a8e080","D08","MAYF","MAYF.AOS.reach","2017-03-14T14:11Z","2017-11-01","MAYF.20170314.SNAG.4",,,"NAISP","Y","Naididae sp.","tubificoid Naididae w/o cap setae",,"Annelida",,"Oligochaeta","Oligochaeta",,,"Tubificida",,,,"Naididae","tubificoid Naididae",,,,,,"larva",2,,1,100,1,"N","N","condition OK","Y","68585","ITIS",,"Kathman and Brinkhurst 1998","N","EcoAnalysts Inc.","C. Fishel",,
"f821f032-f968-4311-b861-7cd8cf66efd2","D08","MAYF","MAYF.AOS.reach","2017-03-14T14:11Z","2017-11-01","MAYF.20170314.CORE.2",,,"NAISP","Y","Naididae sp.","tubificoid Naididae w/o cap setae",,"Annelida",,"Oligochaeta","Oligochaeta",,,"Tubificida",,,,"Naididae","tubificoid Naididae",,,,,,"larva",2,,2,100,2,"N","N","condition OK","Y","68585","ITIS",,"Kathman and Brinkhurst 1998","N","EcoAnalysts Inc.","C. Fishel",,
"5213db70-dc91-483c-89f1-b092e86e9f1b","D08","MAYF","MAYF.AOS.reach","2017-03-14T14:11Z","2017-11-01","MAYF.20170314.SNAG.4",,,"ENCSP1","Y","Enchytraeidae sp.",,,"Annelida",,"Oligochaeta","Oligochaeta",,,"Enchytraeida",,,,"Enchytraeidae",,,,,,,"larva",3,,2,100,2,"N","N","condition OK","Y","68510","ITIS",,"Kathman and Brinkhurst 1999","N","EcoAnalysts Inc.","C. Fishel",,
"f7d93cda-99c7-4434-adb4-4000721a6172","D08","MAYF","MAYF.AOS.reach","2017-03-14T14:11Z","2017-11-15","MAYF.20170314.SNAG.3",,,"ERISP11","Y","Eriopterini sp.",,,"Arthropoda","Hexapoda",,,,,"Diptera",,,,"Tipulidae","Limoniinae","Eriopterini",,,,,"larva",3,,1,100,1,"Y","N","condition OK","Y",,,,"Merritt and Cummins 2008","N","EcoAnalysts Inc.","C. Fishel",,
"eff49c2e-4937-4fb2-aada-cb69dec1686e","D08","MAYF","MAYF.AOS.reach","2017-03-14T14:11Z","2017-06-09","MAYF.20170314.SNAG.5",,,"POLILL","Y","Polypedilum illinoense gr.",,,"Arthropoda","Hexapoda",,,,,"Diptera","Nematocera",,,"Chironomidae","Chironominae","Chironomini",,,"illinoense gr.",,"larva",2,,1,100,1,"N","N","condition OK","Y",,,,"Epler 2001; Maschwitz and Cook 2000","N","EcoAnalysts Inc.","G. Wallace",,
"fd99163f-7e23-4fdb-b2dc-3e5f6f4a8d28","D08","MAYF","MAYF.AOS.reach","2017-03-14T14:11Z","2017-11-17","MAYF.20170314.SNAG.2",,,"SPESP5","Y","Sperchonopsis sp.",,,"Arthropoda","Chelicerata","Acari","Acari",,"Acariformes","Trombidiformes",,,,"Sperchontidae",,,,,,,"larva",1,,1,100,1,"N","N","condition OK","Y","83029","ITIS",,"Thorp and Covich 2001","N","EcoAnalysts Inc.","C. Fishel",,
"239c24b1-a979-4f7d-84d4-ec7ad56528ec","D08","MAYF","MAYF.AOS.reach","2017-03-14T14:11Z","2017-11-20","MAYF.20170314.SNAG.5",,,"ORISP1","Y","Oribatei sp.",,,"Arthropoda","Chelicerata","Acari","Acari",,"Acariformes",,"Oribatei",,,,,,,,,,"larva",1,,1,100,1,"N","N","condition OK","Y","83544","ITIS",,"Thorp and Covich 2001","N","EcoAnalysts Inc.","C. Fishel",,
"f98f23f5-5459-4cfe-94df-2479da76ffe1","D08","MAYF","MAYF.AOS.reach","2017-03-14T14:11Z","2017-06-09","MAYF.20170314.SNAG.3",,,"PARSP25","Y","Parakiefferiella sp.",,,"Arthropoda","Hexapoda",,,,,"Diptera","Nematocera",,,"Chironomidae","Orthocladiinae",,,,,,"larva",1,,1,100,1,"N","N","condition OK","Y","128968","ITIS",,"Epler 2001","N","EcoAnalysts Inc.","G. Wallace",,
"2f2b8ba6-42f5-4b03-9c61-bd51c7044da3","D08","MAYF","MAYF.AOS.reach","2017-03-14T14:11Z","2017-11-17","MAYF.20170314.SNAG.2",,,"TORSP6","Y","Torrenticola sp.",,,"Arthropoda","Chelicerata","Acari","Acari",,"Acariformes","Trombidiformes",,,,"Torrenticolidae",,,,,,,"larva",1,,1,100,1,"N","N","condition OK","Y","83254","ITIS",,"Thorp and Covich 2001","N","EcoAnalysts Inc.","C. Fishel",,
"ce99d0ae-447b-4bcc-b294-9f47e812156c","D08","MAYF","MAYF.AOS.reach","2017-03-14T14:11Z","2017-11-01","MAYF.20170314.SNAG.1",,,"ENCSP1","Y","Enchytraeidae sp.",,,"Annelida",,"Oligochaeta","Oligochaeta",,,"Enchytraeida",,,,"Enchytraeidae",,,,,,,"larva",1,,1,100,1,"N","N","condition OK","Y","68510","ITIS",,"Kathman and Brinkhurst 1999","N","EcoAnalysts Inc.","C. Fishel",,
"e4c7e92d-fbd6-40e8-a0be-1d741f93513f","D08","MAYF","MAYF.AOS.reach","2017-03-14T14:11Z","2017-11-17","MAYF.20170314.SNAG.2",,,"ASESP2","Y","Asellidae sp.",,,"Arthropoda","Crustacea","Eumalacostraca","Eumalacostraca",,"Peracarida","Isopoda","Asellota",,"Aselloidea","Asellidae",,,,,,,"larva",2,,1,100,1,"Y","N","condition OK","Y","92657","ITIS",,"Thorp and Covich 2001","N","EcoAnalysts Inc.","C. Fishel",,
"d9674366-dd8d-4bc3-bb6d-4ca1f7b90984","D08","MAYF","MAYF.AOS.reach","2017-03-14T14:11Z","2017-11-15","MAYF.20170314.SNAG.3",,,"ERISP11","Y","Eriopterini sp.",,,"Arthropoda","Hexapoda",,,,,"Diptera",,,,"Tipulidae","Limoniinae","Eriopterini",,,,,"larva",4,,1,100,1,"Y","N","condition OK","Y",,,,"Merritt and Cummins 2008","N","EcoAnalysts Inc.","C. Fishel",,
"3883e3e1-c522-4cac-aef5-622d8daa22ab","D08","MAYF","MAYF.AOS.reach","2017-03-14T14:11Z","2017-06-09","MAYF.20170314.CORE.1",,,"RHESP4","Y","Rheosmittia sp.",,,"Arthropoda","Hexapoda",,,,,"Diptera","Nematocera",,,"Chironomidae","Orthocladiinae",,,,,,"larva",2,,3,100,3,"N","N","condition OK","Y","129107","ITIS",,"Epler 2001; Maschwitz and Cook 2000","N","EcoAnalysts Inc.","G. Wallace",,
"53d46443-e8a1-4775-9b19-730b39eb67e6","D08","MAYF","MAYF.AOS.reach","2017-03-14T14:11Z","2017-11-20","MAYF.20170314.SNAG.5",,,"STESP6","Y","Stenelmis sp.",,,"Arthropoda","Hexapoda","Pterygota","Pterygota","Neoptera",,"Coleoptera","Polyphaga",,,"Elmidae",,,,,,,"larva",3,,3,100,3,"N","N","condition OK","Y","114095","ITIS",,"Merritt and Cummins 2008","N","EcoAnalysts Inc.","C. Fishel",,
"77654949-b4c8-4cac-805f-34831db48934","D08","MAYF","MAYF.AOS.reach","2017-03-14T14:11Z","2017-11-01","MAYF.20170314.SNAG.1",,,"ENCSP1","Y","Enchytraeidae sp.",,,"Annelida",,"Oligochaeta","Oligochaeta",,,"Enchytraeida",,,,"Enchytraeidae",,,,,,,"larva",5,,5,100,5,"N","N","condition OK","Y","68510","ITIS",,"Kathman and Brinkhurst 1999","N","EcoAnalysts Inc.","C. Fishel",,
"75c6f0cb-9456-4dd8-a92a-fae0d47ed317","D08","MAYF","MAYF.AOS.reach","2017-03-14T14:11Z","2017-06-09","MAYF.20170314.SNAG.1",,,"PARSP33","Y","Paratendipes sp.",,,"Arthropoda","Hexapoda",,,,,"Diptera","Nematocera",,,"Chironomidae","Chironominae","Chironomini",,,,,"larva",3,,1,100,1,"N","N","condition OK","Y","129623","ITIS",,"Epler 2001; Maschwitz and Cook 2000","N","EcoAnalysts Inc.","G. Wallace",,
"4a93ba94-e9a9-4cca-9bd6-ce8aee5f225c","D08","MAYF","MAYF.AOS.reach","2017-03-14T14:11Z","2017-11-01","MAYF.20170314.CORE.2",,,"ENCSP1","Y","Enchytraeidae sp.",,,"Annelida",,"Oligochaeta","Oligochaeta",,,"Enchytraeida",,,,"Enchytraeidae",,,,,,,"larva",5,,1,100,1,"N","N","condition OK","Y","68510","ITIS",,"Kathman and Brinkhurst 1999","N","EcoAnalysts Inc.","C. Fishel",,
"43aae1d7-2383-4731-af41-0a75fd533d2e","D08","MAYF","MAYF.AOS.reach","2017-03-14T14:11Z","2017-06-09","MAYF.20170314.SNAG.4",,,"POLSCA","Y","Polypedilum scalaenum gr.",,,"Arthropoda","Hexapoda",,,,,"Diptera","Nematocera",,,"Chironomidae","Chironominae","Chironomini",,,"scalaenum gr.",,"larva",2,,2,100,2,"N","N","condition OK","Y",,,,"Epler 2001; Maschwitz and Cook 2000","N","EcoAnalysts Inc.","G. Wallace",,
"bef7b1a2-5097-4a8a-a96c-898dcb447ccc","D08","MAYF","MAYF.AOS.reach","2017-03-14T14:11Z","2017-11-19","MAYF.20170314.SNAG.1",,,"COLSP1","Y","Collembola sp.",,,"Arthropoda","Hexapoda",,,,,"Collembola",,,,,,,,,,,"larva",1,,6,100,6,"N","N","condition OK","Y","99237","ITIS",,"Triplehorn and Johnson 2005","N","EcoAnalysts Inc.","C. Fishel",,
"d5c93704-c171-4ea4-9680-1298ba84f1a1","D08","MAYF","MAYF.AOS.reach","2017-03-14T14:11Z","2017-11-19","MAYF.20170314.SNAG.4",,,"COLSP1","Y","Collembola sp.",,,"Arthropoda","Hexapoda",,,,,"Collembola",,,,,,,,,,,"larva",1,,4,100,4,"N","N","condition OK","Y","99237","ITIS",,"Triplehorn and Johnson 2005","N","EcoAnalysts Inc.","C. Fishel",,
"c738c2eb-2e9d-4bd1-88ad-2c772d05ac37","D08","MAYF","MAYF.AOS.reach","2017-03-14T14:11Z","2017-11-01","MAYF.20170314.SNAG.1",,,"ENCSP1","Y","Enchytraeidae sp.",,,"Annelida",,"Oligochaeta","Oligochaeta",,,"Enchytraeida",,,,"Enchytraeidae",,,,,,,"larva",6,,3,100,3,"N","N","condition OK","Y","68510","ITIS",,"Kathman and Brinkhurst 1999","N","EcoAnalysts Inc.","C. Fishel",,
