uid,domainID,siteID,namedLocation,startDate,collectDate,sampleID,sampleCode,slideID,slideCode,scientificName,morphospeciesID,referenceCount,referenceID,referenceCode,archiveLabSampleMedium,laboratoryName,dataQF
"020eae1f-e363-45a2-91c5-2fbe2a820f74","D08","MAYF","MAYF.AOS.reach","2017-03-14T14:11Z","2017-03-14T14:11Z","MAYF.20170314.SNAG.2",,,,"Asellidae sp.",,1,"MAYF.20170314.SNAG.2.ASELLIDAE SP.",,,"EcoAnalysts Inc.",
"f1810894-64ef-4fe2-9db7-47e20290096f","D08","MAYF","MAYF.AOS.reach","2017-03-14T14:11Z","2017-03-14T14:11Z","MAYF.20170314.SNAG.2",,,,"Brachycera sp.",,1,"MAYF.20170314.SNAG.2.BRACHYCERA SP.",,,"EcoAnalysts Inc.",
"8c4ac467-5d44-4307-b351-78eebdfdd7ff","D08","MAYF","MAYF.AOS.reach","2017-03-14T14:11Z","2017-03-14T14:11Z","MAYF.20170314.SNAG.3",,,,"Ceratopogoninae sp.",,1,"MAYF.20170314.SNAG.3.CERATOPOGONINAE SP.",,,"EcoAnalysts Inc.",
"38220ecb-72a8-4033-afe5-7fdb7896bafe","D08","MAYF","MAYF.AOS.reach","2017-03-14T14:11Z","2017-03-14T14:11Z","MAYF.20170314.SNAG.2",,,,"Leuctridae sp.",,1,"MAYF.20170314.SNAG.2.LEUCTRIDAE SP.",,,"EcoAnalysts Inc.",
"d71141d8-c00e-4171-a3fe-ecd0f5ed9b20","D08","MAYF","MAYF.AOS.reach","2017-03-14T14:11Z","2017-03-14T14:11Z","MAYF.20170314.SNAG.1",,,,"Maccaffertium modestum",,1,"MAYF.20170314.SNAG.1.MACCAFFERTIUM MODESTUM",,,"EcoAnalysts Inc.",
"6218899a-b317-4030-836c-0edac33224a6","D08","MAYF","MAYF.AOS.reach","2017-03-14T14:11Z","2017-03-14T14:11Z","MAYF.20170314.SNAG.3",,,,"Dasyhelea sp.",,1,"MAYF.20170314.SNAG.3.DASYHELEA SP.",,,"EcoAnalysts Inc.",
"2487d563-5720-4255-bb9b-8fcf5df3c33d","D08","MAYF","MAYF.AOS.reach","2017-03-14T14:11Z","2017-03-14T14:11Z","MAYF.20170314.SNAG.2",,,,"Pseudorthocladius sp.",,1,"MAYF.20170314.SNAG.2.PSEUDORTHOCLADIUS SP.",,,"EcoAnalysts Inc.",
"136cf3aa-6497-445e-b08b-939cfcc43135","D08","MAYF","MAYF.AOS.reach","2017-03-14T14:11Z","2017-03-14T14:11Z","MAYF.20170314.SNAG.1",,,,"Plecoptera sp.",,1,"MAYF.20170314.SNAG.1.PLECOPTERA SP.",,,"EcoAnalysts Inc.",
"8821e1b5-c6fa-4d3d-a2ae-ec657c10f7fc","D08","MAYF","MAYF.AOS.reach","2017-03-14T14:11Z","2017-03-14T14:11Z","MAYF.20170314.SNAG.2",,,,"Tipula sp.",,1,"MAYF.20170314.SNAG.2.TIPULA SP.",,,"EcoAnalysts Inc.",
"71f88395-253a-4abf-aea6-6ab95031bc9c","D08","MAYF","MAYF.AOS.reach","2017-03-14T14:11Z","2017-03-14T14:11Z","MAYF.20170314.SNAG.4",,,,"Tanytarsini sp.",,1,"MAYF.20170314.SNAG.4.TANYTARSINI SP.",,,"EcoAnalysts Inc.",
"9a60ca88-01fa-4a09-8f93-d995902dafc6","D08","MAYF","MAYF.AOS.reach","2017-03-14T14:11Z","2017-03-14T14:11Z","MAYF.20170314.SNAG.2",,,,"Zavrelimyia sp.",,1,"MAYF.20170314.SNAG.2.ZAVRELIMYIA SP.",,,"EcoAnalysts Inc.",
"0fc508bb-8bf2-4743-940b-9887e3d3d96c","D08","MAYF","MAYF.AOS.reach","2017-03-14T14:11Z","2017-03-14T14:11Z","MAYF.20170314.SNAG.1",,,,"Ancyronyx variegata",,1,"MAYF.20170314.SNAG.1.ANCYRONYX VARIEGATUS",,,"EcoAnalysts Inc.",
"3fb4b365-aae3-45d5-a6d4-4b0608975a87","D08","MAYF","MAYF.AOS.reach","2017-03-14T14:11Z","2017-03-14T14:11Z","MAYF.20170314.SNAG.4",,,,"Orthocladiinae sp.",,1,"MAYF.20170314.SNAG.4.ORTHOCLADIINAE SP.",,,"EcoAnalysts Inc.",
"9d5bcfde-e5cb-4d63-80cf-9f2ace314459","D08","MAYF","MAYF.AOS.reach","2017-03-14T14:11Z","2017-03-14T14:11Z","MAYF.20170314.SNAG.3",,,,"Polypedilum tritum",,1,"MAYF.20170314.SNAG.3.POLYPEDILUM TRITUM",,,"EcoAnalysts Inc.",
"d5d8728d-91b9-415a-9418-e7b49f695921","D08","MAYF","MAYF.AOS.reach","2017-03-14T14:11Z","2017-03-14T14:11Z","MAYF.20170314.SNAG.4",,,,"Lype diversa",,1,"MAYF.20170314.SNAG.4.LYPE DIVERSA",,,"EcoAnalysts Inc.",
"4428c0be-4286-442b-b2df-3b735ad99bd1","D08","MAYF","MAYF.AOS.reach","2017-03-14T14:11Z","2017-03-14T14:11Z","MAYF.20170314.SNAG.2",,,,"Argia sp.",,1,"MAYF.20170314.SNAG.2.ARGIA SP.",,,"EcoAnalysts Inc.",
"36f674a7-35b3-41b4-a82f-8c0a68404ac8","D08","MAYF","MAYF.AOS.reach","2017-03-14T14:11Z","2017-03-14T14:11Z","MAYF.20170314.SNAG.3",,,,"Lumbriculidae sp.",,1,"MAYF.20170314.SNAG.3.LUMBRICULIDAE SP.",,,"EcoAnalysts Inc.",
"1fcbe11d-1b2b-4013-a78f-0e7b86630521","D08","MAYF","MAYF.AOS.reach","2017-03-14T14:11Z","2017-03-14T14:11Z","MAYF.20170314.SNAG.1",,,,"Stenelmis sp.",,1,"MAYF.20170314.SNAG.1.STENELMIS SP.",,,"EcoAnalysts Inc.",
"55c3b0d1-2e77-4d88-8249-8bd63041dfbc","D08","MAYF","MAYF.AOS.reach","2017-03-14T14:11Z","2017-03-14T14:11Z","MAYF.20170314.SNAG.3",,,,"Enchytraeidae sp.",,1,"MAYF.20170314.SNAG.3.ENCHYTRAEIDAE SP.",,,"EcoAnalysts Inc.",
"493750e3-0bf7-400e-92a5-c2c632c0e764","D08","MAYF","MAYF.AOS.reach","2017-03-14T14:11Z","2017-03-14T14:11Z","MAYF.20170314.SNAG.4",,,,"Chironomini sp.",,2,"MAYF.20170314.SNAG.4.CHIRONOMINI SP.",,,"EcoAnalysts Inc.",
"8d207dc3-e59a-4052-bdcc-13c71c5ad7fd","D08","MAYF","MAYF.AOS.reach","2017-03-14T14:11Z","2017-03-14T14:11Z","MAYF.20170314.SNAG.2",,,,"Simulium sp.",,1,"MAYF.20170314.SNAG.2.SIMULIUM SP.",,,"EcoAnalysts Inc.",
"733c1cce-5994-4201-ba62-d837d39c4304","D08","MAYF","MAYF.AOS.reach","2017-03-14T14:11Z","2017-03-14T14:11Z","MAYF.20170314.SNAG.2",,,,"Sperchonopsis sp.",,1,"MAYF.20170314.SNAG.2.SPERCHONOPSIS SP.",,,"EcoAnalysts Inc.",
"c45c806f-d9dc-4985-bb45-131f672e9215","D08","MAYF","MAYF.AOS.reach","2017-03-14T14:11Z","2017-03-14T14:11Z","MAYF.20170314.SNAG.4",,,,"Hemerodromia sp.",,1,"MAYF.20170314.SNAG.4.HEMERODROMIA SP.",,,"EcoAnalysts Inc.",
"4f35d1a5-fe59-435d-8a34-fd6aa246f3f0","D08","MAYF","MAYF.AOS.reach","2017-03-14T14:11Z","2017-03-14T14:11Z","MAYF.20170314.SNAG.4",,,,"Pentaneura sp.",,2,"MAYF.20170314.SNAG.4.PENTANEURA SP.",,,"EcoAnalysts Inc.",
"5f531427-abf8-45c7-a977-7563bbde01ae","D08","MAYF","MAYF.AOS.reach","2017-03-14T14:11Z","2017-03-14T14:11Z","MAYF.20170314.SNAG.1",,,,"Heterotrissocladius marcidus gr.",,1,"MAYF.20170314.SNAG.1.HETEROTRISSOCLADIUS MARCIDUS GR.",,,"EcoAnalysts Inc.",
"55e884bc-a8e3-48d6-95f4-1bc774f1b486","D08","MAYF","MAYF.AOS.reach","2017-03-14T14:11Z","2017-03-14T14:11Z","MAYF.20170314.SNAG.2",,,,"Anisocentropus pyraloides",,1,"MAYF.20170314.SNAG.2.ANISOCENTROPUS PYRALOIDES",,,"EcoAnalysts Inc.",
"75b6b1dc-5604-4a6a-9293-55ea3ee6b35f","D08","MAYF","MAYF.AOS.reach","2017-03-14T14:11Z","2017-03-14T14:11Z","MAYF.20170314.SNAG.4",,,,"Pristina sp.",,1,"MAYF.20170314.SNAG.4.PRISTINA SP.",,,"EcoAnalysts Inc.",
"db7be2fb-5398-409a-b504-6ee6a05746f2","D08","MAYF","MAYF.AOS.reach","2017-03-14T14:11Z","2017-03-14T14:11Z","MAYF.20170314.SNAG.1",,,,"Paraphaenocladius sp.",,1,"MAYF.20170314.SNAG.1.PARAPHAENOCLADIUS SP.",,,"EcoAnalysts Inc.",
"cc740500-854d-4dbf-b5b7-7c218574ab0a","D08","MAYF","MAYF.AOS.reach","2017-03-14T14:11Z","2017-03-14T14:11Z","MAYF.20170314.SNAG.1",,,,"Orthocladius sp.",,1,"MAYF.20170314.SNAG.1.ORTHOCLADIUS SP.",,,"EcoAnalysts Inc.",
"54a157a5-f136-4e71-9095-c774053bbb30","D08","MAYF","MAYF.AOS.reach","2017-03-14T14:11Z","2017-03-14T14:11Z","MAYF.20170314.SNAG.3",,,,"Eriopterini sp.",,1,"MAYF.20170314.SNAG.3.ERIOPTERINI SP.",,,"EcoAnalysts Inc.",
"72be25a5-3fb9-4139-8b4a-72979bbe352b","D08","MAYF","MAYF.AOS.reach","2017-03-14T14:11Z","2017-03-14T14:11Z","MAYF.20170314.SNAG.2",,,,"Collembola sp.",,1,"MAYF.20170314.SNAG.2.COLLEMBOLA SP.",,,"EcoAnalysts Inc.",
"2b35d6ac-0e5f-4528-9071-0ab6f82106a0","D08","MAYF","MAYF.AOS.reach","2017-03-14T14:11Z","2017-03-14T14:11Z","MAYF.20170314.SNAG.5",,,,"Polypedilum convictum",,1,"MAYF.20170314.SNAG.5.POLYPEDILUM CONVICTUM",,,"EcoAnalysts Inc.",
"4d660995-11aa-4c4f-96f9-97cf185c67b5","D08","MAYF","MAYF.AOS.reach","2017-03-14T14:11Z","2017-03-14T14:11Z","MAYF.20170314.SNAG.5",,,,"Polypedilum epleri",,2,"MAYF.20170314.SNAG.5.POLYPEDILUM EPLERI",,,"EcoAnalysts Inc.",
"8df7aeed-de27-478d-be4b-1ba998a73801","D08","MAYF","MAYF.AOS.reach","2017-03-14T14:11Z","2017-03-14T14:11Z","MAYF.20170314.SNAG.5",,,,"Xylotopus par",,2,"MAYF.20170314.SNAG.5.XYLOTOPUS PAR",,,"EcoAnalysts Inc.",
"bb6f00f9-d85a-4e41-b2cd-60d537ee5289","D08","MAYF","MAYF.AOS.reach","2017-03-14T14:11Z","2017-03-14T14:11Z","MAYF.20170314.SNAG.5",,,,"Perlesta sp.",,1,"MAYF.20170314.SNAG.5.PERLESTA SP.",,,"EcoAnalysts Inc.",
"bf526d9e-8367-44fa-a759-58ffc3327392","D08","MAYF","MAYF.AOS.reach","2017-03-14T14:11Z","2017-03-14T14:11Z","MAYF.20170314.SNAG.4",,,,"Aturidae sp.",,1,"MAYF.20170314.SNAG.4.ATURIDAE SP.",,,"EcoAnalysts Inc.",
"a841454d-b8e9-4bee-8650-f0e5f2fae28d","D08","MAYF","MAYF.AOS.reach","2017-03-14T14:11Z","2017-03-14T14:11Z","MAYF.20170314.SNAG.2",,,,"Torrenticola sp.",,1,"MAYF.20170314.SNAG.2.TORRENTICOLA SP.",,,"EcoAnalysts Inc.",
"84833d06-c309-4f54-8edd-6f80cafe80eb","D08","MAYF","MAYF.AOS.reach","2017-03-14T14:11Z","2017-03-14T14:11Z","MAYF.20170314.SNAG.4",,,,"Naididae sp.","tubificoid Naididae w/o cap setae",1,"MAYF.20170314.SNAG.4.NAIDIDAE SP.",,,"EcoAnalysts Inc.",
"ac8e24af-7977-42e3-a5d2-c8a070a556bc","D08","MAYF","MAYF.AOS.reach","2017-03-14T14:11Z","2017-03-14T14:11Z","MAYF.20170314.SNAG.1",,,,"Megascolecidae sp.",,1,"MAYF.20170314.SNAG.1.MEGASCOLECIDAE SP.",,,"EcoAnalysts Inc.",
"a398b062-5a2e-48b3-9033-87210c658941","D08","MAYF","MAYF.AOS.reach","2017-03-14T14:11Z","2017-03-14T14:11Z","MAYF.20170314.SNAG.4",,,,"Nyctiophylax sp.",,1,"MAYF.20170314.SNAG.4.NYCTIOPHYLAX SP.",,,"EcoAnalysts Inc.",
"004d03bc-9dd8-4a4a-9cac-51ea293fb09b","D08","MAYF","MAYF.AOS.reach","2017-03-14T14:11Z","2017-03-14T14:11Z","MAYF.20170314.SNAG.3",,,,"Simulium sp.",,1,"MAYF.20170314.SNAG.3.SIMULIUM SP.",,,"EcoAnalysts Inc.",
"1273b664-b4d0-4441-a672-04a16a8cebd9","D08","MAYF","MAYF.AOS.reach","2017-03-14T14:11Z","2017-03-14T14:11Z","MAYF.20170314.SNAG.2",,,,"Maccaffertium sp.",,1,"MAYF.20170314.SNAG.2.MACCAFFERTIUM SP.",,,"EcoAnalysts Inc.",
"be52ce3f-787d-439d-a28b-eeaf96fd5409","D08","MAYF","MAYF.AOS.reach","2017-03-14T14:11Z","2017-03-14T14:11Z","MAYF.20170314.SNAG.3",,,,"Limonia sp.",,1,"MAYF.20170314.SNAG.3.LIMONIA SP.",,,"EcoAnalysts Inc.",
"e8674a1c-ac5b-4d10-9462-dc3433a582fd","D08","MAYF","MAYF.AOS.reach","2017-03-14T14:11Z","2017-03-14T14:11Z","MAYF.20170314.SNAG.3",,,,"Naididae sp.","tubificoid Naididae w/ cap setae",1,"MAYF.20170314.SNAG.3.NAIDIDAE SP.",,,"EcoAnalysts Inc.",
"bed7bb0c-914c-432e-9eba-91f677ab5aaf","D08","MAYF","MAYF.AOS.reach","2017-03-14T14:11Z","2017-03-14T14:11Z","MAYF.20170314.SNAG.5",,,,"Oribatida sp.",,1,"MAYF.20170314.SNAG.5.ORIBATEI SP.",,,"EcoAnalysts Inc.",
"deecabc9-0bb1-4b43-bf94-d0f3236c2ccd","D08","MAYF","MAYF.AOS.reach","2017-03-14T14:11Z","2017-03-14T14:11Z","MAYF.20170314.SNAG.1",,,,"Neumania sp.",,1,"MAYF.20170314.SNAG.1.NEUMANIA SP.",,,"EcoAnalysts Inc.",
"88182df8-a5b0-4ef2-8d64-5c234339ad34","D08","MAYF","MAYF.AOS.reach","2017-03-14T14:11Z","2017-03-14T14:11Z","MAYF.20170314.SNAG.1",,,,"Pseudorthocladius sp.",,1,"MAYF.20170314.SNAG.1.PSEUDORTHOCLADIUS SP.",,,"EcoAnalysts Inc.",
"61125641-e51b-4c7f-9810-b879d2852519","D08","MAYF","MAYF.AOS.reach","2017-03-14T14:11Z","2017-03-14T14:11Z","MAYF.20170314.SNAG.5",,,,"Unniella multivirga",,1,"MAYF.20170314.SNAG.5.UNNIELLA MULTIVIRGA",,,"EcoAnalysts Inc.",
"dc7a26d2-4f26-4b13-b60f-946e70a72152","D08","MAYF","MAYF.AOS.reach","2017-03-14T14:11Z","2017-03-14T14:11Z","MAYF.20170314.SNAG.2",,,,"Hydrosmittia sp.",,1,"MAYF.20170314.SNAG.2.HYDROSMITTIA SP.",,,"EcoAnalysts Inc.",
