uid,domainID,siteID,namedLocation,collectDate,sortDate,qcSortDate,sampleID,sampleCode,mixedInvertVialID,mixedInvertVialCode,chironomidVialID,chironomidVialCode,oligochaeteVialID,oligochaeteVialCode,largeInvertVialID,largeInvertVialCode,testProtocolVersion,primaryMatrix,preRinseVolume,postRinseVolume,subsamplePercent,qcSortingEfficacy,qcIterationCount,qcPercentSimilarity,laboratoryName,sortedBy,qcSortedBy,benchRemarks,dataQF,qcEnumerationDifference,qcTaxonomicDifference
"f45096ad-a377-435c-bdf9-95880d937254","D08","MAYF","MAYF.AOS.reach","2017-03-14T14:11Z","2017-05-08","2017-05-15","MAYF.20170314.SNAG.1",,"MAYF.20170314.SNAG.1",,,,,,,,"ECOANALYSTS_Macroinvertebrate_Identification_Revision4","coarse organic",,,100.0,96.8,1,,"EcoAnalysts Inc.","nvO9dEMKYf3II1WEm9Fr0w==","CBtXit/4I2Wo31ut9nAUtQ==",,,1.6,3.2
"112db592-f5f4-4811-b36a-c9675ec654ee","D08","MAYF","MAYF.AOS.reach","2017-03-14T14:11Z","2017-05-10","2017-05-16","MAYF.20170314.CORE.3",,"MAYF.20170314.CORE.3",,,,,,,,"ECOANALYSTS_Macroinvertebrate_Identification_Revision4","other (specified in remarks)",,,100.0,100.0,1,,"EcoAnalysts Inc.","nvO9dEMKYf3II1WEm9Fr0w==","CBtXit/4I2Wo31ut9nAUtQ==","Primary matrix is Inorganic",,,
"e66465eb-abfd-460c-9d47-ba7661e231ab","D08","MAYF","MAYF.AOS.reach","2017-03-14T14:11Z","2017-05-09","2017-05-15","MAYF.20170314.SNAG.3",,"MAYF.20170314.SNAG.3",,,,,,,,"ECOANALYSTS_Macroinvertebrate_Identification_Revision4","coarse organic",,,100.0,100.0,1,,"EcoAnalysts Inc.","nvO9dEMKYf3II1WEm9Fr0w==","CBtXit/4I2Wo31ut9nAUtQ==",,,,
"d28fbdfc-cd65-4722-9120-7c28e98bfc8a","D08","MAYF","MAYF.AOS.reach","2017-03-14T14:11Z","2017-05-10","2017-05-16","MAYF.20170314.CORE.2",,"MAYF.20170314.CORE.2",,,,,,,,"ECOANALYSTS_Macroinvertebrate_Identification_Revision4","other (specified in remarks)",,,100.0,100.0,1,,"EcoAnalysts Inc.","nvO9dEMKYf3II1WEm9Fr0w==","CBtXit/4I2Wo31ut9nAUtQ==","Primary matrix is Inorganic",,,
"73045185-1db9-4325-8fa7-5c7ced6e918d","D08","MAYF","MAYF.AOS.reach","2017-03-14T14:11Z","2017-05-10","2017-05-16","MAYF.20170314.CORE.1",,"MAYF.20170314.CORE.1",,,,,,,,"ECOANALYSTS_Macroinvertebrate_Identification_Revision4","coarse organic",,,100.0,100.0,1,,"EcoAnalysts Inc.","nvO9dEMKYf3II1WEm9Fr0w==","CBtXit/4I2Wo31ut9nAUtQ==",,,,
"9935a965-e75f-4cb6-b65b-ca2bb25d6e38","D08","MAYF","MAYF.AOS.reach","2017-03-14T14:11Z","2017-05-09","2017-05-15","MAYF.20170314.SNAG.2",,"MAYF.20170314.SNAG.2",,,,,,,,"ECOANALYSTS_Macroinvertebrate_Identification_Revision4","coarse organic",,,100.0,96.9,1,,"EcoAnalysts Inc.","nvO9dEMKYf3II1WEm9Fr0w==","CBtXit/4I2Wo31ut9nAUtQ==",,,,
"e156fc1f-f33a-491a-920d-42d077bc18c7","D08","MAYF","MAYF.AOS.reach","2017-03-14T14:11Z","2017-05-10","2017-05-16","MAYF.20170314.SNAG.5",,"MAYF.20170314.SNAG.5",,,,,,,,"ECOANALYSTS_Macroinvertebrate_Identification_Revision4","coarse organic",,,100.0,100.0,2,,"EcoAnalysts Inc.","nvO9dEMKYf3II1WEm9Fr0w==","CBtXit/4I2Wo31ut9nAUtQ==",,,,
"6bf28d08-93fc-4c50-abbc-4379b372b757","D08","MAYF","MAYF.AOS.reach","2017-03-14T14:11Z","2017-05-09","2017-05-15","MAYF.20170314.SNAG.4",,"MAYF.20170314.SNAG.4",,,,,,,,"ECOANALYSTS_Macroinvertebrate_Identification_Revision4","fine organic",,,100.0,98.4,1,,"EcoAnalysts Inc.","nvO9dEMKYf3II1WEm9Fr0w==","CBtXit/4I2Wo31ut9nAUtQ==",,,,
