uid,domainID,siteID,namedLocation,decimalLatitude,decimalLongitude,coordinateUncertainty,geodeticDatum,elevation,elevationUncertainty,aquaticSiteType,collectDate,eventID,boutNumber,sampleID,sampleCode,sampleCondition,geneticSampleID,geneticSampleCode,geneticSampleCond,samplingProtocolVersion,samplingImpractical,biophysicalCriteria,habitatType,samplerType,sampleNumber,substratumSizeClass,benthicArea,ponarDepth,snagLength,snagDiameter,dnaSnagLength,dnaSnagDiameter,remarks,recordedBy,collectedBy,dataQF
"e2273234-1006-4617-aad7-7375cad55d6f","D18","OKSR","OKSR.AOS.reach",68.669753,-149.143018,1000.0,"WGS84",766.0,1000.0,"stream","2018-06-16T19:39Z","OKSR.20180616",1,"OKSR.20180616.SURBER.7","A00000030315",,,,,"NEON.DOC.003046vC",,,"riffle","surber",7,"cobble",0.093,,,,,,,"kbroberg@battelleecology.org","Tsurgener@battelleecology.org",
"f0d3a4be-b9bc-433b-823b-d3ea2b5171b2","D18","OKSR","OKSR.AOS.reach",68.669753,-149.143018,1000.0,"WGS84",766.0,1000.0,"stream","2018-06-16T19:39Z","OKSR.20180616",1,"OKSR.20180616.KICKNET.2","A00000030311",,"OKSR.20180616.KICKNET.2.DNA","A00000030069",,"NEON.DOC.003046vC",,,"run","modifiedKicknet",2,"cobble",0.250,,,,,,,"kbroberg@battelleecology.org","Tsurgener@battelleecology.org",
"a7c9756b-9457-4047-88d5-261cb246e44d","D18","OKSR","OKSR.AOS.reach",68.669753,-149.143018,1000.0,"WGS84",766.0,1000.0,"stream","2018-06-16T19:39Z","OKSR.20180616",1,"OKSR.20180616.SURBER.1","A00000030310",,,,,"NEON.DOC.003046vC",,,"riffle","surber",1,"cobble",0.093,,,,,,,"kbroberg@battelleecology.org","Tsurgener@battelleecology.org",
"beb19c20-b991-4666-971b-7a0e0495d43d","D18","OKSR","OKSR.AOS.reach",68.669753,-149.143018,1000.0,"WGS84",766.0,1000.0,"stream","2018-06-16T19:39Z","OKSR.20180616",1,"OKSR.20180616.SURBER.4","A00000030313",,,,,"NEON.DOC.003046vC",,,"riffle","surber",4,"cobble",0.093,,,,,,,"kbroberg@battelleecology.org","Tsurgener@battelleecology.org",
"a6bdd4b9-036a-4b55-8d86-1e66a06051da","D18","OKSR","OKSR.AOS.reach",68.669753,-149.143018,1000.0,"WGS84",766.0,1000.0,"stream","2018-06-16T19:39Z","OKSR.20180616",1,"OKSR.20180616.KICKNET.6","A00000030317",,,,,"NEON.DOC.003046vC",,,"run","modifiedKicknet",6,"cobble",0.250,,,,,,,"kbroberg@battelleecology.org","Tsurgener@battelleecology.org",
"3cb4b362-f902-44f6-b78d-d891a5c9c151","D18","OKSR","OKSR.AOS.reach",68.669753,-149.143018,1000.0,"WGS84",766.0,1000.0,"stream","2018-06-16T19:39Z","OKSR.20180616",1,"OKSR.20180616.KICKNET.5","A00000030314",,"OKSR.20180616.KICKNET.5.DNA","A00000030071",,"NEON.DOC.003046vC",,,"run","modifiedKicknet",5,"cobble",0.250,,,,,,,"kbroberg@battelleecology.org","Tsurgener@battelleecology.org",
"6da33f7e-abd6-4d83-b51a-1958fb6e8553","D18","OKSR","OKSR.AOS.reach",68.669753,-149.143018,1000.0,"WGS84",766.0,1000.0,"stream","2018-06-16T19:39Z","OKSR.20180616",1,"OKSR.20180616.KICKNET.3","A00000030312",,"OKSR.20180616.KICKNET.3.DNA","A00000030070",,"NEON.DOC.003046vC",,,"run","modifiedKicknet",3,"cobble",0.250,,,,,,,"kbroberg@battelleecology.org","Tsurgener@battelleecology.org",
"575057a3-a03c-419e-8e5e-e5d346fed700","D18","OKSR","OKSR.AOS.reach",68.669753,-149.143018,1000.0,"WGS84",766.0,1000.0,"stream","2018-06-16T19:39Z","OKSR.20180616",1,"OKSR.20180616.KICKNET.8","A00000030316",,,,,"NEON.DOC.003046vC",,,"run","modifiedKicknet",8,"cobble",0.250,,,,,,,"kbroberg@battelleecology.org","Tsurgener@battelleecology.org",
