uid,domainID,siteID,namedLocation,startDate,collectDate,sampleID,sampleCode,slideID,slideCode,scientificName,morphospeciesID,referenceCount,referenceID,referenceCode,archiveLabSampleMedium,laboratoryName,dataQF
"26c75a17-51f0-4db2-b02e-a07acc6b0ce0","D18","OKSR","OKSR.AOS.reach","2018-06-16T19:39Z","2018-06-16T19:39Z","OKSR.20180616.KICKNET.6","A00000030317",,,"Uncinais uncinata",,1,"OKSR.20180616.KICKNET.6.UNCINAIS UNCINATA",,,"EcoAnalysts Inc.",
"01de7b67-dc4e-4f90-ab70-f2e249359c0b","D18","OKSR","OKSR.AOS.reach","2018-06-16T19:39Z","2018-06-16T19:39Z","OKSR.20180616.SURBER.7","A00000030315",,,"Pseudokiefferiella sp.",,1,"OKSR.20180616.SURBER.7.PSEUDOKIEFFERIELLA SP.",,,"EcoAnalysts Inc.",
"05ad47ee-ca7d-425a-9e53-981507a46442","D18","OKSR","OKSR.AOS.reach","2018-06-16T19:39Z","2018-06-16T19:39Z","OKSR.20180616.KICKNET.3","A00000030312",,,"Prostoia besametsa",,4,"OKSR.20180616.KICKNET.3.PROSTOIA BESAMETSA",,,"EcoAnalysts Inc.",
"2483a153-d82d-4d08-9b69-0f4383c902a4","D18","OKSR","OKSR.AOS.reach","2018-06-16T19:39Z","2018-06-16T19:39Z","OKSR.20180616.SURBER.4","A00000030313",,,"Chironomini sp.",,1,"OKSR.20180616.SURBER.4.CHIRONOMINI SP.",,,"EcoAnalysts Inc.",
"c235d026-9cab-44c4-b66b-14a927803f9e","D18","OKSR","OKSR.AOS.reach","2018-06-16T19:39Z","2018-06-16T19:39Z","OKSR.20180616.KICKNET.6","A00000030317",,,"Naididae sp.",,1,"OKSR.20180616.KICKNET.6.NAIDIDAE SP.",,,"EcoAnalysts Inc.",
"e6d8e806-c730-401a-98b8-e771a1fd790b","D18","OKSR","OKSR.AOS.reach","2018-06-16T19:39Z","2018-06-16T19:39Z","OKSR.20180616.KICKNET.6","A00000030317",,,"Valvata sincera",,2,"OKSR.20180616.KICKNET.6.VALVATA SINCERA",,,"EcoAnalysts Inc.",
"0f196b1c-b47c-4b81-b38d-e5dfd54ef5bd","D18","OKSR","OKSR.AOS.reach","2018-06-16T19:39Z","2018-06-16T19:39Z","OKSR.20180616.KICKNET.5","A00000030314",,,"Chelifera/Metachela sp.",,1,"OKSR.20180616.KICKNET.5.CHELIFERA/METACHELA SP.",,,"EcoAnalysts Inc.",
