uid,domainID,siteID,namedLocation,collectDate,sortDate,qcSortDate,sampleID,sampleCode,mixedInvertVialID,mixedInvertVialCode,chironomidVialID,chironomidVialCode,oligochaeteVialID,oligochaeteVialCode,largeInvertVialID,largeInvertVialCode,testProtocolVersion,primaryMatrix,preRinseVolume,postRinseVolume,subsamplePercent,qcSortingEfficacy,qcIterationCount,qcPercentSimilarity,laboratoryName,sortedBy,qcSortedBy,benchRemarks,dataQF,qcEnumerationDifference,qcTaxonomicDifference
"da8f4b7f-560c-4cd2-bd12-9aae46fd3f63","D18","OKSR","OKSR.AOS.reach","2018-06-16T19:39Z","2018-10-07","2018-10-08","OKSR.20180616.SURBER.4","A00000030313","OKSR.20180616.SURBER.4",,,,,,,,"ECOANALYSTS_Macroinvertebrate_Identification_Revision4","other (specified in remarks)",0.08,0.08,100.0,98.7,1,,"EcoAnalysts Inc.","z3wo8/+tr2E3/uMn/wCDLw==","nvO9dEMKYf3II1WEm9Fr0w==","Primary Matrix is Inorganic",,,
"c50c5e36-cfd5-411e-a337-88eb2eb1fd33","D18","OKSR","OKSR.AOS.reach","2018-06-16T19:39Z","2018-10-09","2018-10-09","OKSR.20180616.SURBER.7","A00000030315","OKSR.20180616.SURBER.7",,,,,,,,"ECOANALYSTS_Macroinvertebrate_Identification_Revision4","coarse organic",0.25,0.11,100.0,90.8,1,,"EcoAnalysts Inc.","1vcFwuCrweea3e6drzmsAw==","CBtXit/4I2Wo31ut9nAUtQ==",,,,
"fc336ad8-7308-4d9c-80c8-fb4b3787108a","D18","OKSR","OKSR.AOS.reach","2018-06-16T19:39Z","2018-10-08","2018-10-09","OKSR.20180616.KICKNET.3","A00000030312","OKSR.20180616.KICKNET.3",,,,,,,,"ECOANALYSTS_Macroinvertebrate_Identification_Revision4","fine organic",0.10,0.10,25.0,91.9,1,,"EcoAnalysts Inc.","EIXK88y38gIHpPmL0qzVDQ==","nvO9dEMKYf3II1WEm9Fr0w==",,,0.5,2.1
"7b134f6f-8683-404f-8406-9cc025781e57","D18","OKSR","OKSR.AOS.reach","2018-06-16T19:39Z","2018-10-07","2018-10-08","OKSR.20180616.SURBER.1","A00000030310","OKSR.20180616.SURBER.1",,,,,,,,"ECOANALYSTS_Macroinvertebrate_Identification_Revision4","fine organic",0.10,0.10,100.0,98.7,1,,"EcoAnalysts Inc.","EIXK88y38gIHpPmL0qzVDQ==","nvO9dEMKYf3II1WEm9Fr0w==",,,,
"4c7a7604-d201-482a-9e6b-487ee544a424","D18","OKSR","OKSR.AOS.reach","2018-06-16T19:39Z","2018-10-08","2018-10-09","OKSR.20180616.KICKNET.6","A00000030317","OKSR.20180616.KICKNET.6",,,,,,,,"ECOANALYSTS_Macroinvertebrate_Identification_Revision4","other (specified in remarks)",0.13,0.10,62.5,93.5,1,,"EcoAnalysts Inc.","z3wo8/+tr2E3/uMn/wCDLw==","nvO9dEMKYf3II1WEm9Fr0w==","Primary Matrix is Inorganic E=0.03L of washout",,,
"258ecd64-b1ab-4846-9e0a-b486204eee4c","D18","OKSR","OKSR.AOS.reach","2018-06-16T19:39Z","2018-10-08","2018-10-09","OKSR.20180616.KICKNET.5","A00000030314","OKSR.20180616.KICKNET.5",,,,,,,,"ECOANALYSTS_Macroinvertebrate_Identification_Revision4","other (specified in remarks)",0.10,0.01,100.0,92.7,1,,"EcoAnalysts Inc.","EIXK88y38gIHpPmL0qzVDQ==","nvO9dEMKYf3II1WEm9Fr0w==","Primary Matrix is Inorganic",,,
"2ef2b0ea-ad73-4e3a-89b8-7fd6ba57dd7f","D18","OKSR","OKSR.AOS.reach","2018-06-16T19:39Z","2018-10-08","2018-10-09","OKSR.20180616.KICKNET.8","A00000030316","OKSR.20180616.KICKNET.8",,,,,,,,"ECOANALYSTS_Macroinvertebrate_Identification_Revision4","fine organic",0.08,0.08,16.7,95.4,1,,"EcoAnalysts Inc.","EIXK88y38gIHpPmL0qzVDQ==","nvO9dEMKYf3II1WEm9Fr0w==",,,,
"fa155839-b9e9-46fe-858a-88ec317cf7a4","D18","OKSR","OKSR.AOS.reach","2018-06-16T19:39Z","2018-10-09","2018-10-10","OKSR.20180616.KICKNET.2","A00000030311","OKSR.20180616.KICKNET.2",,,,,,,,"ECOANALYSTS_Macroinvertebrate_Identification_Revision4","coarse organic",0.05,0.05,68.8,95.6,1,,"EcoAnalysts Inc.","z3wo8/+tr2E3/uMn/wCDLw==","CBtXit/4I2Wo31ut9nAUtQ==",,,,
