uid,domainID,siteID,namedLocation,collectDate,sortDate,qcSortDate,sampleID,sampleCode,mixedInvertVialID,mixedInvertVialCode,chironomidVialID,chironomidVialCode,oligochaeteVialID,oligochaeteVialCode,largeInvertVialID,largeInvertVialCode,testProtocolVersion,primaryMatrix,preRinseVolume,postRinseVolume,subsamplePercent,qcSortingEfficacy,qcIterationCount,qcPercentSimilarity,laboratoryName,sortedBy,qcSortedBy,benchRemarks,dataQF,qcEnumerationDifference,qcTaxonomicDifference
"f8057840-76f1-4977-923d-773cb854f771","D08","MAYF","MAYF.AOS.reach","2020-07-13T14:48Z","2020-09-08","2020-09-08","MAYF.20200713.SNAG.4","A00000231258","MAYF.20200713.SNAG.4",,,,,,,,"RHITHRON_Macroinvertebrate_Identification_Revision1","fine organic",,,100.0,98.5,1,,"Rhithron Associates, Inc.","WO1ROMpMI5UERdFobeLniw==","FtcfAjYRHgtys5Ba7LiLag==",,,,
"245b6d38-0cb5-433c-b221-8b68b293eaf6","D08","MAYF","MAYF.AOS.reach","2020-07-13T14:48Z","2020-09-08","2020-09-08","MAYF.20200713.SNAG.5","A00000231259","MAYF.20200713.SNAG.5",,,,,,,,"RHITHRON_Macroinvertebrate_Identification_Revision1","fine organic",,,100.0,93.3,1,,"Rhithron Associates, Inc.","FtcfAjYRHgtys5Ba7LiLag==","jrNz6zwqS3Q=",,,,
"4c7961ec-3376-4808-bb87-76a0eb72defd","D08","MAYF","MAYF.AOS.reach","2020-07-13T14:48Z","2020-09-08","2020-09-08","MAYF.20200713.SNAG.3","A00000231257","MAYF.20200713.SNAG.3",,,,,,,,"RHITHRON_Macroinvertebrate_Identification_Revision1","fine organic",,,100.0,97.1,1,,"Rhithron Associates, Inc.","FtcfAjYRHgtys5Ba7LiLag==","jrNz6zwqS3Q=",,,,
"2e40485c-4e23-4138-b52d-932584c4c2e1","D08","MAYF","MAYF.AOS.reach","2020-07-13T14:48Z","2020-09-08","2020-09-08","MAYF.20200713.CORE.2","A00000231288","MAYF.20200713.CORE.2",,,,,,,,"RHITHRON_Macroinvertebrate_Identification_Revision1","other (specified in remarks)",,,100.0,100.0,1,,"Rhithron Associates, Inc.","WO1ROMpMI5UERdFobeLniw==","FtcfAjYRHgtys5Ba7LiLag==","fine inorganic",,,
"26454319-8d12-4378-b8b2-23626603ab86","D08","MAYF","MAYF.AOS.reach","2020-07-13T14:48Z","2020-09-08","2020-09-08","MAYF.20200713.SNAG.1","A00000231252","MAYF.20200713.SNAG.1",,,,,,,,"RHITHRON_Macroinvertebrate_Identification_Revision1","coarse organic",,,100.0,100.0,4,,"Rhithron Associates, Inc.","3hsarqkn53DnTHf+v6UBHA==","FtcfAjYRHgtys5Ba7LiLag==",,,,
"75a809f3-de00-4af6-8253-36a01a150bfc","D08","MAYF","MAYF.AOS.reach","2020-07-13T14:48Z","2020-09-08","2020-09-08","MAYF.20200713.CORE.1","A00000231260","MAYF.20200713.CORE.1",,,,,,,,"RHITHRON_Macroinvertebrate_Identification_Revision1","coarse organic",,,100.0,100.0,1,,"Rhithron Associates, Inc.","3hsarqkn53DnTHf+v6UBHA==","jrNz6zwqS3Q=",,,,
"181ac295-d76f-41bb-9c75-dae527ff8488","D08","MAYF","MAYF.AOS.reach","2020-07-13T14:48Z","2020-09-08","2020-09-08","MAYF.20200713.CORE.3","A00000231289","MAYF.20200713.CORE.3",,,,,,,,"RHITHRON_Macroinvertebrate_Identification_Revision1","coarse organic",,,100.0,93.0,1,,"Rhithron Associates, Inc.","LOdFES9HN1w=","jrNz6zwqS3Q=",,,1.0,2.0
"3a69b66a-eb61-4004-b9bc-83259c5712b5","D08","MAYF","MAYF.AOS.reach","2020-07-13T14:48Z","2020-09-09","2020-09-09","MAYF.20200713.SNAG.2","A00000231255","MAYF.20200713.SNAG.2",,,,,,,,"RHITHRON_Macroinvertebrate_Identification_Revision1","fine organic",,,100.0,97.8,1,,"Rhithron Associates, Inc.","yZFSmq1jJzE=","jrNz6zwqS3Q=",,,,
