uid,domainID,siteID,namedLocation,decimalLatitude,decimalLongitude,coordinateUncertainty,geodeticDatum,elevation,elevationUncertainty,aquaticSiteType,collectDate,eventID,boutNumber,sampleID,sampleCode,sampleCondition,geneticSampleID,geneticSampleCode,geneticSampleCond,samplingProtocolVersion,samplingImpractical,biophysicalCriteria,habitatType,samplerType,sampleNumber,substratumSizeClass,benthicArea,ponarDepth,snagLength,snagDiameter,dnaSnagLength,dnaSnagDiameter,remarks,recordedBy,collectedBy,dataQF
"1e797a86-ccab-4bb2-80d8-a74d114259f5","D08","MAYF","MAYF.AOS.reach",32.960365,-87.407688,1000.0,"WGS84",76.7,1000.0,"stream","2020-07-13T14:48Z","MAYF.20200713",2,"MAYF.20200713.SNAG.1","A00000231252",,"MAYF.20200713.SNAG.1.DNA","A00000231253",,"NEON.DOC.003046vE",,"OK - no known exceptions","run","snag",1,"sand",0.065,,46.00,4.50,54.00,15.00,,"0000-0003-1334-3275","0000-0003-0236-373X",
"ba6ca664-6321-417f-b63b-41d03d5c8a79","D08","MAYF","MAYF.AOS.reach",32.960365,-87.407688,1000.0,"WGS84",76.7,1000.0,"stream","2020-07-13T14:48Z","MAYF.20200713",2,"MAYF.20200713.SNAG.5","A00000231259",,,,,"NEON.DOC.003046vE",,"OK - no known exceptions","run","snag",5,"sand",0.196,,78.00,8.00,,,,"0000-0003-1334-3275","0000-0003-0236-373X",
"b07f532f-059b-44eb-b249-753856d5dd09","D08","MAYF","MAYF.AOS.reach",32.960365,-87.407688,1000.0,"WGS84",76.7,1000.0,"stream","2020-07-13T14:48Z","MAYF.20200713",2,"MAYF.20200713.SNAG.3","A00000231257",,"MAYF.20200713.SNAG.3.DNA","A00000231256",,"NEON.DOC.003046vE",,"OK - no known exceptions","run","snag",3,"sand",0.139,,42.00,10.50,50.00,3.50,,"0000-0003-1334-3275","0000-0003-0236-373X",
"c577cf80-5221-4c99-949c-3b99e4f423b0","D08","MAYF","MAYF.AOS.reach",32.960365,-87.407688,1000.0,"WGS84",76.7,1000.0,"stream","2020-07-13T14:48Z","MAYF.20200713",2,"MAYF.20200713.SNAG.2","A00000231255",,"MAYF.20200713.SNAG.2.DNA","A00000231254",,"NEON.DOC.003046vE",,"OK - no known exceptions","run","snag",2,"sand",0.106,,45.00,7.50,40.00,11.00,,"0000-0003-1334-3275","0000-0003-0236-373X",
"1e80e11b-7cc4-4b60-81c9-060be6b658a7","D08","MAYF","MAYF.AOS.reach",32.960365,-87.407688,1000.0,"WGS84",76.7,1000.0,"stream","2020-07-13T14:48Z","MAYF.20200713",2,"MAYF.20200713.SNAG.4","A00000231258",,,,,"NEON.DOC.003046vE",,"OK - no known exceptions","run","snag",4,"sand",0.185,,59.00,10.00,,,,"0000-0003-1334-3275","0000-0003-0236-373X",
"a4aace12-b0a9-4ca9-8a33-fd998dd24b3f","D08","MAYF","MAYF.AOS.reach",32.960365,-87.407688,1000.0,"WGS84",76.7,1000.0,"stream","2020-07-13T14:48Z","MAYF.20200713",2,"MAYF.20200713.CORE.3","A00000231289",,,,,"NEON.DOC.003046vE",,"OK - no known exceptions","run","core",3,"sand",0.006,,,,,,,"0000-0003-1334-3275","0000-0003-0236-373X",
"7c559260-99a4-4188-93de-106db6c7d503","D08","MAYF","MAYF.AOS.reach",32.960365,-87.407688,1000.0,"WGS84",76.7,1000.0,"stream","2020-07-13T14:48Z","MAYF.20200713",2,"MAYF.20200713.CORE.1","A00000231260",,,,,"NEON.DOC.003046vE",,"OK - no known exceptions","run","core",1,"sand",0.006,,,,,,,"0000-0003-1334-3275","0000-0003-0236-373X",
"010f02be-7cf8-4514-ad64-ad027924a521","D08","MAYF","MAYF.AOS.reach",32.960365,-87.407688,1000.0,"WGS84",76.7,1000.0,"stream","2020-07-13T14:48Z","MAYF.20200713",2,"MAYF.20200713.CORE.2","A00000231288",,,,,"NEON.DOC.003046vE",,"OK - no known exceptions","run","core",2,"sand",0.006,,,,,,,"0000-0003-1334-3275","0000-0003-0236-373X",
