uid,domainID,siteID,namedLocation,decimalLatitude,decimalLongitude,coordinateUncertainty,geodeticDatum,elevation,elevationUncertainty,aquaticSiteType,collectDate,eventID,boutNumber,sampleID,sampleCode,sampleCondition,geneticSampleID,geneticSampleCode,geneticSampleCond,samplingProtocolVersion,samplingImpractical,biophysicalCriteria,habitatType,samplerType,sampleNumber,substratumSizeClass,benthicArea,ponarDepth,snagLength,snagDiameter,dnaSnagLength,dnaSnagDiameter,remarks,recordedBy,collectedBy,dataQF
"12ef8a98-1ecb-4d60-a3e3-19cef4525a7d","D08","MAYF","MAYF.AOS.reach",32.960365,-87.407688,1000.0,"WGS84",76.7,1000.0,"stream","2022-07-20T13:38Z","MAYF.20220720",2,"MAYF.20220720.SNAG.1","A00000236019","OK","MAYF.20220720.SNAG.1.DNA","A00000236025","OK","NEON.DOC.003046vF",,"OK - no known exceptions","riffle","snag",1,"sand",0.071,,50.00,4.50,46.00,4.50,,"0000-0002-4160-7656","0000-0002-4160-7656",
"08c63740-5210-47dd-8013-15888a1becc8","D08","MAYF","MAYF.AOS.reach",32.960365,-87.407688,1000.0,"WGS84",76.7,1000.0,"stream","2022-07-20T13:38Z","MAYF.20220720",2,"MAYF.20220720.SNAG.2","A00000236022","OK","MAYF.20220720.SNAG.2.DNA","A00000236026","OK","NEON.DOC.003046vF",,"OK - no known exceptions","riffle","snag",2,"sand",0.049,,45.00,3.50,32.00,2.50,,"0000-0002-4160-7656","0000-0002-4160-7656",
"965e49c8-84f9-41cc-8794-d8918df6eb4e","D08","MAYF","MAYF.AOS.reach",32.960365,-87.407688,1000.0,"WGS84",76.7,1000.0,"stream","2022-07-20T13:38Z","MAYF.20220720",2,"MAYF.20220720.SNAG.4","A00000236021","OK",,,,"NEON.DOC.003046vF",,"OK - no known exceptions","run","snag",4,"sand",0.045,,36.00,4.00,,,,"0000-0002-4160-7656","0000-0002-4160-7656",
"fbad65db-492b-4a2a-a374-ca7691c17128","D08","MAYF","MAYF.AOS.reach",32.960365,-87.407688,1000.0,"WGS84",76.7,1000.0,"stream","2022-07-20T13:38Z","MAYF.20220720",2,"MAYF.20220720.CORE.2","A00000236018","OK",,,,"NEON.DOC.003046vF",,"OK - no known exceptions","pool","core",2,"sand",0.006,,,,,,,"0000-0002-4160-7656","0000-0002-4160-7656",
"feec7953-23ff-45dd-be17-a8921b49f37d","D08","MAYF","MAYF.AOS.reach",32.960365,-87.407688,1000.0,"WGS84",76.7,1000.0,"stream","2022-07-20T13:38Z","MAYF.20220720",2,"MAYF.20220720.CORE.1","A00000236017","OK",,,,"NEON.DOC.003046vF",,"OK - no known exceptions","pool","core",1,"sand",0.006,,,,,,,"0000-0002-4160-7656","0000-0002-4160-7656",
"decb97ef-b644-4c2c-99d4-b2935785c0b4","D08","MAYF","MAYF.AOS.reach",32.960365,-87.407688,1000.0,"WGS84",76.7,1000.0,"stream","2022-07-20T13:38Z","MAYF.20220720",2,"MAYF.20220720.SNAG.5","A00000236024","OK",,,,"NEON.DOC.003046vF",,"OK - no known exceptions","run","snag",5,"sand",0.033,,52.50,2.00,,,,"0000-0002-4160-7656","0000-0002-4160-7656",
"be4ab2d3-1533-4cb8-964b-6f7f941b54e0","D08","MAYF","MAYF.AOS.reach",32.960365,-87.407688,1000.0,"WGS84",76.7,1000.0,"stream","2022-07-20T13:38Z","MAYF.20220720",2,"MAYF.20220720.CORE.3","A00000236023","OK",,,,"NEON.DOC.003046vF",,"OK - no known exceptions","pool","core",3,"sand",0.006,,,,,,,"0000-0002-4160-7656","0000-0002-4160-7656",
"6b6ff501-532c-4dba-9e15-e4742acf868e","D08","MAYF","MAYF.AOS.reach",32.960365,-87.407688,1000.0,"WGS84",76.7,1000.0,"stream","2022-07-20T13:38Z","MAYF.20220720",2,"MAYF.20220720.SNAG.3","A00000236020","OK","MAYF.20220720.SNAG.3.DNA","A00000236011","OK","NEON.DOC.003046vF",,"OK - no known exceptions","riffle","snag",3,"sand",0.054,,49.00,3.50,50.00,3.50,,"0000-0002-4160-7656","0000-0002-4160-7656",
