uid,domainID,siteID,namedLocation,decimalLatitude,decimalLongitude,coordinateUncertainty,geodeticDatum,elevation,elevationUncertainty,aquaticSiteType,collectDate,eventID,boutNumber,sampleID,sampleCode,sampleCondition,geneticSampleID,geneticSampleCode,geneticSampleCond,samplingProtocolVersion,samplingImpractical,biophysicalCriteria,habitatType,samplerType,sampleNumber,substratumSizeClass,benthicArea,ponarDepth,snagLength,snagDiameter,dnaSnagLength,dnaSnagDiameter,remarks,recordedBy,collectedBy,dataQF
"5efe17ee-2b69-4f33-8f90-e7a01e68539a","D18","OKSR","OKSR.AOS.reach",68.669753,-149.143018,1000.0,"WGS84",766.0,1000.0,"stream","2017-07-19T19:44Z","OKSR.20170719",2,,,,,,,"NEON.DOC.003046vA","other",,"run",,,,,,,,,,"OKSR.20170719.KICKNET.8 not collected due to weather and rising water","sparker@battelleecology.org",,"legacyData"
"ecdcf243-973a-4261-b62e-c43e1b0d82fc","D18","OKSR","OKSR.AOS.reach",68.669753,-149.143018,1000.0,"WGS84",766.0,1000.0,"stream","2017-07-19T19:44Z","OKSR.20170719",2,"OKSR.20170719.KICKNET.5",,,,,,"NEON.DOC.003046vA",,,"run","modifiedKicknet",5,"cobble",0.250,,,,,,,"Hmasters@battelleecology.org","Jmorella@battelleecology.org",
"34cf9f09-f792-4e5f-a16f-4ccd9843b6fd","D18","OKSR","OKSR.AOS.reach",68.669753,-149.143018,1000.0,"WGS84",766.0,1000.0,"stream","2017-07-19T19:44Z","OKSR.20170719",2,"OKSR.20170719.KICKNET.1",,,,,,"NEON.DOC.003046vA",,,"run","modifiedKicknet",1,"cobble",0.250,,,,,,,"Hmasters@battelleecology.org","Jmorella@battelleecology.org",
"65623f45-3271-454b-9e78-bc424fce78b4","D18","OKSR","OKSR.AOS.reach",68.669753,-149.143018,1000.0,"WGS84",766.0,1000.0,"stream","2017-07-19T19:44Z","OKSR.20170719",2,"OKSR.20170719.KICKNET.7",,,,,,"NEON.DOC.003046vA",,,"run","modifiedKicknet",7,"cobble",0.250,,,,,,,"Hmasters@battelleecology.org","Jmorella@battelleecology.org",
"fbdceced-4d4d-443a-837b-4e5677b137d9","D18","OKSR","OKSR.AOS.reach",68.669753,-149.143018,1000.0,"WGS84",766.0,1000.0,"stream","2017-07-19T19:44Z","OKSR.20170719",2,"OKSR.20170719.SURBER.4",,,,,,"NEON.DOC.003046vA",,,"riffle","surber",4,"cobble",0.093,,,,,,,"Hmasters@battelleecology.org","Jmorella@battelleecology.org",
"2290ae26-b714-4e48-9574-3246d354c10b","D18","OKSR","OKSR.AOS.reach",68.669753,-149.143018,1000.0,"WGS84",766.0,1000.0,"stream","2017-07-19T19:44Z","OKSR.20170719",2,"OKSR.20170719.SURBER.2",,,,,,"NEON.DOC.003046vA",,,"riffle","surber",2,"cobble",0.093,,,,,,,"Hmasters@battelleecology.org","Jmorella@battelleecology.org",
"2526be4f-159a-42a8-985a-fef0f586b967","D18","OKSR","OKSR.AOS.reach",68.669753,-149.143018,1000.0,"WGS84",766.0,1000.0,"stream","2017-07-19T19:44Z","OKSR.20170719",2,"OKSR.20170719.KICKNET.3",,,,,,"NEON.DOC.003046vA",,,"run","modifiedKicknet",3,"cobble",0.250,,,,,,,"Hmasters@battelleecology.org","Jmorella@battelleecology.org",
"f0c0aa62-a824-44c8-b506-f081546dc842","D18","OKSR","OKSR.AOS.reach",68.669753,-149.143018,1000.0,"WGS84",766.0,1000.0,"stream","2017-07-19T19:44Z","OKSR.20170719",2,"OKSR.20170719.SURBER.6",,,,,,"NEON.DOC.003046vA",,,"riffle","surber",6,"cobble",0.093,,,,,,,"Hmasters@battelleecology.org","Jmorella@battelleecology.org",
