uid,domainID,siteID,namedLocation,collectDate,sortDate,qcSortDate,sampleID,sampleCode,mixedInvertVialID,mixedInvertVialCode,chironomidVialID,chironomidVialCode,oligochaeteVialID,oligochaeteVialCode,largeInvertVialID,largeInvertVialCode,testProtocolVersion,primaryMatrix,preRinseVolume,postRinseVolume,subsamplePercent,qcSortingEfficacy,qcIterationCount,qcPercentSimilarity,laboratoryName,sortedBy,qcSortedBy,benchRemarks,dataQF,qcEnumerationDifference,qcTaxonomicDifference
"ef8b3816-a66b-4bb7-866f-e63ab4a7a105","D18","OKSR","OKSR.AOS.reach","2017-07-19T19:44Z","2018-01-04","2018-01-04","OKSR.20170719.SURBER.4",,"OKSR.20170719.SURBER.4",,,,,,,,"ECOANALYSTS_Macroinvertebrate_Identification_Revision4","fine organic",,,100.0,100.0,1,,"EcoAnalysts Inc.","pOEkMiK23Js6oQ5QN8ELrQ==","BiR1PG3qYHnG+SNIMM2WVA==",,,,
"2903ce81-849f-4fb7-9a17-f63adce2973b","D18","OKSR","OKSR.AOS.reach","2017-07-19T19:44Z","2018-01-04","2018-01-04","OKSR.20170719.SURBER.6",,"OKSR.20170719.SURBER.6",,,,,,,,"ECOANALYSTS_Macroinvertebrate_Identification_Revision4","fine organic",,,17.6,100.0,1,,"EcoAnalysts Inc.","pOEkMiK23Js6oQ5QN8ELrQ==","vKmhVFWTDWQ=",,,,
"91124b01-0f00-4fb8-86d8-d5549bfa0a1b","D18","OKSR","OKSR.AOS.reach","2017-07-19T19:44Z","2018-01-04","2018-01-04","OKSR.20170719.KICKNET.5",,"OKSR.20170719.KICKNET.5",,,,,,,,"ECOANALYSTS_Macroinvertebrate_Identification_Revision4","coarse organic",,,100.0,98.7,1,,"EcoAnalysts Inc.","FDBFIfBktdl+XmYpYZQBzg==","vKmhVFWTDWQ=",".025L washed out at setup",,,
"4d46f803-6998-4351-a5cf-c095fd437003","D18","OKSR","OKSR.AOS.reach","2017-07-19T19:44Z","2018-01-03","2018-01-04","OKSR.20170719.SURBER.2",,"OKSR.20170719.SURBER.2",,,,,,,,"ECOANALYSTS_Macroinvertebrate_Identification_Revision4","fine organic",,,62.5,99.4,1,,"EcoAnalysts Inc.","nvO9dEMKYf3II1WEm9Fr0w==","BiR1PG3qYHnG+SNIMM2WVA==",,,,
"a3450598-a588-4c89-8d26-9dde4313934f","D18","OKSR","OKSR.AOS.reach","2017-07-19T19:44Z","2018-01-03","2018-01-04","OKSR.20170719.KICKNET.3",,"OKSR.20170719.KICKNET.3",,,,,,,,"ECOANALYSTS_Macroinvertebrate_Identification_Revision4","fine organic",,,100.0,98.8,1,,"EcoAnalysts Inc.","nvO9dEMKYf3II1WEm9Fr0w==","BiR1PG3qYHnG+SNIMM2WVA==",,,,
"53cd2969-3426-4139-8812-8970cfe644e1","D18","OKSR","OKSR.AOS.reach","2017-07-19T19:44Z","2018-01-04","2018-01-04","OKSR.20170719.KICKNET.1",,"OKSR.20170719.KICKNET.1",,,,,,,,"ECOANALYSTS_Macroinvertebrate_Identification_Revision4","other (specified in remarks)",,,62.5,97.8,1,,"EcoAnalysts Inc.","FDBFIfBktdl+XmYpYZQBzg==","BiR1PG3qYHnG+SNIMM2WVA==","Primary Matrix is Bugs; .005L washed out at setup",,,
"e93972c8-812a-425d-9645-dcd7d97eca49","D18","OKSR","OKSR.AOS.reach","2017-07-19T19:44Z","2018-01-05","2018-01-08","OKSR.20170719.KICKNET.7",,"OKSR.20170719.KICKNET.7",,,,,,,,"ECOANALYSTS_Macroinvertebrate_Identification_Revision4","fine organic",,,100.0,98.9,1,,"EcoAnalysts Inc.","pOEkMiK23Js6oQ5QN8ELrQ==","BiR1PG3qYHnG+SNIMM2WVA==",,,,
