uid,domainID,siteID,namedLocation,startDate,collectDate,sampleID,sampleCode,slideID,slideCode,scientificName,morphospeciesID,referenceCount,referenceID,referenceCode,archiveLabSampleMedium,laboratoryName,dataQF
"dbe2756e-bc33-480d-9a79-3426ed4353cc","D18","OKSR","OKSR.AOS.reach","2017-07-19T19:44Z","2017-07-19T19:44Z","OKSR.20170719.KICKNET.7",,,,"Baetis sp.",,2,"OKSR.20170719.KICKNET.7.BAETIS SP.",,,"EcoAnalysts Inc.",
"6c0de5d4-5a3d-46ce-9b63-6ccdc6ef7ebd","D18","OKSR","OKSR.AOS.reach","2017-07-19T19:44Z","2017-07-19T19:44Z","OKSR.20170719.SURBER.2",,,,"Simuliidae sp.",,2,"OKSR.20170719.SURBER.2.SIMULIIDAE SP.",,,"EcoAnalysts Inc.",
"68cf4dfb-d11a-471e-9bd5-d5219bb95747","D18","OKSR","OKSR.AOS.reach","2017-07-19T19:44Z","2017-07-19T19:44Z","OKSR.20170719.SURBER.2",,,,"Helodon sp.",,3,"OKSR.20170719.SURBER.2.HELODON SP.",,,"EcoAnalysts Inc.",
"58f85691-e20b-4c6a-a252-78e89f6f7838","D18","OKSR","OKSR.AOS.reach","2017-07-19T19:44Z","2017-07-19T19:44Z","OKSR.20170719.SURBER.2",,,,"Capniidae sp.",,3,"OKSR.20170719.SURBER.2.CAPNIIDAE SP.",,,"EcoAnalysts Inc.",
"c8f064b9-6288-4630-993e-ea7f11b25a74","D18","OKSR","OKSR.AOS.reach","2017-07-19T19:44Z","2017-07-19T19:44Z","OKSR.20170719.SURBER.2",,,,"Simulium sp.",,3,"OKSR.20170719.SURBER.2.SIMULIUM SP.",,,"EcoAnalysts Inc.",
"a6efa30d-9f5a-4249-9903-6368997ec05b","D18","OKSR","OKSR.AOS.reach","2017-07-19T19:44Z","2017-07-19T19:44Z","OKSR.20170719.KICKNET.7",,,,"Acentrella sp.",,1,"OKSR.20170719.KICKNET.7.ACENTRELLA SP.",,,"EcoAnalysts Inc.",
"f0272691-46a4-49da-907c-dca331be3887","D18","OKSR","OKSR.AOS.reach","2017-07-19T19:44Z","2017-07-19T19:44Z","OKSR.20170719.KICKNET.5",,,,"Dicosmoecus obscuripennis",,1,"OKSR.20170719.KICKNET.5.DICOSMOECUS OBSCURIPENNIS",,,"EcoAnalysts Inc.",
"c18c71f9-a6ae-463c-97ca-16cd3cbc8564","D18","OKSR","OKSR.AOS.reach","2017-07-19T19:44Z","2017-07-19T19:44Z","OKSR.20170719.KICKNET.5",,,,"Tanytarsini sp.",,1,"OKSR.20170719.KICKNET.5.TANYTARSINI SP.",,,"EcoAnalysts Inc.",
"c21dd2db-b4e8-4651-94fc-4197452b6bb7","D18","OKSR","OKSR.AOS.reach","2017-07-19T19:44Z","2017-07-19T19:44Z","OKSR.20170719.SURBER.2",,,,"Acentrella lapponica",,3,"OKSR.20170719.SURBER.2.ACENTRELLA LAPPONICA",,,"EcoAnalysts Inc.",
"64e99531-659a-479f-b823-348d12b68632","D18","OKSR","OKSR.AOS.reach","2017-07-19T19:44Z","2017-07-19T19:44Z","OKSR.20170719.SURBER.2",,,,"Helodon/Prosimulium sp.",,3,"OKSR.20170719.SURBER.2.HELODON/PROSIMULIUM SP.",,,"EcoAnalysts Inc.",
"ba55c534-c88c-4919-af43-5e6af51ac6d6","D18","OKSR","OKSR.AOS.reach","2017-07-19T19:44Z","2017-07-19T19:44Z","OKSR.20170719.KICKNET.1",,,,"Rhyacophila sp.",,1,"OKSR.20170719.KICKNET.1.RHYACOPHILA SP.",,,"EcoAnalysts Inc.",
"799186de-92af-4dd2-a1ad-7521719caf99","D18","OKSR","OKSR.AOS.reach","2017-07-19T19:44Z","2017-07-19T19:44Z","OKSR.20170719.SURBER.6",,,,"Helodon/Prosimulium sp.",,1,"OKSR.20170719.SURBER.6.HELODON/PROSIMULIUM SP.",,,"EcoAnalysts Inc.",
"dd5a10d5-647d-400d-8372-82c7a603fe0e","D18","OKSR","OKSR.AOS.reach","2017-07-19T19:44Z","2017-07-19T19:44Z","OKSR.20170719.SURBER.2",,,,"Heptageniidae sp.",,1,"OKSR.20170719.SURBER.2.HEPTAGENIIDAE SP.",,,"EcoAnalysts Inc.",
"98c3d6eb-7864-4780-81f3-80ce340ccf13","D18","OKSR","OKSR.AOS.reach","2017-07-19T19:44Z","2017-07-19T19:44Z","OKSR.20170719.SURBER.4",,,,"Cardiocladius sp.",,3,"OKSR.20170719.SURBER.4.CARDIOCLADIUS SP.",,,"EcoAnalysts Inc.",
"8b8d3387-2d41-4c0b-9466-f620ae437af5","D18","OKSR","OKSR.AOS.reach","2017-07-19T19:44Z","2017-07-19T19:44Z","OKSR.20170719.SURBER.2",,,,"Baetidae sp.",,5,"OKSR.20170719.SURBER.2.BAETIDAE SP.",,,"EcoAnalysts Inc.",
"addee74a-06eb-4ad8-8ac9-5ae3eb0f263a","D18","OKSR","OKSR.AOS.reach","2017-07-19T19:44Z","2017-07-19T19:44Z","OKSR.20170719.SURBER.2",,,,"Agraylea sp.",,1,"OKSR.20170719.SURBER.2.AGRAYLEA SP.",,,"EcoAnalysts Inc.",
"5cea3087-3992-4430-8556-c827bc7e62a8","D18","OKSR","OKSR.AOS.reach","2017-07-19T19:44Z","2017-07-19T19:44Z","OKSR.20170719.KICKNET.1",,,,"Baetis sp.",,2,"OKSR.20170719.KICKNET.1.BAETIS SP.",,,"EcoAnalysts Inc.",
"d1c4d326-0dbc-40c9-9ffb-b40c9b728cb6","D18","OKSR","OKSR.AOS.reach","2017-07-19T19:44Z","2017-07-19T19:44Z","OKSR.20170719.KICKNET.3",,,,"Nanocladius sp.",,1,"OKSR.20170719.KICKNET.3.NANOCLADIUS SP.",,,"EcoAnalysts Inc.",
"91290b86-0c61-4325-b396-54edff1def38","D18","OKSR","OKSR.AOS.reach","2017-07-19T19:44Z","2017-07-19T19:44Z","OKSR.20170719.SURBER.6",,,,"Eukiefferiella coerulescens gr.",,1,"OKSR.20170719.SURBER.6.EUKIEFFERIELLA COERULESCENS GR.",,,"EcoAnalysts Inc.",
"b9a555f6-f27c-4cda-b09e-0c71a40dda37","D18","OKSR","OKSR.AOS.reach","2017-07-19T19:44Z","2017-07-19T19:44Z","OKSR.20170719.KICKNET.1",,,,"Cinygmula sp.",,2,"OKSR.20170719.KICKNET.1.CINYGMULA SP.",,,"EcoAnalysts Inc.",
"b6112dcb-0d92-4eaa-a5a3-1a21a8650dbd","D18","OKSR","OKSR.AOS.reach","2017-07-19T19:44Z","2017-07-19T19:44Z","OKSR.20170719.SURBER.2",,,,"Dicranota sp.",,1,"OKSR.20170719.SURBER.2.DICRANOTA SP.",,,"EcoAnalysts Inc.",
