uid,domainID,siteID,namedLocation,decimalLatitude,decimalLongitude,coordinateUncertainty,geodeticDatum,elevation,elevationUncertainty,aquaticSiteType,collectDate,eventID,boutNumber,sampleID,sampleCode,sampleCondition,geneticSampleID,geneticSampleCode,geneticSampleCond,samplingProtocolVersion,samplingImpractical,biophysicalCriteria,habitatType,samplerType,sampleNumber,substratumSizeClass,benthicArea,ponarDepth,snagLength,snagDiameter,dnaSnagLength,dnaSnagDiameter,remarks,recordedBy,collectedBy,dataQF
"572535a9-414d-4700-b821-7a678957d99b","D17","BIGC","BIGC.AOS.reach",37.059719,-119.257549,1000.0,"WGS84",1197.0,1000.0,"stream","2020-07-14T14:00Z","BIGC.20200714",2,,,,,,,"NEON.DOC.003046vE","logistical","unknown - logistical","run",,1,,,,,,,,"COVID19","0000-0001-7332-328X",,
"3e4c567a-ead8-4431-bd75-e3c3c476d29e","D17","BIGC","BIGC.AOS.reach",37.059719,-119.257549,1000.0,"WGS84",1197.0,1000.0,"stream","2020-07-14T14:00Z","BIGC.20200714",2,,,,,,,"NEON.DOC.003046vE","logistical","unknown - logistical","run",,4,,,,,,,,"COVID19","0000-0001-7332-328X",,
"13064db6-3f23-4317-857b-b5fe41c4a0f6","D17","BIGC","BIGC.AOS.reach",37.059719,-119.257549,1000.0,"WGS84",1197.0,1000.0,"stream","2020-07-14T14:00Z","BIGC.20200714",2,,,,,,,"NEON.DOC.003046vE","logistical","unknown - logistical","run",,2,,,,,,,,"COVID19","0000-0001-7332-328X",,
"1dafc37c-abe7-48dd-b194-812b71a6b1e3","D17","BIGC","BIGC.AOS.reach",37.059719,-119.257549,1000.0,"WGS84",1197.0,1000.0,"stream","2020-07-14T14:00Z","BIGC.20200714",2,,,,,,,"NEON.DOC.003046vE","logistical","unknown - logistical","riffle",,7,,,,,,,,"COVID19","0000-0001-7332-328X",,
"ec1193b1-17c6-407f-8b2a-bcf763b6b26e","D17","BIGC","BIGC.AOS.reach",37.059719,-119.257549,1000.0,"WGS84",1197.0,1000.0,"stream","2020-07-14T14:00Z","BIGC.20200714",2,,,,,,,"NEON.DOC.003046vE","logistical","unknown - logistical","run",,3,,,,,,,,"COVID19","0000-0001-7332-328X",,
"a2437c9b-86e6-43ca-9c5a-6bb3435d6740","D17","BIGC","BIGC.AOS.reach",37.059719,-119.257549,1000.0,"WGS84",1197.0,1000.0,"stream","2020-07-14T14:00Z","BIGC.20200714",2,,,,,,,"NEON.DOC.003046vE","logistical","unknown - logistical","run",,5,,,,,,,,"COVID19","0000-0001-7332-328X",,
"5eef0a7d-70e8-42ba-b333-0e617ed06d7d","D17","BIGC","BIGC.AOS.reach",37.059719,-119.257549,1000.0,"WGS84",1197.0,1000.0,"stream","2020-07-14T14:00Z","BIGC.20200714",2,,,,,,,"NEON.DOC.003046vE","logistical","unknown - logistical","riffle",,6,,,,,,,,"COVID19","0000-0001-7332-328X",,
"a956eaf1-6e6a-4bbb-baaa-1cb84f85d1f1","D17","BIGC","BIGC.AOS.reach",37.059719,-119.257549,1000.0,"WGS84",1197.0,1000.0,"stream","2020-07-14T14:00Z","BIGC.20200714",2,,,,,,,"NEON.DOC.003046vE","logistical","unknown - logistical","riffle",,8,,,,,,,,"COVID19","0000-0001-7332-328X",,
